Workbook

Sheet 0_안내
A1: 수출입 실적 통합 분석 (2024.01 ~ 2026.07, 31개월) — 월별 분해판
A2: 업로드하신 5개 원본 파일을 한 파일로 모으고, 원본은 수정하지 않은 채 분석 시트를 추가했습니다. 모든 증감 분석은 1~7월 누계가 아니라 각 달을 전년 동월과 비교하는 방식입니다.
A4: 시트 구성
A5: 시트 | B5: 내용 | C5: 비고
A6: 수출입 총괄 외 4개 | B6: 원본 5개 시트 (총괄·품목별·성질별 수출·성질별 수입·신성질별) | C6: 원본 · 수정 없음
A7: 데이터_○○ 5개 | B7: 텍스트 숫자를 VALUE 수식으로 숫자화 + 연도·월·분기 파생 | C7: 전부 수식 · 직접 입력 금지
A8: 분석1_정합성검증 | B8: 총계 vs 합계, 시트 간 교차, 월별 항등식 검증
A9: 분석2_월별추이 | B9: 31개월 추이 · MoM · YoY · 일평균 · 단가 · 12개월 이동합
A10: 분석3_MoM·QoQ·YoY | B10: 월별 MoM/YoY, 분기별 QoQ/YoY, 연도별 비교
A11: 분석4_연도별계절비교 | B11: 1~12월 × 2024/2025/2026 매트릭스 17종 | C11: 오버레이 그래프 원본
A12: 분석4B_월별매트릭스 | B12: HS 97류·부문·성질별 전 항목의 31개월 월별 값 | C12: ★ 월별 분석의 원천
A13: 분석5_반도체vs비반도체 | B13: 월별 금액·YoY·기여도·우위 판정 (정의 3종) | C13: ★ 월별 분해
A14: 분석6_HS부문별 | B14: 21개 부문의 월별 YoY·월별 증감액 + 구성 류 | C14: ★ 월별 분해
A15: 분석7_HS류별상세 | B15: 97개 류의 월별 YoY 7열·월별 증감액 7열 + 자동 해석 | C15: ★ 월별 분해
A16: 분석8_성질별심층 | B16: 성질별 수출·수입, 신성질별의 월별 YoY | C16: ★ 월별 분해
A17: 분석9_물량·가격분해 | B17: 19개 달을 각각 3효과로 분해 + 피셔 지수 | C17: ★ 월별 분해
A18: 분석10_그래프_연도오버레이 | B18: 1~12월 축에 3개 연도를 겹친 그래프 17종
A19: 분석11_그래프_구조분석 | B19: 월별 증감액 분해·반도체·부문·분기 그래프 10종
A20: 분석12_해설 | B20: 월별로 본 해석 · 사용법 · 한계 | C20: 먼저 읽으시면 좋습니다
A21: 분석13_월별변화요약 | B21: 한 행이 한 달 — 그 달의 증감 주도 품목 상위 3개와 몫 | C21: ★ 신규
A23: 이번 판에서 달라진 점
A24: ① 모든 증감 분석을 1~7월 누계에서 월별 비교로 전환 (분석5·6·7·8·9)
A25: ② 분석4B_월별매트릭스 신설 — HS 97류·21개 부문·성질별 전 항목의 31개월 값을 한 곳에 계산
A26: ③ 분석13_월별변화요약 신설 — 한 행이 한 달, 그 달의 증가·감소 상위 3개 품목과 반도체/비반도체 몫
A27: ④ 분석7에 2026년 7개월의 월별 YoY·월별 증감액 열 추가, 해석 문장에 "몇 개월 증가·최대/최소는 몇 월" 자동 반영
A28: ⑤ 분석9를 19개 달 각각의 3효과 분해로 전환, 분석11에 월별 증감액 분해 그래프 추가
A29: ⑥ 누계 수치는 삭제하지 않고 각 시트 뒤쪽에 참고용으로 유지
A31: ※ 모든 분석 셀은 원본을 참조하는 수식입니다. 원본에 다음 달 데이터를 추가하고 정제 시트·분석4B의 범위를 늘리면 분석 전체가 갱신됩니다.

Sheet 수출입 총괄
A1: 수출입 총괄
A3: 검색조건 조회기간: 202401 ~ 202607 , 통계기준: 수리일, 중량단위: 톤
I4: 단위:건, 톤(TON), 천 달러
A5: 기간 | B5: 조업일수 | C5: 수출 건수 | D5: 수출 중량 | E5: 수출 금액 | F5: 수입 건수 | G5: 수입중량 | H5: 수입금액 | I5: 무역수지
A6: 총계 | B6: 695.5 | C6: 34,342,880 | D6: 505,655,916.9 | E6: 1,988,002,368 | F6: 141,143,449 | G6: 1,414,626,020.9 | H6: 1,690,965,721 | I6: 297,036,647
A7: 2024.01 | B7: 24.0 | C7: 1,035,551 | D7: 17,105,790.7 | E7: 54,709,823 | F7: 4,276,442 | G7: 51,377,769.3 | H7: 54,474,611 | I7: 235,213
A8: 2024.02 | B8: 20.5 | C8: 906,528 | D8: 15,678,985.8 | E8: 52,076,390 | F8: 3,659,530 | G8: 45,689,883.8 | H8: 48,221,860 | I8: 3,854,529
A9: 2024.03 | B9: 22.5 | C9: 1,018,882 | D9: 16,805,631.5 | E9: 56,518,309 | F9: 4,614,926 | G9: 44,316,660.0 | H9: 52,112,905 | I9: 4,405,404
A10: 2024.04 | B10: 23.0 | C10: 1,012,749 | D10: 16,491,489.3 | E10: 56,148,299 | F10: 4,396,142 | G10: 47,615,984.8 | H10: 54,821,181 | I10: 1,327,118
A11: 2024.05 | B11: 22.0 | C11: 1,038,452 | D11: 16,793,798.4 | E11: 58,020,557 | F11: 4,430,186 | G11: 45,880,287.0 | H11: 53,132,937 | I11: 4,887,620
A12: 2024.06 | B12: 21.5 | C12: 1,015,654 | D12: 14,641,434.6 | E12: 57,341,634 | F12: 4,008,321 | G12: 42,701,364.6 | H12: 49,090,193 | I12: 8,251,441
A13: 2024.07 | B13: 25.0 | C13: 1,111,979 | D13: 16,697,113.3 | E13: 57,458,788 | F13: 4,361,845 | G13: 45,267,798.7 | H13: 53,838,742 | I13: 3,620,046
A14: 2024.08 | B14: 23.5 | C14: 971,248 | D14: 17,070,040.9 | E14: 57,642,924 | F14: 4,219,404 | G14: 49,665,340.4 | H14: 54,054,894 | I14: 3,588,030
A15: 2024.09 | B15: 20.0 | C15: 1,151,289 | D15: 16,449,775.4 | E15: 58,544,693 | F15: 4,244,016 | G15: 44,145,421.6 | H15: 52,102,925 | I15: 6,441,768
A16: 2024.10 | B16: 22.0 | C16: 1,020,830 | D16: 15,994,863.5 | E16: 57,500,192 | F16: 4,672,638 | G16: 47,452,574.1 | H16: 54,331,589 | I16: 3,168,604
... A37: 2026.07 | B37: 24.0 | C37: 1,111,934 | D37: 17,660,680.7 | E37: 98,959,099 | F37: 5,158,848 | G37: 51,144,176.2 | H37: 68,567,473 | I37: 30,391,625

Sheet 수출입 실적(품목별)
A1: 수출입 실적(품목별)
A3: 검색조건 통계항목 : 품목별, 품목명 : 전체, 하위품목 유무 : 무, 조회기간 : 202401 ~ 202607 , 통계기준 : 수리일, 중량단위 : 톤
H4: 단위:톤(TON), 천 달러
A5: 기간 | B5: HS코드 | C5: 품목명 | D5: 수출 중량 | E5: 수출 금액 | F5: 수입 중량 | G5: 수입 금액 | H5: 무역수지
A6: 총계 | D6: 504,808,074.9 | E6: 1,987,154,630 | F6: 1,413,063,376.6 | G6: 1,690,339,715 | H6: 296,814,915
A7: 2024.01 | B7: 01 | C7: 살아 있는 동물 | D7: 1.9 | E7: 697 | F7: 78.1 | G7: 5,631 | H7: -4,934
A8: 2024.01 | B8: 02 | C8: 육과 식용 설육(屑肉) | D8: 3,806.5 | E8: 5,389 | F8: 154,357.2 | G8: 823,919 | H8: -818,530
A9: 2024.01 | B9: 03 | C9: 어류ㆍ갑각류ㆍ연체동물과 그 밖의 수생(水生) 무척추동물 | D9: 45,908.2 | E9: 128,716 | F9: 119,002.6 | G9: 424,949 | H9: -296,232
A10: 2024.01 | B10: 04 | C10: 낙농품, 새의 알, 천연꿀, 다른 류로 분류되지 않은 식용인 동물성 생산품 | D10: 2,995.9 | E10: 7,500 | F10: 23,072.3 | G10: 93,645 | H10: -86,145
A11: 2024.01 | B11: 05 | C11: 다른 류로 분류되지 않은 동물성 생산품 | D11: 1,211.7 | E11: 3,306 | F11: 5,691.0 | G11: 28,749 | H11: -25,443
A12: 2024.01 | B12: 06 | C12: 살아 있는 수목과 그 밖의 식물, 인경(鱗莖)ㆍ뿌리와 이와 유사한 물품, 절화(切花)와 장식용 잎 | D12: 67.8 | E12: 856 | F12: 8,667.7 | G12: 15,350 | H12: -14,494
A13: 2024.01 | B13: 07 | C13: 식용의 채소ㆍ뿌리ㆍ괴경(塊莖) | D13: 5,191.9 | E13: 10,899 | F13: 103,820.8 | G13: 86,850 | H13: -75,951
A14: 2024.01 | B14: 08 | C14: 식용의 과실과 견과류, 감귤류ㆍ멜론의 껍질 | D14: 2,972.4 | E14: 26,827 | F14: 67,690.2 | G14: 159,724 | H14: -132,897
A15: 2024.01 | B15: 09 | C15: 커피ㆍ차ㆍ마테(maté)ㆍ향신료 | D15: 385.0 | E15: 3,239 | F15: 21,378.1 | G15: 103,751 | H15: -100,511
A16: 2024.01 | B16: 10 | C16: 곡물 | D16: 358.6 | E16: 918 | F16: 1,451,151.7 | G16: 450,755 | H16: -449,837
A17: 2024.01 | B17: 11 | C17: 제분공업의 생산품과 맥아, 전분, 이눌린(inulin), 밀의 글루텐(gluten) | D17: 5,794.3 | E17: 4,158 | F17: 31,887.3 | G17: 28,615 | H17: -24,457
A18: 2024.01 | B18: 12 | C18: 채유(採油)에 적합한 종자와 과실, 각종 종자와 과실, 공업용ㆍ의약용 식물, 짚과 사료용 식물 | D18: 2,659.8 | E18: 46,869 | F18: 265,704.5 | G18: 164,119 | H18: -117,250
... A2988: 2026.07 | B2988: 97 | C2988: 예술품ㆍ수집품ㆍ골동품 | D2988: 17.6 | E2988: 15,110 | F2988: 37.5 | G2988: 20,791 | H2988: -5,681

Sheet 수출입 실적(성질별_수출)
A1: 수출입 실적(성질별)
A3: 검색조건 통계항목 : 성질별, 성질명 : 수출, 전체, 세부성질 유무 : 무, 조회기간 : 202401 ~ 202607 , 통계기준 : 수리일, 중량단위 : 톤
E4: 단위:톤(TON), 천 달러
A5: 기간 | B5: 수출입구분 | C5: 성질명 | D5: 중량 | E5: 금액
A6: 총계 | D6: 505,655,916.9 | E6: 1,988,002,368
A7: 2024.01 | B7: 수출 | C7: 1. 식료 및 직접소비재 | D7: 300,432.1 | E7: 861,851
A8: 2024.01 | B8: 수출 | C8: 2. 원료 및 연료 | D8: 6,905,534.8 | E8: 5,596,612
A9: 2024.01 | B9: 수출 | C9: 3. 경공업품 | D9: 831,132.2 | E9: 2,738,143
A10: 2024.01 | B10: 수출 | C10: 가. 섬유원료 | D10: 63,223.8 | E10: 94,714
A11: 2024.01 | B11: 수출 | C11: 나. 섬유사 | D11: 21,325.1 | E11: 72,562
A12: 2024.01 | B12: 수출 | C12: 다. 직 물 | D12: 30,569.4 | E12: 292,221
A13: 2024.01 | B13: 수출 | C13: 라. 기타 섬유제품 | D13: 21,795.8 | E13: 183,169
A14: 2024.01 | B14: 수출 | C14: 마. 의 류 | D14: 5,866.4 | E14: 166,152
A15: 2024.01 | B15: 수출 | C15: 바. 목제품 | D15: 17,007.4 | E15: 94,566
A16: 2024.01 | B16: 수출 | C16: 사. 가죽, 고무 및 신발류 | D16: 76,231.1 | E16: 432,552
A17: 2024.01 | B17: 수출 | C17: 아. 귀금속 및 보석류 | D17: 323.0 | E17: 196,258
A18: 2024.01 | B18: 수출 | C18: 자. 기타 비금속 광물제품 | D18: 225,540.0 | E18: 220,807
... A657: 2026.07 | B657: 수출 | C657: 바. 기 타 | D657: 89,360.5 | E657: 2,725,433

Sheet 수출입 실적(성질별_수입)
A1: 수출입 실적(성질별)
A3: 검색조건 통계항목 : 성질별, 성질명 : 수입, 전체, 세부성질 유무 : 무, 조회기간 : 202401 ~ 202607 , 통계기준 : 수리일, 중량단위 : 톤
E4: 단위:톤(TON), 천 달러
A5: 기간 | B5: 수출입구분 | C5: 성질명 | D5: 중량 | E5: 금액
A6: 총계 | D6: 1,414,626,020.9 | E6: 1,690,965,721
A7: 2024.01 | B7: 수입 | C7: 1. 소비재 | D7: 3,564,536.2 | E7: 8,746,306
A8: 2024.01 | B8: 수입 | C8: 가. 곡물 | D8: 2,354,636.0 | E8: 832,333
A9: 2024.01 | B9: 수입 | C9: 나. 직접소비재 | D9: 808,352.3 | E9: 2,556,100
A10: 2024.01 | B10: 수입 | C10: 다. 내구소비재 | D10: 268,971.7 | E10: 3,142,554
A11: 2024.01 | B11: 수입 | C11: 라. 비내구 소비재 | D11: 132,080.3 | E11: 2,215,318
A12: 2024.01 | B12: 수입 | C12: 마. 간이세율 적용분 | D12: 495.8 | E12: 0
A13: 2024.01 | B13: 수입 | C13: 2. 원자재 | D13: 47,322,977.6 | E13: 28,106,321
A14: 2024.01 | B14: 수입 | C14: 가. 연 료 | D14: 32,841,379.5 | E14: 15,672,843
A15: 2024.01 | B15: 수입 | C15: 나. 광 물 | D15: 8,377,454.4 | E15: 2,296,169
A16: 2024.01 | B16: 수입 | C16: 다. 경공업 원료 | D16: 1,365,869.8 | E16: 593,012
A17: 2024.01 | B17: 수입 | C17: 라. 유 지 | D17: 99,230.2 | E17: 123,085
A18: 2024.01 | B18: 수입 | C18: 마. 섬유류 | D18: 105,176.4 | E18: 317,721
... A631: 2026.07 | B631: 수입 | C631: 라. 기 타 | D631: 16,454.0 | E631: 246,617

Sheet 수출입 실적(신성질별)
A1: 수출입 실적(신성질별)
A3: 검색조건 통계항목 : 신성질별, 신성질명 : 전체, 세부성질 유무 : 무, 조회기간 : 202401 ~ 202607 , 통계기준 : 수리일, 중량단위 : 톤
F4: 단위:톤(TON), 천 달러
A5: 기간 | B5: 신성질명 | C5: 수출 중량 | D5: 수출 금액 | E5: 수입 중량 | F5: 수입 금액
A6: 총계 | C6: 505,655,916.9 | D6: 1,988,002,368 | E6: 1,414,626,020.9 | F6: 1,690,965,721
A7: 2024.01 | B7: 1.소비재 | C7: 890,383.0 | D7: 8,679,299 | E7: 2,368,995.8 | F7: 7,508,719
A8: 2024.01 | B8: 가.직접소비재 | C8: 245,293.6 | D8: 810,359 | E8: 1,996,413.8 | F8: 3,062,773
A9: 2024.01 | B9: 나.내구소비재 | C9: 490,546.6 | D9: 6,352,080 | E9: 201,838.0 | F9: 1,929,589
A10: 2024.01 | B10: 다.비내구소비재 | C10: 151,038.0 | D10: 1,512,572 | E10: 170,248.2 | F10: 2,516,357
A11: 2024.01 | B11: 라.간이세율적용분 | C11: 3,504.9 | D11: 4,289 | E11: 495.8 | F11: 0
A12: 2024.01 | B12: 2.원자재 | C12: 14,038,084.2 | D12: 17,436,372 | E12: 48,283,050.0 | F12: 27,933,007
A13: 2024.01 | B13: 가.동식물성 연·원료 | C13: 348,452.9 | D13: 435,996 | E13: 2,872,182.6 | F13: 1,428,481
A14: 2024.01 | B14: 나.섬유류 | C14: 130,863.0 | D14: 613,936 | E14: 106,123.8 | F14: 342,160
A15: 2024.01 | B15: 다.광산물 | C15: 6,716,263.2 | D15: 5,478,639 | E15: 41,389,665.4 | F15: 18,384,560
A16: 2024.01 | B16: 라.철강 및 금속제품 | C16: 2,568,224.3 | D16: 3,358,972 | E16: 1,949,849.1 | F16: 2,827,181
A17: 2024.01 | B17: 마.화학공업제품 | C17: 4,270,890.6 | D17: 7,536,310 | E17: 1,961,851.4 | F17: 4,943,661
A18: 2024.01 | B18: 바.기타 원자재 | C18: 3,390.1 | D18: 12,520 | E18: 3,377.7 | F18: 6,963
... A533: 2026.07 | B533: 라.IT부품 | C533: 33,481.3 | D533: 42,761,535 | E533: 33,712.5 | F533: 11,667,986

Sheet 데이터_총괄
A1: 이 시트의 모든 셀은 원본 시트를 참조하는 수식입니다. 원본은 숫자가 텍스트(쉼표 포함)로 저장되어 있어 VALUE/SUBSTITUTE로 숫자화했고, 연도·월·분기 열을 파생시켜 MoM/QoQ/YoY 집계가 가능하도록 했습니다. 직접 입력하지 마세요.
A2: 기간 | B2: 연도 | C2: 월 | D2: 분기 | E2: 조업일수 | F2: 수출 건수 | G2: 수출 중량 | H2: 수출 금액 | I2: 수입 건수 | J2: 수입 중량 | K2: 수입 금액 | L2: 무역수지
A3: =TRIM('수출입 총괄'!A7) -> 2024.01 | B3: =IFERROR(VALUE(LEFT($A3,4)),"") -> 2024 | C3: =IFERROR(VALUE(RIGHT($A3,2)),"") -> 1 | D3: =IFERROR(ROUNDUP($C3/3,0),"") -> 1 | E3: =IFERROR(VALUE(SUBSTITUTE(TRIM('수출입 총괄'!B7),",","")),"") -> 24 | F3: =IFERROR(VALUE(SUBSTITUTE(TRIM('수출입 총괄'!C7),",","")),"") -> 1035551 | G3: =IFERROR(VALUE(SUBSTITUTE(TRIM('수출입 총괄'!D7),",","")),"") -> 17105791 | H3: =IFERROR(VALUE(SUBSTITUTE(TRIM('수출입 총괄'!E7),",","")),"") -> 54709823 | I3: =IFERROR(VALUE(SUBSTITUTE(TRIM('수출입 총괄'!F7),",","")),"") -> 4276442 | J3: =IFERROR(VALUE(SUBSTITUTE(TRIM('수출입 총괄'!G7),",","")),"") -> 51377769 | K3: =IFERROR(VALUE(SUBSTITUTE(TRIM('수출입 총괄'!H7),",","")),"") -> 54474611 | L3: =IFERROR(VALUE(SUBSTITUTE(TRIM('수출입 총괄'!I7),",","")),"") -> 235213
A4: =TRIM('수출입 총괄'!A8) -> 2024.02 | B4: =IFERROR(VALUE(LEFT($A4,4)),"") -> 2024 | C4: =IFERROR(VALUE(RIGHT($A4,2)),"") -> 2 | D4: =IFERROR(ROUNDUP($C4/3,0),"") -> 1 | E4: =IFERROR(VALUE(SUBSTITUTE(TRIM('수출입 총괄'!B8),",","")),"") -> 20.5 | F4: =IFERROR(VALUE(SUBSTITUTE(TRIM('수출입 총괄'!C8),",","")),"") -> 906528 | G4: =IFERROR(VALUE(SUBSTITUTE(TRIM('수출입 총괄'!D8),",","")),"") -> 15678986 | H4: =IFERROR(VALUE(SUBSTITUTE(TRIM('수출입 총괄'!E8),",","")),"") -> 52076390 | I4: =IFERROR(VALUE(SUBSTITUTE(TRIM('수출입 총괄'!F8),",","")),"") -> 3659530 | J4: =IFERROR(VALUE(SUBSTITUTE(TRIM('수출입 총괄'!G8),",","")),"") -> 45689884 | K4: =IFERROR(VALUE(SUBSTITUTE(TRIM('수출입 총괄'!H8),",","")),"") -> 48221860 | L4: =IFERROR(VALUE(SUBSTITUTE(TRIM('수출입 총괄'!I8),",","")),"") -> 3854529
A5: =TRIM('수출입 총괄'!A9) -> 2024.03 | B5: =IFERROR(VALUE(LEFT($A5,4)),"") -> 2024 | C5: =IFERROR(VALUE(RIGHT($A5,2)),"") -> 3 | D5: =IFERROR(ROUNDUP($C5/3,0),"") -> 1 | E5: =IFERROR(VALUE(SUBSTITUTE(TRIM('수출입 총괄'!B9),",","")),"") -> 22.5 | F5: =IFERROR(VALUE(SUBSTITUTE(TRIM('수출입 총괄'!C9),",","")),"") -> 1018882 | G5: =IFERROR(VALUE(SUBSTITUTE(TRIM('수출입 총괄'!D9),",","")),"") -> 16805632 | H5: =IFERROR(VALUE(SUBSTITUTE(TRIM('수출입 총괄'!E9),",","")),"") -> 56518309 | I5: =IFERROR(VALUE(SUBSTITUTE(TRIM('수출입 총괄'!F9),",","")),"") -> 4614926 | J5: =IFERROR(VALUE(SUBSTITUTE(TRIM('수출입 총괄'!G9),",","")),"") -> 44316660 | K5: =IFERROR(VALUE(SUBSTITUTE(TRIM('수출입 총괄'!H9),",","")),"") -> 52112905 | L5: =IFERROR(VALUE(SUBSTITUTE(TRIM('수출입 총괄'!I9),",","")),"") -> 4405404
A6: =TRIM('수출입 총괄'!A10) -> 2024.04 | B6: =IFERROR(VALUE(LEFT($A6,4)),"") -> 2024 | C6: =IFERROR(VALUE(RIGHT($A6,2)),"") -> 4 | D6: =IFERROR(ROUNDUP($C6/3,0),"") -> 2 | E6: =IFERROR(VALUE(SUBSTITUTE(TRIM('수출입 총괄'!B10),",","")),"") -> 23 | F6: =IFERROR(VALUE(SUBSTITUTE(TRIM('수출입 총괄'!C10),",","")),"") -> 1012749 | G6: =IFERROR(VALUE(SUBSTITUTE(TRIM('수출입 총괄'!D10),",","")),"") -> 16491489 | H6: =IFERROR(VALUE(SUBSTITUTE(TRIM('수출입 총괄'!E10),",","")),"") -> 56148299 | I6: =IFERROR(VALUE(SUBSTITUTE(TRIM('수출입 총괄'!F10),",","")),"") -> 4396142 | J6: =IFERROR(VALUE(SUBSTITUTE(TRIM('수출입 총괄'!G10),",","")),"") -> 47615985 | K6: =IFERROR(VALUE(SUBSTITUTE(TRIM('수출입 총괄'!H10),",","")),"") -> 54821181 | L6: =IFERROR(VALUE(SUBSTITUTE(TRIM('수출입 총괄'!I10),",","")),"") -> 1327118
A7: =TRIM('수출입 총괄'!A11) -> 2024.05 | B7: =IFERROR(VALUE(LEFT($A7,4)),"") -> 2024 | C7: =IFERROR(VALUE(RIGHT($A7,2)),"") -> 5 | D7: =IFERROR(ROUNDUP($C7/3,0),"") -> 2 | E7: =IFERROR(VALUE(SUBSTITUTE(TRIM('수출입 총괄'!B11),",","")),"") -> 22 | F7: =IFERROR(VALUE(SUBSTITUTE(TRIM('수출입 총괄'!C11),",","")),"") -> 1038452 | G7: =IFERROR(VALUE(SUBSTITUTE(TRIM('수출입 총괄'!D11),",","")),"") -> 16793798 | H7: =IFERROR(VALUE(SUBSTITUTE(TRIM('수출입 총괄'!E11),",","")),"") -> 58020557 | I7: =IFERROR(VALUE(SUBSTITUTE(TRIM('수출입 총괄'!F11),",","")),"") -> 4430186 | J7: =IFERROR(VALUE(SUBSTITUTE(TRIM('수출입 총괄'!G11),",","")),"") -> 45880287 | K7: =IFERROR(VALUE(SUBSTITUTE(TRIM('수출입 총괄'!H11),",","")),"") -> 53132937 | L7: =IFERROR(VALUE(SUBSTITUTE(TRIM('수출입 총괄'!I11),",","")),"") -> 4887620
A8: =TRIM('수출입 총괄'!A12) -> 2024.06 | B8: =IFERROR(VALUE(LEFT($A8,4)),"") -> 2024 | C8: =IFERROR(VALUE(RIGHT($A8,2)),"") -> 6 | D8: =IFERROR(ROUNDUP($C8/3,0),"") -> 2 | E8: =IFERROR(VALUE(SUBSTITUTE(TRIM('수출입 총괄'!B12),",","")),"") -> 21.5 | F8: =IFERROR(VALUE(SUBSTITUTE(TRIM('수출입 총괄'!C12),",","")),"") -> 1015654 | G8: =IFERROR(VALUE(SUBSTITUTE(TRIM('수출입 총괄'!D12),",","")),"") -> 14641435 | H8: =IFERROR(VALUE(SUBSTITUTE(TRIM('수출입 총괄'!E12),",","")),"") -> 57341634 | I8: =IFERROR(VALUE(SUBSTITUTE(TRIM('수출입 총괄'!F12),",","")),"") -> 4008321 | J8: =IFERROR(VALUE(SUBSTITUTE(TRIM('수출입 총괄'!G12),",","")),"") -> 42701365 | K8: =IFERROR(VALUE(SUBSTITUTE(TRIM('수출입 총괄'!H12),",","")),"") -> 49090193 | L8: =IFERROR(VALUE(SUBSTITUTE(TRIM('수출입 총괄'!I12),",","")),"") -> 8251441
A9: =TRIM('수출입 총괄'!A13) -> 2024.07 | B9: =IFERROR(VALUE(LEFT($A9,4)),"") -> 2024 | C9: =IFERROR(VALUE(RIGHT($A9,2)),"") -> 7 | D9: =IFERROR(ROUNDUP($C9/3,0),"") -> 3 | E9: =IFERROR(VALUE(SUBSTITUTE(TRIM('수출입 총괄'!B13),",","")),"") -> 25 | F9: =IFERROR(VALUE(SUBSTITUTE(TRIM('수출입 총괄'!C13),",","")),"") -> 1111979 | G9: =IFERROR(VALUE(SUBSTITUTE(TRIM('수출입 총괄'!D13),",","")),"") -> 16697113 | H9: =IFERROR(VALUE(SUBSTITUTE(TRIM('수출입 총괄'!E13),",","")),"") -> 57458788 | I9: =IFERROR(VALUE(SUBSTITUTE(TRIM('수출입 총괄'!F13),",","")),"") -> 4361845 | J9: =IFERROR(VALUE(SUBSTITUTE(TRIM('수출입 총괄'!G13),",","")),"") -> 45267799 | K9: =IFERROR(VALUE(SUBSTITUTE(TRIM('수출입 총괄'!H13),",","")),"") -> 53838742 | L9: =IFERROR(VALUE(SUBSTITUTE(TRIM('수출입 총괄'!I13),",","")),"") -> 3620046
A10: =TRIM('수출입 총괄'!A14) -> 2024.08 | B10: =IFERROR(VALUE(LEFT($A10,4)),"") -> 2024 | C10: =IFERROR(VALUE(RIGHT($A10,2)),"") -> 8 | D10: =IFERROR(ROUNDUP($C10/3,0),"") -> 3 | E10: =IFERROR(VALUE(SUBSTITUTE(TRIM('수출입 총괄'!B14),",","")),"") -> 23.5 | F10: =IFERROR(VALUE(SUBSTITUTE(TRIM('수출입 총괄'!C14),",","")),"") -> 971248 | G10: =IFERROR(VALUE(SUBSTITUTE(TRIM('수출입 총괄'!D14),",","")),"") -> 17070041 | H10: =IFERROR(VALUE(SUBSTITUTE(TRIM('수출입 총괄'!E14),",","")),"") -> 57642924 | I10: =IFERROR(VALUE(SUBSTITUTE(TRIM('수출입 총괄'!F14),",","")),"") -> 4219404 | J10: =IFERROR(VALUE(SUBSTITUTE(TRIM('수출입 총괄'!G14),",","")),"") -> 49665340 | K10: =IFERROR(VALUE(SUBSTITUTE(TRIM('수출입 총괄'!H14),",","")),"") -> 54054894 | L10: =IFERROR(VALUE(SUBSTITUTE(TRIM('수출입 총괄'!I14),",","")),"") -> 3588030
A11: =TRIM('수출입 총괄'!A15) -> 2024.09 | B11: =IFERROR(VALUE(LEFT($A11,4)),"") -> 2024 | C11: =IFERROR(VALUE(RIGHT($A11,2)),"") -> 9 | D11: =IFERROR(ROUNDUP($C11/3,0),"") -> 3 | E11: =IFERROR(VALUE(SUBSTITUTE(TRIM('수출입 총괄'!B15),",","")),"") -> 20 | F11: =IFERROR(VALUE(SUBSTITUTE(TRIM('수출입 총괄'!C15),",","")),"") -> 1151289 | G11: =IFERROR(VALUE(SUBSTITUTE(TRIM('수출입 총괄'!D15),",","")),"") -> 16449775 | H11: =IFERROR(VALUE(SUBSTITUTE(TRIM('수출입 총괄'!E15),",","")),"") -> 58544693 | I11: =IFERROR(VALUE(SUBSTITUTE(TRIM('수출입 총괄'!F15),",","")),"") -> 4244016 | J11: =IFERROR(VALUE(SUBSTITUTE(TRIM('수출입 총괄'!G15),",","")),"") -> 44145422 | K11: =IFERROR(VALUE(SUBSTITUTE(TRIM('수출입 총괄'!H15),",","")),"") -> 52102925 | L11: =IFERROR(VALUE(SUBSTITUTE(TRIM('수출입 총괄'!I15),",","")),"") -> 6441768
A12: =TRIM('수출입 총괄'!A16) -> 2024.10 | B12: =IFERROR(VALUE(LEFT($A12,4)),"") -> 2024 | C12: =IFERROR(VALUE(RIGHT($A12,2)),"") -> 10 | D12: =IFERROR(ROUNDUP($C12/3,0),"") -> 4 | E12: =IFERROR(VALUE(SUBSTITUTE(TRIM('수출입 총괄'!B16),",","")),"") -> 22 | F12: =IFERROR(VALUE(SUBSTITUTE(TRIM('수출입 총괄'!C16),",","")),"") -> 1020830 | G12: =IFERROR(VALUE(SUBSTITUTE(TRIM('수출입 총괄'!D16),",","")),"") -> 15994864 | H12: =IFERROR(VALUE(SUBSTITUTE(TRIM('수출입 총괄'!E16),",","")),"") -> 57500192 | I12: =IFERROR(VALUE(SUBSTITUTE(TRIM('수출입 총괄'!F16),",","")),"") -> 4672638 | J12: =IFERROR(VALUE(SUBSTITUTE(TRIM('수출입 총괄'!G16),",","")),"") -> 47452574 | K12: =IFERROR(VALUE(SUBSTITUTE(TRIM('수출입 총괄'!H16),",","")),"") -> 54331589 | L12: =IFERROR(VALUE(SUBSTITUTE(TRIM('수출입 총괄'!I16),",","")),"") -> 3168604
A13: =TRIM('수출입 총괄'!A17) -> 2024.11 | B13: =IFERROR(VALUE(LEFT($A13,4)),"") -> 2024 | C13: =IFERROR(VALUE(RIGHT($A13,2)),"") -> 11 | D13: =IFERROR(ROUNDUP($C13/3,0),"") -> 4 | E13: =IFERROR(VALUE(SUBSTITUTE(TRIM('수출입 총괄'!B17),",","")),"") -> 23.5 | F13: =IFERROR(VALUE(SUBSTITUTE(TRIM('수출입 총괄'!C17),",","")),"") -> 1221469 | G13: =IFERROR(VALUE(SUBSTITUTE(TRIM('수출입 총괄'!D17),",","")),"") -> 15893956 | H13: =IFERROR(VALUE(SUBSTITUTE(TRIM('수출입 총괄'!E17),",","")),"") -> 56288629 | I13: =IFERROR(VALUE(SUBSTITUTE(TRIM('수출입 총괄'!F17),",","")),"") -> 4595519 | J13: =IFERROR(VALUE(SUBSTITUTE(TRIM('수출입 총괄'!G17),",","")),"") -> 44116295 | K13: =IFERROR(VALUE(SUBSTITUTE(TRIM('수출입 총괄'!H17),",","")),"") -> 50718992 | L13: =IFERROR(VALUE(SUBSTITUTE(TRIM('수출입 총괄'!I17),",","")),"") -> 5569637
A14: =TRIM('수출입 총괄'!A18) -> 2024.12 | B14: =IFERROR(VALUE(LEFT($A14,4)),"") -> 2024 | C14: =IFERROR(VALUE(RIGHT($A14,2)),"") -> 12 | D14: =IFERROR(ROUNDUP($C14/3,0),"") -> 4 | E14: =IFERROR(VALUE(SUBSTITUTE(TRIM('수출입 총괄'!B18),",","")),"") -> 23 | F14: =IFERROR(VALUE(SUBSTITUTE(TRIM('수출입 총괄'!C18),",","")),"") -> 1135404 | G14: =IFERROR(VALUE(SUBSTITUTE(TRIM('수출입 총괄'!D18),",","")),"") -> 17620291 | H14: =IFERROR(VALUE(SUBSTITUTE(TRIM('수출입 총괄'!E18),",","")),"") -> 61359250 | I14: =IFERROR(VALUE(SUBSTITUTE(TRIM('수출입 총괄'!F18),",","")),"") -> 4668507 | J14: =IFERROR(VALUE(SUBSTITUTE(TRIM('수출입 총괄'!G18),",","")),"") -> 48014998 | K14: =IFERROR(VALUE(SUBSTITUTE(TRIM('수출입 총괄'!H18),",","")),"") -> 54866380 | L14: =IFERROR(VALUE(SUBSTITUTE(TRIM('수출입 총괄'!I18),",","")),"") -> 6492870
... A33: =TRIM('수출입 총괄'!A37) -> 2026.07 | B33: =IFERROR(VALUE(LEFT($A33,4)),"") -> 2026 | C33: =IFERROR(VALUE(RIGHT($A33,2)),"") -> 7 | D33: =IFERROR(ROUNDUP($C33/3,0),"") -> 3 | E33: =IFERROR(VALUE(SUBSTITUTE(TRIM('수출입 총괄'!B37),",","")),"") -> 24 | F33: =IFERROR(VALUE(SUBSTITUTE(TRIM('수출입 총괄'!C37),",","")),"") -> 1111934 | G33: =IFERROR(VALUE(SUBSTITUTE(TRIM('수출입 총괄'!D37),",","")),"") -> 17660681 | H33: =IFERROR(VALUE(SUBSTITUTE(TRIM('수출입 총괄'!E37),",","")),"") -> 98959099 | I33: =IFERROR(VALUE(SUBSTITUTE(TRIM('수출입 총괄'!F37),",","")),"") -> 5158848 | J33: =IFERROR(VALUE(SUBSTITUTE(TRIM('수출입 총괄'!G37),",","")),"") -> 51144176 | K33: =IFERROR(VALUE(SUBSTITUTE(TRIM('수출입 총괄'!H37),",","")),"") -> 68567473 | L33: =IFERROR(VALUE(SUBSTITUTE(TRIM('수출입 총괄'!I37),",","")),"") -> 30391625

Sheet 데이터_품목별
A1: 이 시트의 모든 셀은 원본 시트를 참조하는 수식입니다. 원본은 숫자가 텍스트(쉼표 포함)로 저장되어 있어 VALUE/SUBSTITUTE로 숫자화했고, 연도·월·분기 열을 파생시켜 MoM/QoQ/YoY 집계가 가능하도록 했습니다. 직접 입력하지 마세요.
A2: 기간 | B2: 연도 | C2: 월 | D2: 분기 | E2: HS코드 | F2: 품목명 | G2: 수출 중량 | H2: 수출 금액 | I2: 수입 중량 | J2: 수입 금액 | K2: 무역수지
A3: =TRIM('수출입 실적(품목별)'!A7) -> 2024.01 | B3: =IFERROR(VALUE(LEFT($A3,4)),"") -> 2024 | C3: =IFERROR(VALUE(RIGHT($A3,2)),"") -> 1 | D3: =IFERROR(ROUNDUP($C3/3,0),"") -> 1 | E3: =TRIM('수출입 실적(품목별)'!B7) -> 01 | F3: =TRIM('수출입 실적(품목별)'!C7) -> 살아 있는 동물 | G3: =IFERROR(VALUE(SUBSTITUTE(TRIM('수출입 실적(품목별)'!D7),",","")),"") -> 1.9 | H3: =IFERROR(VALUE(SUBSTITUTE(TRIM('수출입 실적(품목별)'!E7),",","")),"") -> 697 | I3: =IFERROR(VALUE(SUBSTITUTE(TRIM('수출입 실적(품목별)'!F7),",","")),"") -> 78.1 | J3: =IFERROR(VALUE(SUBSTITUTE(TRIM('수출입 실적(품목별)'!G7),",","")),"") -> 5631 | K3: =IFERROR(VALUE(SUBSTITUTE(TRIM('수출입 실적(품목별)'!H7),",","")),"") -> -4934
A4: =TRIM('수출입 실적(품목별)'!A8) -> 2024.01 | B4: =IFERROR(VALUE(LEFT($A4,4)),"") -> 2024 | C4: =IFERROR(VALUE(RIGHT($A4,2)),"") -> 1 | D4: =IFERROR(ROUNDUP($C4/3,0),"") -> 1 | E4: =TRIM('수출입 실적(품목별)'!B8) -> 02 | F4: =TRIM('수출입 실적(품목별)'!C8) -> 육과 식용 설육(屑肉) | G4: =IFERROR(VALUE(SUBSTITUTE(TRIM('수출입 실적(품목별)'!D8),",","")),"") -> 3806.5 | H4: =IFERROR(VALUE(SUBSTITUTE(TRIM('수출입 실적(품목별)'!E8),",","")),"") -> 5389 | I4: =IFERROR(VALUE(SUBSTITUTE(TRIM('수출입 실적(품목별)'!F8),",","")),"") -> 154357.2 | J4: =IFERROR(VALUE(SUBSTITUTE(TRIM('수출입 실적(품목별)'!G8),",","")),"") -> 823919 | K4: =IFERROR(VALUE(SUBSTITUTE(TRIM('수출입 실적(품목별)'!H8),",","")),"") -> -818530
A5: =TRIM('수출입 실적(품목별)'!A9) -> 2024.01 | B5: =IFERROR(VALUE(LEFT($A5,4)),"") -> 2024 | C5: =IFERROR(VALUE(RIGHT($A5,2)),"") -> 1 | D5: =IFERROR(ROUNDUP($C5/3,0),"") -> 1 | E5: =TRIM('수출입 실적(품목별)'!B9) -> 03 | F5: =TRIM('수출입 실적(품목별)'!C9) -> 어류ㆍ갑각류ㆍ연체동물과 그 밖의 수생(水生) 무척추동물 | G5: =IFERROR(VALUE(SUBSTITUTE(TRIM('수출입 실적(품목별)'!D9),",","")),"") -> 45908.2 | H5: =IFERROR(VALUE(SUBSTITUTE(TRIM('수출입 실적(품목별)'!E9),",","")),"") -> 128716 | I5: =IFERROR(VALUE(SUBSTITUTE(TRIM('수출입 실적(품목별)'!F9),",","")),"") -> 119002.6 | J5: =IFERROR(VALUE(SUBSTITUTE(TRIM('수출입 실적(품목별)'!G9),",","")),"") -> 424949 | K5: =IFERROR(VALUE(SUBSTITUTE(TRIM('수출입 실적(품목별)'!H9),",","")),"") -> -296232
A6: =TRIM('수출입 실적(품목별)'!A10) -> 2024.01 | B6: =IFERROR(VALUE(LEFT($A6,4)),"") -> 2024 | C6: =IFERROR(VALUE(RIGHT($A6,2)),"") -> 1 | D6: =IFERROR(ROUNDUP($C6/3,0),"") -> 1 | E6: =TRIM('수출입 실적(품목별)'!B10) -> 04 | F6: =TRIM('수출입 실적(품목별)'!C10) -> 낙농품, 새의 알, 천연꿀, 다른 류로 분류되지 않은 식용인 동물성 생산품 | G6: =IFERROR(VALUE(SUBSTITUTE(TRIM('수출입 실적(품목별)'!D10),",","")),"") -> 2995.9 | H6: =IFERROR(VALUE(SUBSTITUTE(TRIM('수출입 실적(품목별)'!E10),",","")),"") -> 7500 | I6: =IFERROR(VALUE(SUBSTITUTE(TRIM('수출입 실적(품목별)'!F10),",","")),"") -> 23072.3 | J6: =IFERROR(VALUE(SUBSTITUTE(TRIM('수출입 실적(품목별)'!G10),",","")),"") -> 93645 | K6: =IFERROR(VALUE(SUBSTITUTE(TRIM('수출입 실적(품목별)'!H10),",","")),"") -> -86145
A7: =TRIM('수출입 실적(품목별)'!A11) -> 2024.01 | B7: =IFERROR(VALUE(LEFT($A7,4)),"") -> 2024 | C7: =IFERROR(VALUE(RIGHT($A7,2)),"") -> 1 | D7: =IFERROR(ROUNDUP($C7/3,0),"") -> 1 | E7: =TRIM('수출입 실적(품목별)'!B11) -> 05 | F7: =TRIM('수출입 실적(품목별)'!C11) -> 다른 류로 분류되지 않은 동물성 생산품 | G7: =IFERROR(VALUE(SUBSTITUTE(TRIM('수출입 실적(품목별)'!D11),",","")),"") -> 1211.7 | H7: =IFERROR(VALUE(SUBSTITUTE(TRIM('수출입 실적(품목별)'!E11),",","")),"") -> 3306 | I7: =IFERROR(VALUE(SUBSTITUTE(TRIM('수출입 실적(품목별)'!F11),",","")),"") -> 5691 | J7: =IFERROR(VALUE(SUBSTITUTE(TRIM('수출입 실적(품목별)'!G11),",","")),"") -> 28749 | K7: =IFERROR(VALUE(SUBSTITUTE(TRIM('수출입 실적(품목별)'!H11),",","")),"") -> -25443
A8: =TRIM('수출입 실적(품목별)'!A12) -> 2024.01 | B8: =IFERROR(VALUE(LEFT($A8,4)),"") -> 2024 | C8: =IFERROR(VALUE(RIGHT($A8,2)),"") -> 1 | D8: =IFERROR(ROUNDUP($C8/3,0),"") -> 1 | E8: =TRIM('수출입 실적(품목별)'!B12) -> 06 | F8: =TRIM('수출입 실적(품목별)'!C12) -> 살아 있는 수목과 그 밖의 식물, 인경(鱗莖)ㆍ뿌리와 이와 유사한 물품, 절화(切花)와 장식용 잎 | G8: =IFERROR(VALUE(SUBSTITUTE(TRIM('수출입 실적(품목별)'!D12),",","")),"") -> 67.8 | H8: =IFERROR(VALUE(SUBSTITUTE(TRIM('수출입 실적(품목별)'!E12),",","")),"") -> 856 | I8: =IFERROR(VALUE(SUBSTITUTE(TRIM('수출입 실적(품목별)'!F12),",","")),"") -> 8667.7 | J8: =IFERROR(VALUE(SUBSTITUTE(TRIM('수출입 실적(품목별)'!G12),",","")),"") -> 15350 | K8: =IFERROR(VALUE(SUBSTITUTE(TRIM('수출입 실적(품목별)'!H12),",","")),"") -> -14494
A9: =TRIM('수출입 실적(품목별)'!A13) -> 2024.01 | B9: =IFERROR(VALUE(LEFT($A9,4)),"") -> 2024 | C9: =IFERROR(VALUE(RIGHT($A9,2)),"") -> 1 | D9: =IFERROR(ROUNDUP($C9/3,0),"") -> 1 | E9: =TRIM('수출입 실적(품목별)'!B13) -> 07 | F9: =TRIM('수출입 실적(품목별)'!C13) -> 식용의 채소ㆍ뿌리ㆍ괴경(塊莖) | G9: =IFERROR(VALUE(SUBSTITUTE(TRIM('수출입 실적(품목별)'!D13),",","")),"") -> 5191.9 | H9: =IFERROR(VALUE(SUBSTITUTE(TRIM('수출입 실적(품목별)'!E13),",","")),"") -> 10899 | I9: =IFERROR(VALUE(SUBSTITUTE(TRIM('수출입 실적(품목별)'!F13),",","")),"") -> 103820.8 | J9: =IFERROR(VALUE(SUBSTITUTE(TRIM('수출입 실적(품목별)'!G13),",","")),"") -> 86850 | K9: =IFERROR(VALUE(SUBSTITUTE(TRIM('수출입 실적(품목별)'!H13),",","")),"") -> -75951
A10: =TRIM('수출입 실적(품목별)'!A14) -> 2024.01 | B10: =IFERROR(VALUE(LEFT($A10,4)),"") -> 2024 | C10: =IFERROR(VALUE(RIGHT($A10,2)),"") -> 1 | D10: =IFERROR(ROUNDUP($C10/3,0),"") -> 1 | E10: =TRIM('수출입 실적(품목별)'!B14) -> 08 | F10: =TRIM('수출입 실적(품목별)'!C14) -> 식용의 과실과 견과류, 감귤류ㆍ멜론의 껍질 | G10: =IFERROR(VALUE(SUBSTITUTE(TRIM('수출입 실적(품목별)'!D14),",","")),"") -> 2972.4 | H10: =IFERROR(VALUE(SUBSTITUTE(TRIM('수출입 실적(품목별)'!E14),",","")),"") -> 26827 | I10: =IFERROR(VALUE(SUBSTITUTE(TRIM('수출입 실적(품목별)'!F14),",","")),"") -> 67690.2 | J10: =IFERROR(VALUE(SUBSTITUTE(TRIM('수출입 실적(품목별)'!G14),",","")),"") -> 159724 | K10: =IFERROR(VALUE(SUBSTITUTE(TRIM('수출입 실적(품목별)'!H14),",","")),"") -> -132897
A11: =TRIM('수출입 실적(품목별)'!A15) -> 2024.01 | B11: =IFERROR(VALUE(LEFT($A11,4)),"") -> 2024 | C11: =IFERROR(VALUE(RIGHT($A11,2)),"") -> 1 | D11: =IFERROR(ROUNDUP($C11/3,0),"") -> 1 | E11: =TRIM('수출입 실적(품목별)'!B15) -> 09 | F11: =TRIM('수출입 실적(품목별)'!C15) -> 커피ㆍ차ㆍ마테(maté)ㆍ향신료 | G11: =IFERROR(VALUE(SUBSTITUTE(TRIM('수출입 실적(품목별)'!D15),",","")),"") -> 385 | H11: =IFERROR(VALUE(SUBSTITUTE(TRIM('수출입 실적(품목별)'!E15),",","")),"") -> 3239 | I11: =IFERROR(VALUE(SUBSTITUTE(TRIM('수출입 실적(품목별)'!F15),",","")),"") -> 21378.1 | J11: =IFERROR(VALUE(SUBSTITUTE(TRIM('수출입 실적(품목별)'!G15),",","")),"") -> 103751 | K11: =IFERROR(VALUE(SUBSTITUTE(TRIM('수출입 실적(품목별)'!H15),",","")),"") -> -100511
A12: =TRIM('수출입 실적(품목별)'!A16) -> 2024.01 | B12: =IFERROR(VALUE(LEFT($A12,4)),"") -> 2024 | C12: =IFERROR(VALUE(RIGHT($A12,2)),"") -> 1 | D12: =IFERROR(ROUNDUP($C12/3,0),"") -> 1 | E12: =TRIM('수출입 실적(품목별)'!B16) -> 10 | F12: =TRIM('수출입 실적(품목별)'!C16) -> 곡물 | G12: =IFERROR(VALUE(SUBSTITUTE(TRIM('수출입 실적(품목별)'!D16),",","")),"") -> 358.6 | H12: =IFERROR(VALUE(SUBSTITUTE(TRIM('수출입 실적(품목별)'!E16),",","")),"") -> 918 | I12: =IFERROR(VALUE(SUBSTITUTE(TRIM('수출입 실적(품목별)'!F16),",","")),"") -> 1451151.7 | J12: =IFERROR(VALUE(SUBSTITUTE(TRIM('수출입 실적(품목별)'!G16),",","")),"") -> 450755 | K12: =IFERROR(VALUE(SUBSTITUTE(TRIM('수출입 실적(품목별)'!H16),",","")),"") -> -449837
A13: =TRIM('수출입 실적(품목별)'!A17) -> 2024.01 | B13: =IFERROR(VALUE(LEFT($A13,4)),"") -> 2024 | C13: =IFERROR(VALUE(RIGHT($A13,2)),"") -> 1 | D13: =IFERROR(ROUNDUP($C13/3,0),"") -> 1 | E13: =TRIM('수출입 실적(품목별)'!B17) -> 11 | F13: =TRIM('수출입 실적(품목별)'!C17) -> 제분공업의 생산품과 맥아, 전분, 이눌린(inulin), 밀의 글루텐(gluten) | G13: =IFERROR(VALUE(SUBSTITUTE(TRIM('수출입 실적(품목별)'!D17),",","")),"") -> 5794.3 | H13: =IFERROR(VALUE(SUBSTITUTE(TRIM('수출입 실적(품목별)'!E17),",","")),"") -> 4158 | I13: =IFERROR(VALUE(SUBSTITUTE(TRIM('수출입 실적(품목별)'!F17),",","")),"") -> 31887.3 | J13: =IFERROR(VALUE(SUBSTITUTE(TRIM('수출입 실적(품목별)'!G17),",","")),"") -> 28615 | K13: =IFERROR(VALUE(SUBSTITUTE(TRIM('수출입 실적(품목별)'!H17),",","")),"") -> -24457
A14: =TRIM('수출입 실적(품목별)'!A18) -> 2024.01 | B14: =IFERROR(VALUE(LEFT($A14,4)),"") -> 2024 | C14: =IFERROR(VALUE(RIGHT($A14,2)),"") -> 1 | D14: =IFERROR(ROUNDUP($C14/3,0),"") -> 1 | E14: =TRIM('수출입 실적(품목별)'!B18) -> 12 | F14: =TRIM('수출입 실적(품목별)'!C18) -> 채유(採油)에 적합한 종자와 과실, 각종 종자와 과실, 공업용ㆍ의약용 식물, 짚과 사료용 식물 | G14: =IFERROR(VALUE(SUBSTITUTE(TRIM('수출입 실적(품목별)'!D18),",","")),"") -> 2659.8 | H14: =IFERROR(VALUE(SUBSTITUTE(TRIM('수출입 실적(품목별)'!E18),",","")),"") -> 46869 | I14: =IFERROR(VALUE(SUBSTITUTE(TRIM('수출입 실적(품목별)'!F18),",","")),"") -> 265704.5 | J14: =IFERROR(VALUE(SUBSTITUTE(TRIM('수출입 실적(품목별)'!G18),",","")),"") -> 164119 | K14: =IFERROR(VALUE(SUBSTITUTE(TRIM('수출입 실적(품목별)'!H18),",","")),"") -> -117250
... A2984: =TRIM('수출입 실적(품목별)'!A2988) -> 2026.07 | B2984: =IFERROR(VALUE(LEFT($A2984,4)),"") -> 2026 | C2984: =IFERROR(VALUE(RIGHT($A2984,2)),"") -> 7 | D2984: =IFERROR(ROUNDUP($C2984/3,0),"") -> 3 | E2984: =TRIM('수출입 실적(품목별)'!B2988) -> 97 | F2984: =TRIM('수출입 실적(품목별)'!C2988) -> 예술품ㆍ수집품ㆍ골동품 | G2984: =IFERROR(VALUE(SUBSTITUTE(TRIM('수출입 실적(품목별)'!D2988),",","")),"") -> 17.6 | H2984: =IFERROR(VALUE(SUBSTITUTE(TRIM('수출입 실적(품목별)'!E2988),",","")),"") -> 15110 | I2984: =IFERROR(VALUE(SUBSTITUTE(TRIM('수출입 실적(품목별)'!F2988),",","")),"") -> 37.5 | J2984: =IFERROR(VALUE(SUBSTITUTE(TRIM('수출입 실적(품목별)'!G2988),",","")),"") -> 20791 | K2984: =IFERROR(VALUE(SUBSTITUTE(TRIM('수출입 실적(품목별)'!H2988),",","")),"") -> -5681

Sheet 데이터_성질별수출
A1: 이 시트의 모든 셀은 원본 시트를 참조하는 수식입니다. 원본은 숫자가 텍스트(쉼표 포함)로 저장되어 있어 VALUE/SUBSTITUTE로 숫자화했고, 연도·월·분기 열을 파생시켜 MoM/QoQ/YoY 집계가 가능하도록 했습니다. 직접 입력하지 마세요.
A2: 기간 | B2: 연도 | C2: 월 | D2: 분기 | E2: 성질명 | F2: 수출 중량 | G2: 수출 금액
A3: =TRIM('수출입 실적(성질별_수출)'!A7) -> 2024.01 | B3: =IFERROR(VALUE(LEFT($A3,4)),"") -> 2024 | C3: =IFERROR(VALUE(RIGHT($A3,2)),"") -> 1 | D3: =IFERROR(ROUNDUP($C3/3,0),"") -> 1 | E3: =TRIM('수출입 실적(성질별_수출)'!C7) -> 1. 식료 및 직접소비재 | F3: =IFERROR(VALUE(SUBSTITUTE(TRIM('수출입 실적(성질별_수출)'!D7),",","")),"") -> 300432.1 | G3: =IFERROR(VALUE(SUBSTITUTE(TRIM('수출입 실적(성질별_수출)'!E7),",","")),"") -> 861851
A4: =TRIM('수출입 실적(성질별_수출)'!A8) -> 2024.01 | B4: =IFERROR(VALUE(LEFT($A4,4)),"") -> 2024 | C4: =IFERROR(VALUE(RIGHT($A4,2)),"") -> 1 | D4: =IFERROR(ROUNDUP($C4/3,0),"") -> 1 | E4: =TRIM('수출입 실적(성질별_수출)'!C8) -> 2. 원료 및 연료 | F4: =IFERROR(VALUE(SUBSTITUTE(TRIM('수출입 실적(성질별_수출)'!D8),",","")),"") -> 6905534.8 | G4: =IFERROR(VALUE(SUBSTITUTE(TRIM('수출입 실적(성질별_수출)'!E8),",","")),"") -> 5596612
A5: =TRIM('수출입 실적(성질별_수출)'!A9) -> 2024.01 | B5: =IFERROR(VALUE(LEFT($A5,4)),"") -> 2024 | C5: =IFERROR(VALUE(RIGHT($A5,2)),"") -> 1 | D5: =IFERROR(ROUNDUP($C5/3,0),"") -> 1 | E5: =TRIM('수출입 실적(성질별_수출)'!C9) -> 3. 경공업품 | F5: =IFERROR(VALUE(SUBSTITUTE(TRIM('수출입 실적(성질별_수출)'!D9),",","")),"") -> 831132.2 | G5: =IFERROR(VALUE(SUBSTITUTE(TRIM('수출입 실적(성질별_수출)'!E9),",","")),"") -> 2738143
A6: =TRIM('수출입 실적(성질별_수출)'!A10) -> 2024.01 | B6: =IFERROR(VALUE(LEFT($A6,4)),"") -> 2024 | C6: =IFERROR(VALUE(RIGHT($A6,2)),"") -> 1 | D6: =IFERROR(ROUNDUP($C6/3,0),"") -> 1 | E6: =TRIM('수출입 실적(성질별_수출)'!C10) -> 가. 섬유원료 | F6: =IFERROR(VALUE(SUBSTITUTE(TRIM('수출입 실적(성질별_수출)'!D10),",","")),"") -> 63223.8 | G6: =IFERROR(VALUE(SUBSTITUTE(TRIM('수출입 실적(성질별_수출)'!E10),",","")),"") -> 94714
A7: =TRIM('수출입 실적(성질별_수출)'!A11) -> 2024.01 | B7: =IFERROR(VALUE(LEFT($A7,4)),"") -> 2024 | C7: =IFERROR(VALUE(RIGHT($A7,2)),"") -> 1 | D7: =IFERROR(ROUNDUP($C7/3,0),"") -> 1 | E7: =TRIM('수출입 실적(성질별_수출)'!C11) -> 나. 섬유사 | F7: =IFERROR(VALUE(SUBSTITUTE(TRIM('수출입 실적(성질별_수출)'!D11),",","")),"") -> 21325.1 | G7: =IFERROR(VALUE(SUBSTITUTE(TRIM('수출입 실적(성질별_수출)'!E11),",","")),"") -> 72562
A8: =TRIM('수출입 실적(성질별_수출)'!A12) -> 2024.01 | B8: =IFERROR(VALUE(LEFT($A8,4)),"") -> 2024 | C8: =IFERROR(VALUE(RIGHT($A8,2)),"") -> 1 | D8: =IFERROR(ROUNDUP($C8/3,0),"") -> 1 | E8: =TRIM('수출입 실적(성질별_수출)'!C12) -> 다. 직 물 | F8: =IFERROR(VALUE(SUBSTITUTE(TRIM('수출입 실적(성질별_수출)'!D12),",","")),"") -> 30569.4 | G8: =IFERROR(VALUE(SUBSTITUTE(TRIM('수출입 실적(성질별_수출)'!E12),",","")),"") -> 292221
A9: =TRIM('수출입 실적(성질별_수출)'!A13) -> 2024.01 | B9: =IFERROR(VALUE(LEFT($A9,4)),"") -> 2024 | C9: =IFERROR(VALUE(RIGHT($A9,2)),"") -> 1 | D9: =IFERROR(ROUNDUP($C9/3,0),"") -> 1 | E9: =TRIM('수출입 실적(성질별_수출)'!C13) -> 라. 기타 섬유제품 | F9: =IFERROR(VALUE(SUBSTITUTE(TRIM('수출입 실적(성질별_수출)'!D13),",","")),"") -> 21795.8 | G9: =IFERROR(VALUE(SUBSTITUTE(TRIM('수출입 실적(성질별_수출)'!E13),",","")),"") -> 183169
A10: =TRIM('수출입 실적(성질별_수출)'!A14) -> 2024.01 | B10: =IFERROR(VALUE(LEFT($A10,4)),"") -> 2024 | C10: =IFERROR(VALUE(RIGHT($A10,2)),"") -> 1 | D10: =IFERROR(ROUNDUP($C10/3,0),"") -> 1 | E10: =TRIM('수출입 실적(성질별_수출)'!C14) -> 마. 의 류 | F10: =IFERROR(VALUE(SUBSTITUTE(TRIM('수출입 실적(성질별_수출)'!D14),",","")),"") -> 5866.4 | G10: =IFERROR(VALUE(SUBSTITUTE(TRIM('수출입 실적(성질별_수출)'!E14),",","")),"") -> 166152
A11: =TRIM('수출입 실적(성질별_수출)'!A15) -> 2024.01 | B11: =IFERROR(VALUE(LEFT($A11,4)),"") -> 2024 | C11: =IFERROR(VALUE(RIGHT($A11,2)),"") -> 1 | D11: =IFERROR(ROUNDUP($C11/3,0),"") -> 1 | E11: =TRIM('수출입 실적(성질별_수출)'!C15) -> 바. 목제품 | F11: =IFERROR(VALUE(SUBSTITUTE(TRIM('수출입 실적(성질별_수출)'!D15),",","")),"") -> 17007.4 | G11: =IFERROR(VALUE(SUBSTITUTE(TRIM('수출입 실적(성질별_수출)'!E15),",","")),"") -> 94566
A12: =TRIM('수출입 실적(성질별_수출)'!A16) -> 2024.01 | B12: =IFERROR(VALUE(LEFT($A12,4)),"") -> 2024 | C12: =IFERROR(VALUE(RIGHT($A12,2)),"") -> 1 | D12: =IFERROR(ROUNDUP($C12/3,0),"") -> 1 | E12: =TRIM('수출입 실적(성질별_수출)'!C16) -> 사. 가죽, 고무 및 신발류 | F12: =IFERROR(VALUE(SUBSTITUTE(TRIM('수출입 실적(성질별_수출)'!D16),",","")),"") -> 76231.1 | G12: =IFERROR(VALUE(SUBSTITUTE(TRIM('수출입 실적(성질별_수출)'!E16),",","")),"") -> 432552
A13: =TRIM('수출입 실적(성질별_수출)'!A17) -> 2024.01 | B13: =IFERROR(VALUE(LEFT($A13,4)),"") -> 2024 | C13: =IFERROR(VALUE(RIGHT($A13,2)),"") -> 1 | D13: =IFERROR(ROUNDUP($C13/3,0),"") -> 1 | E13: =TRIM('수출입 실적(성질별_수출)'!C17) -> 아. 귀금속 및 보석류 | F13: =IFERROR(VALUE(SUBSTITUTE(TRIM('수출입 실적(성질별_수출)'!D17),",","")),"") -> 323 | G13: =IFERROR(VALUE(SUBSTITUTE(TRIM('수출입 실적(성질별_수출)'!E17),",","")),"") -> 196258
A14: =TRIM('수출입 실적(성질별_수출)'!A18) -> 2024.01 | B14: =IFERROR(VALUE(LEFT($A14,4)),"") -> 2024 | C14: =IFERROR(VALUE(RIGHT($A14,2)),"") -> 1 | D14: =IFERROR(ROUNDUP($C14/3,0),"") -> 1 | E14: =TRIM('수출입 실적(성질별_수출)'!C18) -> 자. 기타 비금속 광물제품 | F14: =IFERROR(VALUE(SUBSTITUTE(TRIM('수출입 실적(성질별_수출)'!D18),",","")),"") -> 225540 | G14: =IFERROR(VALUE(SUBSTITUTE(TRIM('수출입 실적(성질별_수출)'!E18),",","")),"") -> 220807
... A653: =TRIM('수출입 실적(성질별_수출)'!A657) -> 2026.07 | B653: =IFERROR(VALUE(LEFT($A653,4)),"") -> 2026 | C653: =IFERROR(VALUE(RIGHT($A653,2)),"") -> 7 | D653: =IFERROR(ROUNDUP($C653/3,0),"") -> 3 | E653: =TRIM('수출입 실적(성질별_수출)'!C657) -> 바. 기 타 | F653: =IFERROR(VALUE(SUBSTITUTE(TRIM('수출입 실적(성질별_수출)'!D657),",","")),"") -> 89360.5 | G653: =IFERROR(VALUE(SUBSTITUTE(TRIM('수출입 실적(성질별_수출)'!E657),",","")),"") -> 2725433

Sheet 데이터_성질별수입
A1: 이 시트의 모든 셀은 원본 시트를 참조하는 수식입니다. 원본은 숫자가 텍스트(쉼표 포함)로 저장되어 있어 VALUE/SUBSTITUTE로 숫자화했고, 연도·월·분기 열을 파생시켜 MoM/QoQ/YoY 집계가 가능하도록 했습니다. 직접 입력하지 마세요.
A2: 기간 | B2: 연도 | C2: 월 | D2: 분기 | E2: 성질명 | F2: 수입 중량 | G2: 수입 금액
A3: =TRIM('수출입 실적(성질별_수입)'!A7) -> 2024.01 | B3: =IFERROR(VALUE(LEFT($A3,4)),"") -> 2024 | C3: =IFERROR(VALUE(RIGHT($A3,2)),"") -> 1 | D3: =IFERROR(ROUNDUP($C3/3,0),"") -> 1 | E3: =TRIM('수출입 실적(성질별_수입)'!C7) -> 1. 소비재 | F3: =IFERROR(VALUE(SUBSTITUTE(TRIM('수출입 실적(성질별_수입)'!D7),",","")),"") -> 3564536.2 | G3: =IFERROR(VALUE(SUBSTITUTE(TRIM('수출입 실적(성질별_수입)'!E7),",","")),"") -> 8746306
A4: =TRIM('수출입 실적(성질별_수입)'!A8) -> 2024.01 | B4: =IFERROR(VALUE(LEFT($A4,4)),"") -> 2024 | C4: =IFERROR(VALUE(RIGHT($A4,2)),"") -> 1 | D4: =IFERROR(ROUNDUP($C4/3,0),"") -> 1 | E4: =TRIM('수출입 실적(성질별_수입)'!C8) -> 가. 곡물 | F4: =IFERROR(VALUE(SUBSTITUTE(TRIM('수출입 실적(성질별_수입)'!D8),",","")),"") -> 2354636 | G4: =IFERROR(VALUE(SUBSTITUTE(TRIM('수출입 실적(성질별_수입)'!E8),",","")),"") -> 832333
A5: =TRIM('수출입 실적(성질별_수입)'!A9) -> 2024.01 | B5: =IFERROR(VALUE(LEFT($A5,4)),"") -> 2024 | C5: =IFERROR(VALUE(RIGHT($A5,2)),"") -> 1 | D5: =IFERROR(ROUNDUP($C5/3,0),"") -> 1 | E5: =TRIM('수출입 실적(성질별_수입)'!C9) -> 나. 직접소비재 | F5: =IFERROR(VALUE(SUBSTITUTE(TRIM('수출입 실적(성질별_수입)'!D9),",","")),"") -> 808352.3 | G5: =IFERROR(VALUE(SUBSTITUTE(TRIM('수출입 실적(성질별_수입)'!E9),",","")),"") -> 2556100
A6: =TRIM('수출입 실적(성질별_수입)'!A10) -> 2024.01 | B6: =IFERROR(VALUE(LEFT($A6,4)),"") -> 2024 | C6: =IFERROR(VALUE(RIGHT($A6,2)),"") -> 1 | D6: =IFERROR(ROUNDUP($C6/3,0),"") -> 1 | E6: =TRIM('수출입 실적(성질별_수입)'!C10) -> 다. 내구소비재 | F6: =IFERROR(VALUE(SUBSTITUTE(TRIM('수출입 실적(성질별_수입)'!D10),",","")),"") -> 268971.7 | G6: =IFERROR(VALUE(SUBSTITUTE(TRIM('수출입 실적(성질별_수입)'!E10),",","")),"") -> 3142554
A7: =TRIM('수출입 실적(성질별_수입)'!A11) -> 2024.01 | B7: =IFERROR(VALUE(LEFT($A7,4)),"") -> 2024 | C7: =IFERROR(VALUE(RIGHT($A7,2)),"") -> 1 | D7: =IFERROR(ROUNDUP($C7/3,0),"") -> 1 | E7: =TRIM('수출입 실적(성질별_수입)'!C11) -> 라. 비내구 소비재 | F7: =IFERROR(VALUE(SUBSTITUTE(TRIM('수출입 실적(성질별_수입)'!D11),",","")),"") -> 132080.3 | G7: =IFERROR(VALUE(SUBSTITUTE(TRIM('수출입 실적(성질별_수입)'!E11),",","")),"") -> 2215318
A8: =TRIM('수출입 실적(성질별_수입)'!A12) -> 2024.01 | B8: =IFERROR(VALUE(LEFT($A8,4)),"") -> 2024 | C8: =IFERROR(VALUE(RIGHT($A8,2)),"") -> 1 | D8: =IFERROR(ROUNDUP($C8/3,0),"") -> 1 | E8: =TRIM('수출입 실적(성질별_수입)'!C12) -> 마. 간이세율 적용분 | F8: =IFERROR(VALUE(SUBSTITUTE(TRIM('수출입 실적(성질별_수입)'!D12),",","")),"") -> 495.8 | G8: =IFERROR(VALUE(SUBSTITUTE(TRIM('수출입 실적(성질별_수입)'!E12),",","")),"") -> 0
A9: =TRIM('수출입 실적(성질별_수입)'!A13) -> 2024.01 | B9: =IFERROR(VALUE(LEFT($A9,4)),"") -> 2024 | C9: =IFERROR(VALUE(RIGHT($A9,2)),"") -> 1 | D9: =IFERROR(ROUNDUP($C9/3,0),"") -> 1 | E9: =TRIM('수출입 실적(성질별_수입)'!C13) -> 2. 원자재 | F9: =IFERROR(VALUE(SUBSTITUTE(TRIM('수출입 실적(성질별_수입)'!D13),",","")),"") -> 47322978 | G9: =IFERROR(VALUE(SUBSTITUTE(TRIM('수출입 실적(성질별_수입)'!E13),",","")),"") -> 28106321
A10: =TRIM('수출입 실적(성질별_수입)'!A14) -> 2024.01 | B10: =IFERROR(VALUE(LEFT($A10,4)),"") -> 2024 | C10: =IFERROR(VALUE(RIGHT($A10,2)),"") -> 1 | D10: =IFERROR(ROUNDUP($C10/3,0),"") -> 1 | E10: =TRIM('수출입 실적(성질별_수입)'!C14) -> 가. 연 료 | F10: =IFERROR(VALUE(SUBSTITUTE(TRIM('수출입 실적(성질별_수입)'!D14),",","")),"") -> 32841380 | G10: =IFERROR(VALUE(SUBSTITUTE(TRIM('수출입 실적(성질별_수입)'!E14),",","")),"") -> 15672843
A11: =TRIM('수출입 실적(성질별_수입)'!A15) -> 2024.01 | B11: =IFERROR(VALUE(LEFT($A11,4)),"") -> 2024 | C11: =IFERROR(VALUE(RIGHT($A11,2)),"") -> 1 | D11: =IFERROR(ROUNDUP($C11/3,0),"") -> 1 | E11: =TRIM('수출입 실적(성질별_수입)'!C15) -> 나. 광 물 | F11: =IFERROR(VALUE(SUBSTITUTE(TRIM('수출입 실적(성질별_수입)'!D15),",","")),"") -> 8377454.4 | G11: =IFERROR(VALUE(SUBSTITUTE(TRIM('수출입 실적(성질별_수입)'!E15),",","")),"") -> 2296169
A12: =TRIM('수출입 실적(성질별_수입)'!A16) -> 2024.01 | B12: =IFERROR(VALUE(LEFT($A12,4)),"") -> 2024 | C12: =IFERROR(VALUE(RIGHT($A12,2)),"") -> 1 | D12: =IFERROR(ROUNDUP($C12/3,0),"") -> 1 | E12: =TRIM('수출입 실적(성질별_수입)'!C16) -> 다. 경공업 원료 | F12: =IFERROR(VALUE(SUBSTITUTE(TRIM('수출입 실적(성질별_수입)'!D16),",","")),"") -> 1365869.8 | G12: =IFERROR(VALUE(SUBSTITUTE(TRIM('수출입 실적(성질별_수입)'!E16),",","")),"") -> 593012
A13: =TRIM('수출입 실적(성질별_수입)'!A17) -> 2024.01 | B13: =IFERROR(VALUE(LEFT($A13,4)),"") -> 2024 | C13: =IFERROR(VALUE(RIGHT($A13,2)),"") -> 1 | D13: =IFERROR(ROUNDUP($C13/3,0),"") -> 1 | E13: =TRIM('수출입 실적(성질별_수입)'!C17) -> 라. 유 지 | F13: =IFERROR(VALUE(SUBSTITUTE(TRIM('수출입 실적(성질별_수입)'!D17),",","")),"") -> 99230.2 | G13: =IFERROR(VALUE(SUBSTITUTE(TRIM('수출입 실적(성질별_수입)'!E17),",","")),"") -> 123085
A14: =TRIM('수출입 실적(성질별_수입)'!A18) -> 2024.01 | B14: =IFERROR(VALUE(LEFT($A14,4)),"") -> 2024 | C14: =IFERROR(VALUE(RIGHT($A14,2)),"") -> 1 | D14: =IFERROR(ROUNDUP($C14/3,0),"") -> 1 | E14: =TRIM('수출입 실적(성질별_수입)'!C18) -> 마. 섬유류 | F14: =IFERROR(VALUE(SUBSTITUTE(TRIM('수출입 실적(성질별_수입)'!D18),",","")),"") -> 105176.4 | G14: =IFERROR(VALUE(SUBSTITUTE(TRIM('수출입 실적(성질별_수입)'!E18),",","")),"") -> 317721
... A627: =TRIM('수출입 실적(성질별_수입)'!A631) -> 2026.07 | B627: =IFERROR(VALUE(LEFT($A627,4)),"") -> 2026 | C627: =IFERROR(VALUE(RIGHT($A627,2)),"") -> 7 | D627: =IFERROR(ROUNDUP($C627/3,0),"") -> 3 | E627: =TRIM('수출입 실적(성질별_수입)'!C631) -> 라. 기 타 | F627: =IFERROR(VALUE(SUBSTITUTE(TRIM('수출입 실적(성질별_수입)'!D631),",","")),"") -> 16454 | G627: =IFERROR(VALUE(SUBSTITUTE(TRIM('수출입 실적(성질별_수입)'!E631),",","")),"") -> 246617

Sheet 데이터_신성질별
A1: 이 시트의 모든 셀은 원본 시트를 참조하는 수식입니다. 원본은 숫자가 텍스트(쉼표 포함)로 저장되어 있어 VALUE/SUBSTITUTE로 숫자화했고, 연도·월·분기 열을 파생시켜 MoM/QoQ/YoY 집계가 가능하도록 했습니다. 직접 입력하지 마세요.
A2: 기간 | B2: 연도 | C2: 월 | D2: 분기 | E2: 신성질명 | F2: 수출 중량 | G2: 수출 금액 | H2: 수입 중량 | I2: 수입 금액
A3: =TRIM('수출입 실적(신성질별)'!A7) -> 2024.01 | B3: =IFERROR(VALUE(LEFT($A3,4)),"") -> 2024 | C3: =IFERROR(VALUE(RIGHT($A3,2)),"") -> 1 | D3: =IFERROR(ROUNDUP($C3/3,0),"") -> 1 | E3: =TRIM('수출입 실적(신성질별)'!B7) -> 1.소비재 | F3: =IFERROR(VALUE(SUBSTITUTE(TRIM('수출입 실적(신성질별)'!C7),",","")),"") -> 890383 | G3: =IFERROR(VALUE(SUBSTITUTE(TRIM('수출입 실적(신성질별)'!D7),",","")),"") -> 8679299 | H3: =IFERROR(VALUE(SUBSTITUTE(TRIM('수출입 실적(신성질별)'!E7),",","")),"") -> 2368995.8 | I3: =IFERROR(VALUE(SUBSTITUTE(TRIM('수출입 실적(신성질별)'!F7),",","")),"") -> 7508719
A4: =TRIM('수출입 실적(신성질별)'!A8) -> 2024.01 | B4: =IFERROR(VALUE(LEFT($A4,4)),"") -> 2024 | C4: =IFERROR(VALUE(RIGHT($A4,2)),"") -> 1 | D4: =IFERROR(ROUNDUP($C4/3,0),"") -> 1 | E4: =TRIM('수출입 실적(신성질별)'!B8) -> 가.직접소비재 | F4: =IFERROR(VALUE(SUBSTITUTE(TRIM('수출입 실적(신성질별)'!C8),",","")),"") -> 245293.6 | G4: =IFERROR(VALUE(SUBSTITUTE(TRIM('수출입 실적(신성질별)'!D8),",","")),"") -> 810359 | H4: =IFERROR(VALUE(SUBSTITUTE(TRIM('수출입 실적(신성질별)'!E8),",","")),"") -> 1996413.8 | I4: =IFERROR(VALUE(SUBSTITUTE(TRIM('수출입 실적(신성질별)'!F8),",","")),"") -> 3062773
A5: =TRIM('수출입 실적(신성질별)'!A9) -> 2024.01 | B5: =IFERROR(VALUE(LEFT($A5,4)),"") -> 2024 | C5: =IFERROR(VALUE(RIGHT($A5,2)),"") -> 1 | D5: =IFERROR(ROUNDUP($C5/3,0),"") -> 1 | E5: =TRIM('수출입 실적(신성질별)'!B9) -> 나.내구소비재 | F5: =IFERROR(VALUE(SUBSTITUTE(TRIM('수출입 실적(신성질별)'!C9),",","")),"") -> 490546.6 | G5: =IFERROR(VALUE(SUBSTITUTE(TRIM('수출입 실적(신성질별)'!D9),",","")),"") -> 6352080 | H5: =IFERROR(VALUE(SUBSTITUTE(TRIM('수출입 실적(신성질별)'!E9),",","")),"") -> 201838 | I5: =IFERROR(VALUE(SUBSTITUTE(TRIM('수출입 실적(신성질별)'!F9),",","")),"") -> 1929589
A6: =TRIM('수출입 실적(신성질별)'!A10) -> 2024.01 | B6: =IFERROR(VALUE(LEFT($A6,4)),"") -> 2024 | C6: =IFERROR(VALUE(RIGHT($A6,2)),"") -> 1 | D6: =IFERROR(ROUNDUP($C6/3,0),"") -> 1 | E6: =TRIM('수출입 실적(신성질별)'!B10) -> 다.비내구소비재 | F6: =IFERROR(VALUE(SUBSTITUTE(TRIM('수출입 실적(신성질별)'!C10),",","")),"") -> 151038 | G6: =IFERROR(VALUE(SUBSTITUTE(TRIM('수출입 실적(신성질별)'!D10),",","")),"") -> 1512572 | H6: =IFERROR(VALUE(SUBSTITUTE(TRIM('수출입 실적(신성질별)'!E10),",","")),"") -> 170248.2 | I6: =IFERROR(VALUE(SUBSTITUTE(TRIM('수출입 실적(신성질별)'!F10),",","")),"") -> 2516357
A7: =TRIM('수출입 실적(신성질별)'!A11) -> 2024.01 | B7: =IFERROR(VALUE(LEFT($A7,4)),"") -> 2024 | C7: =IFERROR(VALUE(RIGHT($A7,2)),"") -> 1 | D7: =IFERROR(ROUNDUP($C7/3,0),"") -> 1 | E7: =TRIM('수출입 실적(신성질별)'!B11) -> 라.간이세율적용분 | F7: =IFERROR(VALUE(SUBSTITUTE(TRIM('수출입 실적(신성질별)'!C11),",","")),"") -> 3504.9 | G7: =IFERROR(VALUE(SUBSTITUTE(TRIM('수출입 실적(신성질별)'!D11),",","")),"") -> 4289 | H7: =IFERROR(VALUE(SUBSTITUTE(TRIM('수출입 실적(신성질별)'!E11),",","")),"") -> 495.8 | I7: =IFERROR(VALUE(SUBSTITUTE(TRIM('수출입 실적(신성질별)'!F11),",","")),"") -> 0
A8: =TRIM('수출입 실적(신성질별)'!A12) -> 2024.01 | B8: =IFERROR(VALUE(LEFT($A8,4)),"") -> 2024 | C8: =IFERROR(VALUE(RIGHT($A8,2)),"") -> 1 | D8: =IFERROR(ROUNDUP($C8/3,0),"") -> 1 | E8: =TRIM('수출입 실적(신성질별)'!B12) -> 2.원자재 | F8: =IFERROR(VALUE(SUBSTITUTE(TRIM('수출입 실적(신성질별)'!C12),",","")),"") -> 14038084 | G8: =IFERROR(VALUE(SUBSTITUTE(TRIM('수출입 실적(신성질별)'!D12),",","")),"") -> 17436372 | H8: =IFERROR(VALUE(SUBSTITUTE(TRIM('수출입 실적(신성질별)'!E12),",","")),"") -> 48283050 | I8: =IFERROR(VALUE(SUBSTITUTE(TRIM('수출입 실적(신성질별)'!F12),",","")),"") -> 27933007
A9: =TRIM('수출입 실적(신성질별)'!A13) -> 2024.01 | B9: =IFERROR(VALUE(LEFT($A9,4)),"") -> 2024 | C9: =IFERROR(VALUE(RIGHT($A9,2)),"") -> 1 | D9: =IFERROR(ROUNDUP($C9/3,0),"") -> 1 | E9: =TRIM('수출입 실적(신성질별)'!B13) -> 가.동식물성 연·원료 | F9: =IFERROR(VALUE(SUBSTITUTE(TRIM('수출입 실적(신성질별)'!C13),",","")),"") -> 348452.9 | G9: =IFERROR(VALUE(SUBSTITUTE(TRIM('수출입 실적(신성질별)'!D13),",","")),"") -> 435996 | H9: =IFERROR(VALUE(SUBSTITUTE(TRIM('수출입 실적(신성질별)'!E13),",","")),"") -> 2872182.6 | I9: =IFERROR(VALUE(SUBSTITUTE(TRIM('수출입 실적(신성질별)'!F13),",","")),"") -> 1428481
A10: =TRIM('수출입 실적(신성질별)'!A14) -> 2024.01 | B10: =IFERROR(VALUE(LEFT($A10,4)),"") -> 2024 | C10: =IFERROR(VALUE(RIGHT($A10,2)),"") -> 1 | D10: =IFERROR(ROUNDUP($C10/3,0),"") -> 1 | E10: =TRIM('수출입 실적(신성질별)'!B14) -> 나.섬유류 | F10: =IFERROR(VALUE(SUBSTITUTE(TRIM('수출입 실적(신성질별)'!C14),",","")),"") -> 130863 | G10: =IFERROR(VALUE(SUBSTITUTE(TRIM('수출입 실적(신성질별)'!D14),",","")),"") -> 613936 | H10: =IFERROR(VALUE(SUBSTITUTE(TRIM('수출입 실적(신성질별)'!E14),",","")),"") -> 106123.8 | I10: =IFERROR(VALUE(SUBSTITUTE(TRIM('수출입 실적(신성질별)'!F14),",","")),"") -> 342160
A11: =TRIM('수출입 실적(신성질별)'!A15) -> 2024.01 | B11: =IFERROR(VALUE(LEFT($A11,4)),"") -> 2024 | C11: =IFERROR(VALUE(RIGHT($A11,2)),"") -> 1 | D11: =IFERROR(ROUNDUP($C11/3,0),"") -> 1 | E11: =TRIM('수출입 실적(신성질별)'!B15) -> 다.광산물 | F11: =IFERROR(VALUE(SUBSTITUTE(TRIM('수출입 실적(신성질별)'!C15),",","")),"") -> 6716263.2 | G11: =IFERROR(VALUE(SUBSTITUTE(TRIM('수출입 실적(신성질별)'!D15),",","")),"") -> 5478639 | H11: =IFERROR(VALUE(SUBSTITUTE(TRIM('수출입 실적(신성질별)'!E15),",","")),"") -> 41389665 | I11: =IFERROR(VALUE(SUBSTITUTE(TRIM('수출입 실적(신성질별)'!F15),",","")),"") -> 18384560
A12: =TRIM('수출입 실적(신성질별)'!A16) -> 2024.01 | B12: =IFERROR(VALUE(LEFT($A12,4)),"") -> 2024 | C12: =IFERROR(VALUE(RIGHT($A12,2)),"") -> 1 | D12: =IFERROR(ROUNDUP($C12/3,0),"") -> 1 | E12: =TRIM('수출입 실적(신성질별)'!B16) -> 라.철강 및 금속제품 | F12: =IFERROR(VALUE(SUBSTITUTE(TRIM('수출입 실적(신성질별)'!C16),",","")),"") -> 2568224.3 | G12: =IFERROR(VALUE(SUBSTITUTE(TRIM('수출입 실적(신성질별)'!D16),",","")),"") -> 3358972 | H12: =IFERROR(VALUE(SUBSTITUTE(TRIM('수출입 실적(신성질별)'!E16),",","")),"") -> 1949849.1 | I12: =IFERROR(VALUE(SUBSTITUTE(TRIM('수출입 실적(신성질별)'!F16),",","")),"") -> 2827181
A13: =TRIM('수출입 실적(신성질별)'!A17) -> 2024.01 | B13: =IFERROR(VALUE(LEFT($A13,4)),"") -> 2024 | C13: =IFERROR(VALUE(RIGHT($A13,2)),"") -> 1 | D13: =IFERROR(ROUNDUP($C13/3,0),"") -> 1 | E13: =TRIM('수출입 실적(신성질별)'!B17) -> 마.화학공업제품 | F13: =IFERROR(VALUE(SUBSTITUTE(TRIM('수출입 실적(신성질별)'!C17),",","")),"") -> 4270890.6 | G13: =IFERROR(VALUE(SUBSTITUTE(TRIM('수출입 실적(신성질별)'!D17),",","")),"") -> 7536310 | H13: =IFERROR(VALUE(SUBSTITUTE(TRIM('수출입 실적(신성질별)'!E17),",","")),"") -> 1961851.4 | I13: =IFERROR(VALUE(SUBSTITUTE(TRIM('수출입 실적(신성질별)'!F17),",","")),"") -> 4943661
A14: =TRIM('수출입 실적(신성질별)'!A18) -> 2024.01 | B14: =IFERROR(VALUE(LEFT($A14,4)),"") -> 2024 | C14: =IFERROR(VALUE(RIGHT($A14,2)),"") -> 1 | D14: =IFERROR(ROUNDUP($C14/3,0),"") -> 1 | E14: =TRIM('수출입 실적(신성질별)'!B18) -> 바.기타 원자재 | F14: =IFERROR(VALUE(SUBSTITUTE(TRIM('수출입 실적(신성질별)'!C18),",","")),"") -> 3390.1 | G14: =IFERROR(VALUE(SUBSTITUTE(TRIM('수출입 실적(신성질별)'!D18),",","")),"") -> 12520 | H14: =IFERROR(VALUE(SUBSTITUTE(TRIM('수출입 실적(신성질별)'!E18),",","")),"") -> 3377.7 | I14: =IFERROR(VALUE(SUBSTITUTE(TRIM('수출입 실적(신성질별)'!F18),",","")),"") -> 6963
... A529: =TRIM('수출입 실적(신성질별)'!A533) -> 2026.07 | B529: =IFERROR(VALUE(LEFT($A529,4)),"") -> 2026 | C529: =IFERROR(VALUE(RIGHT($A529,2)),"") -> 7 | D529: =IFERROR(ROUNDUP($C529/3,0),"") -> 3 | E529: =TRIM('수출입 실적(신성질별)'!B533) -> 라.IT부품 | F529: =IFERROR(VALUE(SUBSTITUTE(TRIM('수출입 실적(신성질별)'!C533),",","")),"") -> 33481.3 | G529: =IFERROR(VALUE(SUBSTITUTE(TRIM('수출입 실적(신성질별)'!D533),",","")),"") -> 42761535 | H529: =IFERROR(VALUE(SUBSTITUTE(TRIM('수출입 실적(신성질별)'!E533),",","")),"") -> 33712.5 | I529: =IFERROR(VALUE(SUBSTITUTE(TRIM('수출입 실적(신성질별)'!F533),",","")),"") -> 11667986

Sheet 분석1_정합성검증
A1: ① 합계 정합성 검증 — 개별항목의 합 vs 총합 (5개 원본 시트 교차)
A2: 원본은 숫자가 텍스트로 저장되어 있어 「데이터_○○」 정제 시트(수식)를 거쳐 검증합니다. 원본 시트는 수정하지 않았습니다. 기간 : 2024.01~2026.07(31개월).
A3: 허용오차(중량, 톤) | B3: 1 | C3: 허용오차(금액, 천달러) | D3: 50 | E3: 품목별 허용오차 | F3: 500
A5: [검증 1] 「수출입 총괄」 총계행 vs 31개월 합계
A6: 항목 | B6: 총계행(원본) | C6: 월별 합계 | D6: 차이 | E6: 판정
A7: 조업일수 | B7: =IFERROR(VALUE(SUBSTITUTE(TRIM('수출입 총괄'!B6),",","")),"") -> 695.5 | C7: =SUM(데이터_총괄!$E$3:$E$33) -> 695.5 | D7: =B7-C7 -> 0 | E7: =IF(ABS(D7)<=$B$3,"일치(반올림오차 이내)","불일치") -> 일치(반올림오차 이내)
A8: 수출 건수 | B8: =IFERROR(VALUE(SUBSTITUTE(TRIM('수출입 총괄'!C6),",","")),"") -> 34342880 | C8: =SUM(데이터_총괄!$F$3:$F$33) -> 34342880 | D8: =B8-C8 -> 0 | E8: =IF(ABS(D8)<=$D$3,"일치(반올림오차 이내)","불일치") -> 일치(반올림오차 이내)
A9: 수출 중량(톤) | B9: =IFERROR(VALUE(SUBSTITUTE(TRIM('수출입 총괄'!D6),",","")),"") -> 5.0565592e+08 | C9: =SUM(데이터_총괄!$G$3:$G$33) -> 5.0565592e+08 | D9: =B9-C9 -> -0.30000001 | E9: =IF(ABS(D9)<=$B$3,"일치(반올림오차 이내)","불일치") -> 일치(반올림오차 이내)
A10: 수출 금액(천$) | B10: =IFERROR(VALUE(SUBSTITUTE(TRIM('수출입 총괄'!E6),",","")),"") -> 1988002368 | C10: =SUM(데이터_총괄!$H$3:$H$33) -> 1988002368 | D10: =B10-C10 -> 0 | E10: =IF(ABS(D10)<=$D$3,"일치(반올림오차 이내)","불일치") -> 일치(반올림오차 이내)
A11: 수입 건수 | B11: =IFERROR(VALUE(SUBSTITUTE(TRIM('수출입 총괄'!F6),",","")),"") -> 141143449 | C11: =SUM(데이터_총괄!$I$3:$I$33) -> 141143449 | D11: =B11-C11 -> 0 | E11: =IF(ABS(D11)<=$D$3,"일치(반올림오차 이내)","불일치") -> 일치(반올림오차 이내)
A12: 수입 중량(톤) | B12: =IFERROR(VALUE(SUBSTITUTE(TRIM('수출입 총괄'!G6),",","")),"") -> 1.414626e+09 | C12: =SUM(데이터_총괄!$J$3:$J$33) -> 1414626021 | D12: =B12-C12 -> -0.099999905 | E12: =IF(ABS(D12)<=$B$3,"일치(반올림오차 이내)","불일치") -> 일치(반올림오차 이내)
A13: 수입 금액(천$) | B13: =IFERROR(VALUE(SUBSTITUTE(TRIM('수출입 총괄'!H6),",","")),"") -> 1690965721 | C13: =SUM(데이터_총괄!$K$3:$K$33) -> 1690965722 | D13: =B13-C13 -> -1 | E13: =IF(ABS(D13)<=$D$3,"일치(반올림오차 이내)","불일치") -> 일치(반올림오차 이내)
A14: 무역수지(천$) | B14: =IFERROR(VALUE(SUBSTITUTE(TRIM('수출입 총괄'!I6),",","")),"") -> 297036647 | C14: =SUM(데이터_총괄!$L$3:$L$33) -> 297036646 | D14: =B14-C14 -> 1 | E14: =IF(ABS(D14)<=$D$3,"일치(반올림오차 이내)","불일치") -> 일치(반올림오차 이내)
A16: [검증 2] 무역수지 항등식 및 시트 간 교차검증 (31개월 총계)
A17: 구분 | B17: 수출 금액 | C17: 수입 금액 | D17: 무역수지 | E17: 수출 중량 | F17: 비고
A18: 수출입 총괄 | B18: =SUM(데이터_총괄!$H$3:$H$33) -> 1988002368 | C18: =SUM(데이터_총괄!$K$3:$K$33) -> 1690965722 | D18: =B18-C18 -> 297036646 | E18: =SUM(데이터_총괄!$G$3:$G$33) -> 5.0565592e+08 | F18: 기준값
A19: 성질별(수출) | B19: =SUMIFS(데이터_성질별수출!$G$3:$G$653,데이터_성질별수출!$E$3:$E$653,"1. 식료 및 직접소비재")+SUMIFS(데이터_성질별수출!$G$3:$G$653,데이터_성질별수출!$E$3:$E$653,"2. 원료 및 연료")+SUMIFS(데이터_성질별수출!$G$3:$G$653,데이터_성질별수출!$E$3:$E$653,"3. 경공업품")+SUMIFS(데이터_성질별수출!$G$3:$G$653,데이터_성질별수출!$E$3:$E$653,"4. 중화학 공업품") -> 1988002371 | C19: - | D19: - | E19: =SUMIFS(데이터_성질별수출!$F$3:$F$653,데이터_성질별수출!$E$3:$E$653,"1. 식료 및 직접소비재")+SUMIFS(데이터_성질별수출!$F$3:$F$653,데이터_성질별수출!$E$3:$E$653,"2. 원료 및 연료")+SUMIFS(데이터_성질별수출!$F$3:$F$653,데이터_성질별수출!$E$3:$E$653,"3. 경공업품")+SUMIFS(데이터_성질별수출!$F$3:$F$653,데이터_성질별수출!$E$3:$E$653,"4. 중화학 공업품") -> 5.0565592e+08 | F19: 대분류 4개 합계
A20: 성질별(수입) | B20: - | C20: =SUMIFS(데이터_성질별수입!$G$3:$G$627,데이터_성질별수입!$E$3:$E$627,"1. 소비재")+SUMIFS(데이터_성질별수입!$G$3:$G$627,데이터_성질별수입!$E$3:$E$627,"2. 원자재")+SUMIFS(데이터_성질별수입!$G$3:$G$627,데이터_성질별수입!$E$3:$E$627,"3. 자본재") -> 1690965721 | D20: - | E20: - | F20: 대분류 3개 합계
A21: 신성질별 | B21: =SUMIFS(데이터_신성질별!$G$3:$G$529,데이터_신성질별!$E$3:$E$529,"1.소비재")+SUMIFS(데이터_신성질별!$G$3:$G$529,데이터_신성질별!$E$3:$E$529,"2.원자재")+SUMIFS(데이터_신성질별!$G$3:$G$529,데이터_신성질별!$E$3:$E$529,"3.자본재") -> 1988002373 | C21: =SUMIFS(데이터_신성질별!$I$3:$I$529,데이터_신성질별!$E$3:$E$529,"1.소비재")+SUMIFS(데이터_신성질별!$I$3:$I$529,데이터_신성질별!$E$3:$E$529,"2.원자재")+SUMIFS(데이터_신성질별!$I$3:$I$529,데이터_신성질별!$E$3:$E$529,"3.자본재") -> 1690965721 | D21: =B21-C21 -> 297036652 | E21: =SUMIFS(데이터_신성질별!$F$3:$F$529,데이터_신성질별!$E$3:$E$529,"1.소비재")+SUMIFS(데이터_신성질별!$F$3:$F$529,데이터_신성질별!$E$3:$E$529,"2.원자재")+SUMIFS(데이터_신성질별!$F$3:$F$529,데이터_신성질별!$E$3:$E$529,"3.자본재") -> 5.0565592e+08 | F21: 대분류 3개 합계
A22: 품목별(HS) | B22: =SUM(데이터_품목별!$H$3:$H$2984) -> 1987154609 | C22: =SUM(데이터_품목별!$J$3:$J$2984) -> 1690339727 | D22: =B22-C22 -> 296814882 | E22: =SUM(데이터_품목별!$G$3:$G$2984) -> 5.0480808e+08 | F22: HS 01~97·99류만 → 과소
A23: 총괄 대비 최대 차이 | B23: =MAX(ABS(B19-B18),ABS(B21-B18)) -> 5 | C23: =MAX(ABS(C20-C18),ABS(C21-C18)) -> 1 | D23: =ABS(D21-D18) -> 6 | E23: =MAX(ABS(E19-E18),ABS(E21-E18)) -> 0.5 | F23: 품목별 제외 기준
A24: 판정 | B24: =IF(B23<=$D$3,"일치","불일치") -> 일치 | C24: =IF(C23<=$D$3,"일치","불일치") -> 일치 | D24: =IF(D23<=$D$3,"일치","불일치") -> 일치 | E24: =IF(E23<=$B$3,"일치","불일치") -> 일치
A26: [검증 3] 「품목별(HS)」 합 vs 「총괄」 — 연도별 차이
A27: 연도 | B27: 품목별 수출 합 | C27: 총괄 수출금액 | D27: 차이 | E27: 차이 비율 | F27: 품목별 수입 합 | G27: 총괄 수입금액 | H27: 차이 | I27: 차이 비율
A28: 2024 | B28: =SUMIFS(데이터_품목별!$H$3:$H$2984,데이터_품목별!$B$3:$B$2984,$A28) -> 683261188 | C28: =SUMIFS(데이터_총괄!$H$3:$H$33,데이터_총괄!$B$3:$B$33,$A28) -> 683609488 | D28: =B28-C28 -> -348300 | E28: =D28/C28 -> -0.00050950141 | F28: =SUMIFS(데이터_품목별!$J$3:$J$2984,데이터_품목별!$B$3:$B$2984,$A28) -> 631525501 | G28: =SUMIFS(데이터_총괄!$K$3:$K$33,데이터_총괄!$B$3:$B$33,$A28) -> 631767209 | H28: =F28-G28 -> -241708 | I28: =H28/G28 -> -0.00038259029
A29: 2025 | B29: =SUMIFS(데이터_품목별!$H$3:$H$2984,데이터_품목별!$B$3:$B$2984,$A29) -> 709033003 | C29: =SUMIFS(데이터_총괄!$H$3:$H$33,데이터_총괄!$B$3:$B$33,$A29) -> 709330044 | D29: =B29-C29 -> -297041 | E29: =D29/C29 -> -0.00041876275 | F29: =SUMIFS(데이터_품목별!$J$3:$J$2984,데이터_품목별!$B$3:$B$2984,$A29) -> 631700945 | G29: =SUMIFS(데이터_총괄!$K$3:$K$33,데이터_총괄!$B$3:$B$33,$A29) -> 631895368 | H29: =F29-G29 -> -194423 | I29: =H29/G29 -> -0.00030768227
A30: 2026 | B30: =SUMIFS(데이터_품목별!$H$3:$H$2984,데이터_품목별!$B$3:$B$2984,$A30) -> 594860418 | C30: =SUMIFS(데이터_총괄!$H$3:$H$33,데이터_총괄!$B$3:$B$33,$A30) -> 595062836 | D30: =B30-C30 -> -202418 | E30: =D30/C30 -> -0.0003401624 | F30: =SUMIFS(데이터_품목별!$J$3:$J$2984,데이터_품목별!$B$3:$B$2984,$A30) -> 427113281 | G30: =SUMIFS(데이터_총괄!$K$3:$K$33,데이터_총괄!$B$3:$B$33,$A30) -> 427303145 | H30: =F30-G30 -> -189864 | I30: =H30/G30 -> -0.00044433092
A31: ★ 품목별 시트는 총괄보다 매년 0.03~0.05% 작습니다. 이 시트에 실제로 존재하는 HS류는 01~97류 중 96개(77류는 HS 결번)와 값이 대부분 0인 99류뿐이고, 98류(특수분류 — 여행자 휴대품·별송품·소액물품 등)가 통째로 빠져 있습니다. 품목 간 비교·순위 분석에는 영향이 없으나 총액 인용 시에는 총괄 시트를 쓰십시오.
A33: [검증 4] 월별 항등식 (수출−수입=수지) 및 성질별 대분류 합 검증
A34: 기간 | B34: 수출−수입 | C34: 원본 수지 | D34: 차이 | E34: 성질별(수출) 대분류합 | F34: 총괄 수출 | G34: 차이 | H34: 신성질별 수입 합 | I34: 총괄 수입 | J34: 차이
A35: =데이터_총괄!A3 -> 2024.01 | B35: =데이터_총괄!H3-데이터_총괄!K3 -> 235212 | C35: =데이터_총괄!L3 -> 235213 | D35: =B35-C35 -> -1 | E35: =SUMIFS(데이터_성질별수출!$G$3:$G$653,데이터_성질별수출!$E$3:$E$653,"1. 식료 및 직접소비재",데이터_성질별수출!$A$3:$A$653,$A35)+SUMIFS(데이터_성질별수출!$G$3:$G$653,데이터_성질별수출!$E$3:$E$653,"2. 원료 및 연료",데이터_성질별수출!$A$3:$A$653,$A35)+SUMIFS(데이터_성질별수출!$G$3:$G$653,데이터_성질별수출!$E$3:$E$653,"3. 경공업품",데이터_성질별수출!$A$3:$A$653,$A35)+SUMIFS(데이터_성질별수출!$G$3:$G$653,데이터_성질별수출!$E$3:$E$653,"4. 중화학 공업품",데이터_성질별수출!$A$3:$A$653,$A35) -> 54709824 | F35: =데이터_총괄!H3 -> 54709823 | G35: =E35-F35 -> 1 | H35: =SUMIFS(데이터_신성질별!$I$3:$I$529,데이터_신성질별!$E$3:$E$529,"1.소비재",데이터_신성질별!$A$3:$A$529,$A35)+SUMIFS(데이터_신성질별!$I$3:$I$529,데이터_신성질별!$E$3:$E$529,"2.원자재",데이터_신성질별!$A$3:$A$529,$A35)+SUMIFS(데이터_신성질별!$I$3:$I$529,데이터_신성질별!$E$3:$E$529,"3.자본재",데이터_신성질별!$A$3:$A$529,$A35) -> 54474611 | I35: =데이터_총괄!K3 -> 54474611 | J35: =H35-I35 -> 0
A36: =데이터_총괄!A4 -> 2024.02 | B36: =데이터_총괄!H4-데이터_총괄!K4 -> 3854530 | C36: =데이터_총괄!L4 -> 3854529 | D36: =B36-C36 -> 1 | E36: =SUMIFS(데이터_성질별수출!$G$3:$G$653,데이터_성질별수출!$E$3:$E$653,"1. 식료 및 직접소비재",데이터_성질별수출!$A$3:$A$653,$A36)+SUMIFS(데이터_성질별수출!$G$3:$G$653,데이터_성질별수출!$E$3:$E$653,"2. 원료 및 연료",데이터_성질별수출!$A$3:$A$653,$A36)+SUMIFS(데이터_성질별수출!$G$3:$G$653,데이터_성질별수출!$E$3:$E$653,"3. 경공업품",데이터_성질별수출!$A$3:$A$653,$A36)+SUMIFS(데이터_성질별수출!$G$3:$G$653,데이터_성질별수출!$E$3:$E$653,"4. 중화학 공업품",데이터_성질별수출!$A$3:$A$653,$A36) -> 52076390 | F36: =데이터_총괄!H4 -> 52076390 | G36: =E36-F36 -> 0 | H36: =SUMIFS(데이터_신성질별!$I$3:$I$529,데이터_신성질별!$E$3:$E$529,"1.소비재",데이터_신성질별!$A$3:$A$529,$A36)+SUMIFS(데이터_신성질별!$I$3:$I$529,데이터_신성질별!$E$3:$E$529,"2.원자재",데이터_신성질별!$A$3:$A$529,$A36)+SUMIFS(데이터_신성질별!$I$3:$I$529,데이터_신성질별!$E$3:$E$529,"3.자본재",데이터_신성질별!$A$3:$A$529,$A36) -> 48221861 | I36: =데이터_총괄!K4 -> 48221860 | J36: =H36-I36 -> 1
A37: =데이터_총괄!A5 -> 2024.03 | B37: =데이터_총괄!H5-데이터_총괄!K5 -> 4405404 | C37: =데이터_총괄!L5 -> 4405404 | D37: =B37-C37 -> 0 | E37: =SUMIFS(데이터_성질별수출!$G$3:$G$653,데이터_성질별수출!$E$3:$E$653,"1. 식료 및 직접소비재",데이터_성질별수출!$A$3:$A$653,$A37)+SUMIFS(데이터_성질별수출!$G$3:$G$653,데이터_성질별수출!$E$3:$E$653,"2. 원료 및 연료",데이터_성질별수출!$A$3:$A$653,$A37)+SUMIFS(데이터_성질별수출!$G$3:$G$653,데이터_성질별수출!$E$3:$E$653,"3. 경공업품",데이터_성질별수출!$A$3:$A$653,$A37)+SUMIFS(데이터_성질별수출!$G$3:$G$653,데이터_성질별수출!$E$3:$E$653,"4. 중화학 공업품",데이터_성질별수출!$A$3:$A$653,$A37) -> 56518309 | F37: =데이터_총괄!H5 -> 56518309 | G37: =E37-F37 -> 0 | H37: =SUMIFS(데이터_신성질별!$I$3:$I$529,데이터_신성질별!$E$3:$E$529,"1.소비재",데이터_신성질별!$A$3:$A$529,$A37)+SUMIFS(데이터_신성질별!$I$3:$I$529,데이터_신성질별!$E$3:$E$529,"2.원자재",데이터_신성질별!$A$3:$A$529,$A37)+SUMIFS(데이터_신성질별!$I$3:$I$529,데이터_신성질별!$E$3:$E$529,"3.자본재",데이터_신성질별!$A$3:$A$529,$A37) -> 52112905 | I37: =데이터_총괄!K5 -> 52112905 | J37: =H37-I37 -> 0
A38: =데이터_총괄!A6 -> 2024.04 | B38: =데이터_총괄!H6-데이터_총괄!K6 -> 1327118 | C38: =데이터_총괄!L6 -> 1327118 | D38: =B38-C38 -> 0 | E38: =SUMIFS(데이터_성질별수출!$G$3:$G$653,데이터_성질별수출!$E$3:$E$653,"1. 식료 및 직접소비재",데이터_성질별수출!$A$3:$A$653,$A38)+SUMIFS(데이터_성질별수출!$G$3:$G$653,데이터_성질별수출!$E$3:$E$653,"2. 원료 및 연료",데이터_성질별수출!$A$3:$A$653,$A38)+SUMIFS(데이터_성질별수출!$G$3:$G$653,데이터_성질별수출!$E$3:$E$653,"3. 경공업품",데이터_성질별수출!$A$3:$A$653,$A38)+SUMIFS(데이터_성질별수출!$G$3:$G$653,데이터_성질별수출!$E$3:$E$653,"4. 중화학 공업품",데이터_성질별수출!$A$3:$A$653,$A38) -> 56148300 | F38: =데이터_총괄!H6 -> 56148299 | G38: =E38-F38 -> 1 | H38: =SUMIFS(데이터_신성질별!$I$3:$I$529,데이터_신성질별!$E$3:$E$529,"1.소비재",데이터_신성질별!$A$3:$A$529,$A38)+SUMIFS(데이터_신성질별!$I$3:$I$529,데이터_신성질별!$E$3:$E$529,"2.원자재",데이터_신성질별!$A$3:$A$529,$A38)+SUMIFS(데이터_신성질별!$I$3:$I$529,데이터_신성질별!$E$3:$E$529,"3.자본재",데이터_신성질별!$A$3:$A$529,$A38) -> 54821181 | I38: =데이터_총괄!K6 -> 54821181 | J38: =H38-I38 -> 0
A39: =데이터_총괄!A7 -> 2024.05 | B39: =데이터_총괄!H7-데이터_총괄!K7 -> 4887620 | C39: =데이터_총괄!L7 -> 4887620 | D39: =B39-C39 -> 0 | E39: =SUMIFS(데이터_성질별수출!$G$3:$G$653,데이터_성질별수출!$E$3:$E$653,"1. 식료 및 직접소비재",데이터_성질별수출!$A$3:$A$653,$A39)+SUMIFS(데이터_성질별수출!$G$3:$G$653,데이터_성질별수출!$E$3:$E$653,"2. 원료 및 연료",데이터_성질별수출!$A$3:$A$653,$A39)+SUMIFS(데이터_성질별수출!$G$3:$G$653,데이터_성질별수출!$E$3:$E$653,"3. 경공업품",데이터_성질별수출!$A$3:$A$653,$A39)+SUMIFS(데이터_성질별수출!$G$3:$G$653,데이터_성질별수출!$E$3:$E$653,"4. 중화학 공업품",데이터_성질별수출!$A$3:$A$653,$A39) -> 58020557 | F39: =데이터_총괄!H7 -> 58020557 | G39: =E39-F39 -> 0 | H39: =SUMIFS(데이터_신성질별!$I$3:$I$529,데이터_신성질별!$E$3:$E$529,"1.소비재",데이터_신성질별!$A$3:$A$529,$A39)+SUMIFS(데이터_신성질별!$I$3:$I$529,데이터_신성질별!$E$3:$E$529,"2.원자재",데이터_신성질별!$A$3:$A$529,$A39)+SUMIFS(데이터_신성질별!$I$3:$I$529,데이터_신성질별!$E$3:$E$529,"3.자본재",데이터_신성질별!$A$3:$A$529,$A39) -> 53132937 | I39: =데이터_총괄!K7 -> 53132937 | J39: =H39-I39 -> 0
A40: =데이터_총괄!A8 -> 2024.06 | B40: =데이터_총괄!H8-데이터_총괄!K8 -> 8251441 | C40: =데이터_총괄!L8 -> 8251441 | D40: =B40-C40 -> 0 | E40: =SUMIFS(데이터_성질별수출!$G$3:$G$653,데이터_성질별수출!$E$3:$E$653,"1. 식료 및 직접소비재",데이터_성질별수출!$A$3:$A$653,$A40)+SUMIFS(데이터_성질별수출!$G$3:$G$653,데이터_성질별수출!$E$3:$E$653,"2. 원료 및 연료",데이터_성질별수출!$A$3:$A$653,$A40)+SUMIFS(데이터_성질별수출!$G$3:$G$653,데이터_성질별수출!$E$3:$E$653,"3. 경공업품",데이터_성질별수출!$A$3:$A$653,$A40)+SUMIFS(데이터_성질별수출!$G$3:$G$653,데이터_성질별수출!$E$3:$E$653,"4. 중화학 공업품",데이터_성질별수출!$A$3:$A$653,$A40) -> 57341635 | F40: =데이터_총괄!H8 -> 57341634 | G40: =E40-F40 -> 1 | H40: =SUMIFS(데이터_신성질별!$I$3:$I$529,데이터_신성질별!$E$3:$E$529,"1.소비재",데이터_신성질별!$A$3:$A$529,$A40)+SUMIFS(데이터_신성질별!$I$3:$I$529,데이터_신성질별!$E$3:$E$529,"2.원자재",데이터_신성질별!$A$3:$A$529,$A40)+SUMIFS(데이터_신성질별!$I$3:$I$529,데이터_신성질별!$E$3:$E$529,"3.자본재",데이터_신성질별!$A$3:$A$529,$A40) -> 49090194 | I40: =데이터_총괄!K8 -> 49090193 | J40: =H40-I40 -> 1
A41: =데이터_총괄!A9 -> 2024.07 | B41: =데이터_총괄!H9-데이터_총괄!K9 -> 3620046 | C41: =데이터_총괄!L9 -> 3620046 | D41: =B41-C41 -> 0 | E41: =SUMIFS(데이터_성질별수출!$G$3:$G$653,데이터_성질별수출!$E$3:$E$653,"1. 식료 및 직접소비재",데이터_성질별수출!$A$3:$A$653,$A41)+SUMIFS(데이터_성질별수출!$G$3:$G$653,데이터_성질별수출!$E$3:$E$653,"2. 원료 및 연료",데이터_성질별수출!$A$3:$A$653,$A41)+SUMIFS(데이터_성질별수출!$G$3:$G$653,데이터_성질별수출!$E$3:$E$653,"3. 경공업품",데이터_성질별수출!$A$3:$A$653,$A41)+SUMIFS(데이터_성질별수출!$G$3:$G$653,데이터_성질별수출!$E$3:$E$653,"4. 중화학 공업품",데이터_성질별수출!$A$3:$A$653,$A41) -> 57458788 | F41: =데이터_총괄!H9 -> 57458788 | G41: =E41-F41 -> 0 | H41: =SUMIFS(데이터_신성질별!$I$3:$I$529,데이터_신성질별!$E$3:$E$529,"1.소비재",데이터_신성질별!$A$3:$A$529,$A41)+SUMIFS(데이터_신성질별!$I$3:$I$529,데이터_신성질별!$E$3:$E$529,"2.원자재",데이터_신성질별!$A$3:$A$529,$A41)+SUMIFS(데이터_신성질별!$I$3:$I$529,데이터_신성질별!$E$3:$E$529,"3.자본재",데이터_신성질별!$A$3:$A$529,$A41) -> 53838742 | I41: =데이터_총괄!K9 -> 53838742 | J41: =H41-I41 -> 0
A42: =데이터_총괄!A10 -> 2024.08 | B42: =데이터_총괄!H10-데이터_총괄!K10 -> 3588030 | C42: =데이터_총괄!L10 -> 3588030 | D42: =B42-C42 -> 0 | E42: =SUMIFS(데이터_성질별수출!$G$3:$G$653,데이터_성질별수출!$E$3:$E$653,"1. 식료 및 직접소비재",데이터_성질별수출!$A$3:$A$653,$A42)+SUMIFS(데이터_성질별수출!$G$3:$G$653,데이터_성질별수출!$E$3:$E$653,"2. 원료 및 연료",데이터_성질별수출!$A$3:$A$653,$A42)+SUMIFS(데이터_성질별수출!$G$3:$G$653,데이터_성질별수출!$E$3:$E$653,"3. 경공업품",데이터_성질별수출!$A$3:$A$653,$A42)+SUMIFS(데이터_성질별수출!$G$3:$G$653,데이터_성질별수출!$E$3:$E$653,"4. 중화학 공업품",데이터_성질별수출!$A$3:$A$653,$A42) -> 57642925 | F42: =데이터_총괄!H10 -> 57642924 | G42: =E42-F42 -> 1 | H42: =SUMIFS(데이터_신성질별!$I$3:$I$529,데이터_신성질별!$E$3:$E$529,"1.소비재",데이터_신성질별!$A$3:$A$529,$A42)+SUMIFS(데이터_신성질별!$I$3:$I$529,데이터_신성질별!$E$3:$E$529,"2.원자재",데이터_신성질별!$A$3:$A$529,$A42)+SUMIFS(데이터_신성질별!$I$3:$I$529,데이터_신성질별!$E$3:$E$529,"3.자본재",데이터_신성질별!$A$3:$A$529,$A42) -> 54054895 | I42: =데이터_총괄!K10 -> 54054894 | J42: =H42-I42 -> 1
A43: =데이터_총괄!A11 -> 2024.09 | B43: =데이터_총괄!H11-데이터_총괄!K11 -> 6441768 | C43: =데이터_총괄!L11 -> 6441768 | D43: =B43-C43 -> 0 | E43: =SUMIFS(데이터_성질별수출!$G$3:$G$653,데이터_성질별수출!$E$3:$E$653,"1. 식료 및 직접소비재",데이터_성질별수출!$A$3:$A$653,$A43)+SUMIFS(데이터_성질별수출!$G$3:$G$653,데이터_성질별수출!$E$3:$E$653,"2. 원료 및 연료",데이터_성질별수출!$A$3:$A$653,$A43)+SUMIFS(데이터_성질별수출!$G$3:$G$653,데이터_성질별수출!$E$3:$E$653,"3. 경공업품",데이터_성질별수출!$A$3:$A$653,$A43)+SUMIFS(데이터_성질별수출!$G$3:$G$653,데이터_성질별수출!$E$3:$E$653,"4. 중화학 공업품",데이터_성질별수출!$A$3:$A$653,$A43) -> 58544693 | F43: =데이터_총괄!H11 -> 58544693 | G43: =E43-F43 -> 0 | H43: =SUMIFS(데이터_신성질별!$I$3:$I$529,데이터_신성질별!$E$3:$E$529,"1.소비재",데이터_신성질별!$A$3:$A$529,$A43)+SUMIFS(데이터_신성질별!$I$3:$I$529,데이터_신성질별!$E$3:$E$529,"2.원자재",데이터_신성질별!$A$3:$A$529,$A43)+SUMIFS(데이터_신성질별!$I$3:$I$529,데이터_신성질별!$E$3:$E$529,"3.자본재",데이터_신성질별!$A$3:$A$529,$A43) -> 52102924 | I43: =데이터_총괄!K11 -> 52102925 | J43: =H43-I43 -> -1
A44: =데이터_총괄!A12 -> 2024.10 | B44: =데이터_총괄!H12-데이터_총괄!K12 -> 3168603 | C44: =데이터_총괄!L12 -> 3168604 | D44: =B44-C44 -> -1 | E44: =SUMIFS(데이터_성질별수출!$G$3:$G$653,데이터_성질별수출!$E$3:$E$653,"1. 식료 및 직접소비재",데이터_성질별수출!$A$3:$A$653,$A44)+SUMIFS(데이터_성질별수출!$G$3:$G$653,데이터_성질별수출!$E$3:$E$653,"2. 원료 및 연료",데이터_성질별수출!$A$3:$A$653,$A44)+SUMIFS(데이터_성질별수출!$G$3:$G$653,데이터_성질별수출!$E$3:$E$653,"3. 경공업품",데이터_성질별수출!$A$3:$A$653,$A44)+SUMIFS(데이터_성질별수출!$G$3:$G$653,데이터_성질별수출!$E$3:$E$653,"4. 중화학 공업품",데이터_성질별수출!$A$3:$A$653,$A44) -> 57500192 | F44: =데이터_총괄!H12 -> 57500192 | G44: =E44-F44 -> 0 | H44: =SUMIFS(데이터_신성질별!$I$3:$I$529,데이터_신성질별!$E$3:$E$529,"1.소비재",데이터_신성질별!$A$3:$A$529,$A44)+SUMIFS(데이터_신성질별!$I$3:$I$529,데이터_신성질별!$E$3:$E$529,"2.원자재",데이터_신성질별!$A$3:$A$529,$A44)+SUMIFS(데이터_신성질별!$I$3:$I$529,데이터_신성질별!$E$3:$E$529,"3.자본재",데이터_신성질별!$A$3:$A$529,$A44) -> 54331589 | I44: =데이터_총괄!K12 -> 54331589 | J44: =H44-I44 -> 0
A45: =데이터_총괄!A13 -> 2024.11 | B45: =데이터_총괄!H13-데이터_총괄!K13 -> 5569637 | C45: =데이터_총괄!L13 -> 5569637 | D45: =B45-C45 -> 0 | E45: =SUMIFS(데이터_성질별수출!$G$3:$G$653,데이터_성질별수출!$E$3:$E$653,"1. 식료 및 직접소비재",데이터_성질별수출!$A$3:$A$653,$A45)+SUMIFS(데이터_성질별수출!$G$3:$G$653,데이터_성질별수출!$E$3:$E$653,"2. 원료 및 연료",데이터_성질별수출!$A$3:$A$653,$A45)+SUMIFS(데이터_성질별수출!$G$3:$G$653,데이터_성질별수출!$E$3:$E$653,"3. 경공업품",데이터_성질별수출!$A$3:$A$653,$A45)+SUMIFS(데이터_성질별수출!$G$3:$G$653,데이터_성질별수출!$E$3:$E$653,"4. 중화학 공업품",데이터_성질별수출!$A$3:$A$653,$A45) -> 56288629 | F45: =데이터_총괄!H13 -> 56288629 | G45: =E45-F45 -> 0 | H45: =SUMIFS(데이터_신성질별!$I$3:$I$529,데이터_신성질별!$E$3:$E$529,"1.소비재",데이터_신성질별!$A$3:$A$529,$A45)+SUMIFS(데이터_신성질별!$I$3:$I$529,데이터_신성질별!$E$3:$E$529,"2.원자재",데이터_신성질별!$A$3:$A$529,$A45)+SUMIFS(데이터_신성질별!$I$3:$I$529,데이터_신성질별!$E$3:$E$529,"3.자본재",데이터_신성질별!$A$3:$A$529,$A45) -> 50718992 | I45: =데이터_총괄!K13 -> 50718992 | J45: =H45-I45 -> 0
A46: =데이터_총괄!A14 -> 2024.12 | B46: =데이터_총괄!H14-데이터_총괄!K14 -> 6492870 | C46: =데이터_총괄!L14 -> 6492870 | D46: =B46-C46 -> 0 | E46: =SUMIFS(데이터_성질별수출!$G$3:$G$653,데이터_성질별수출!$E$3:$E$653,"1. 식료 및 직접소비재",데이터_성질별수출!$A$3:$A$653,$A46)+SUMIFS(데이터_성질별수출!$G$3:$G$653,데이터_성질별수출!$E$3:$E$653,"2. 원료 및 연료",데이터_성질별수출!$A$3:$A$653,$A46)+SUMIFS(데이터_성질별수출!$G$3:$G$653,데이터_성질별수출!$E$3:$E$653,"3. 경공업품",데이터_성질별수출!$A$3:$A$653,$A46)+SUMIFS(데이터_성질별수출!$G$3:$G$653,데이터_성질별수출!$E$3:$E$653,"4. 중화학 공업품",데이터_성질별수출!$A$3:$A$653,$A46) -> 61359250 | F46: =데이터_총괄!H14 -> 61359250 | G46: =E46-F46 -> 0 | H46: =SUMIFS(데이터_신성질별!$I$3:$I$529,데이터_신성질별!$E$3:$E$529,"1.소비재",데이터_신성질별!$A$3:$A$529,$A46)+SUMIFS(데이터_신성질별!$I$3:$I$529,데이터_신성질별!$E$3:$E$529,"2.원자재",데이터_신성질별!$A$3:$A$529,$A46)+SUMIFS(데이터_신성질별!$I$3:$I$529,데이터_신성질별!$E$3:$E$529,"3.자본재",데이터_신성질별!$A$3:$A$529,$A46) -> 54866380 | I46: =데이터_총괄!K14 -> 54866380 | J46: =H46-I46 -> 0
... A65: =데이터_총괄!A33 -> 2026.07 | B65: =데이터_총괄!H33-데이터_총괄!K33 -> 30391626 | C65: =데이터_총괄!L33 -> 30391625 | D65: =B65-C65 -> 1 | E65: =SUMIFS(데이터_성질별수출!$G$3:$G$653,데이터_성질별수출!$E$3:$E$653,"1. 식료 및 직접소비재",데이터_성질별수출!$A$3:$A$653,$A65)+SUMIFS(데이터_성질별수출!$G$3:$G$653,데이터_성질별수출!$E$3:$E$653,"2. 원료 및 연료",데이터_성질별수출!$A$3:$A$653,$A65)+SUMIFS(데이터_성질별수출!$G$3:$G$653,데이터_성질별수출!$E$3:$E$653,"3. 경공업품",데이터_성질별수출!$A$3:$A$653,$A65)+SUMIFS(데이터_성질별수출!$G$3:$G$653,데이터_성질별수출!$E$3:$E$653,"4. 중화학 공업품",데이터_성질별수출!$A$3:$A$653,$A65) -> 98959100 | F65: =데이터_총괄!H33 -> 98959099 | G65: =E65-F65 -> 1 | H65: =SUMIFS(데이터_신성질별!$I$3:$I$529,데이터_신성질별!$E$3:$E$529,"1.소비재",데이터_신성질별!$A$3:$A$529,$A65)+SUMIFS(데이터_신성질별!$I$3:$I$529,데이터_신성질별!$E$3:$E$529,"2.원자재",데이터_신성질별!$A$3:$A$529,$A65)+SUMIFS(데이터_신성질별!$I$3:$I$529,데이터_신성질별!$E$3:$E$529,"3.자본재",데이터_신성질별!$A$3:$A$529,$A65) -> 68567473 | I65: =데이터_총괄!K33 -> 68567473 | J65: =H65-I65 -> 0
A66: 최대 절대차이 | D66: =MAX(MAX(D35:D65),-MIN(D35:D65)) -> 1 | G66: =MAX(MAX(G35:G65),-MIN(G35:G65)) -> 1 | J66: =MAX(MAX(J35:J65),-MIN(J35:J65)) -> 1
A67: 판정 | D67: =IF(D66<=$D$3,"일치","불일치") -> 일치 | G67: =IF(G66<=$D$3,"일치","불일치") -> 일치 | J67: =IF(J66<=$D$3,"일치","불일치") -> 일치

Sheet 분석2_월별추이
A1: ② 월별 추이 (2024.01 ~ 2026.07, 31개월)
A2: 「데이터_총괄」 참조. 일평균 = 금액÷조업일수, 단가 = 금액÷중량, 순상품교역조건 = 수출단가÷수입단가, 12개월 이동합 = 최근 12개월 누계(계절성 제거 추세).
A4: 기간 | B4: 조업일수 | C4: 수출 건수 | D4: 수출 중량(톤) | E4: 수출 금액(천$) | F4: 수입 금액(천$) | G4: 무역수지(천$) | H4: 수출 전월비 | I4: 수입 전월비 | J4: 수출 전년동월비 | K4: 수입 전년동월비 | L4: 수지 전년동월증감 | M4: 일평균 수출(천$) | N4: 일평균 전년동월비 | O4: 수출단가(천$/톤) | P4: 수입단가(천$/톤) | Q4: 순상품교역조건 | R4: 수출 12개월 이동합 | S4: 수지 12개월 이동합 | T4: 연내 누계 수출
A5: =데이터_총괄!A3 -> 2024.01 | B5: =데이터_총괄!E3 -> 24 | C5: =데이터_총괄!F3 -> 1035551 | D5: =데이터_총괄!G3 -> 17105791 | E5: =데이터_총괄!H3 -> 54709823 | F5: =데이터_총괄!K3 -> 54474611 | G5: =데이터_총괄!L3 -> 235213 | M5: =E5/B5 -> 2279576 | O5: =E5/D5 -> 3.1983218 | P5: =F5/데이터_총괄!J3 -> 1.0602759 | Q5: =O5/P5 -> 3.0164995 | T5: =SUMIFS(데이터_총괄!$H$3:$H$33,데이터_총괄!$B$3:$B$33,VALUE(LEFT($A5,4)),데이터_총괄!$C$3:$C$33,"<="&VALUE(RIGHT($A5,2))) -> 54709823
A6: =데이터_총괄!A4 -> 2024.02 | B6: =데이터_총괄!E4 -> 20.5 | C6: =데이터_총괄!F4 -> 906528 | D6: =데이터_총괄!G4 -> 15678986 | E6: =데이터_총괄!H4 -> 52076390 | F6: =데이터_총괄!K4 -> 48221860 | G6: =데이터_총괄!L4 -> 3854529 | H6: =E6/E5-1 -> -0.048134555 | I6: =F6/F5-1 -> -0.11478285 | M6: =E6/B6 -> 2540311.7 | O6: =E6/D6 -> 3.3214132 | P6: =F6/데이터_총괄!J4 -> 1.0554166 | Q6: =O6/P6 -> 3.1470164 | T6: =SUMIFS(데이터_총괄!$H$3:$H$33,데이터_총괄!$B$3:$B$33,VALUE(LEFT($A6,4)),데이터_총괄!$C$3:$C$33,"<="&VALUE(RIGHT($A6,2))) -> 106786213
A7: =데이터_총괄!A5 -> 2024.03 | B7: =데이터_총괄!E5 -> 22.5 | C7: =데이터_총괄!F5 -> 1018882 | D7: =데이터_총괄!G5 -> 16805632 | E7: =데이터_총괄!H5 -> 56518309 | F7: =데이터_총괄!K5 -> 52112905 | G7: =데이터_총괄!L5 -> 4405404 | H7: =E7/E6-1 -> 0.085296216 | I7: =F7/F6-1 -> 0.080690479 | M7: =E7/B7 -> 2511924.8 | O7: =E7/D7 -> 3.3630577 | P7: =F7/데이터_총괄!J5 -> 1.1759213 | Q7: =O7/P7 -> 2.8599343 | T7: =SUMIFS(데이터_총괄!$H$3:$H$33,데이터_총괄!$B$3:$B$33,VALUE(LEFT($A7,4)),데이터_총괄!$C$3:$C$33,"<="&VALUE(RIGHT($A7,2))) -> 163304522
A8: =데이터_총괄!A6 -> 2024.04 | B8: =데이터_총괄!E6 -> 23 | C8: =데이터_총괄!F6 -> 1012749 | D8: =데이터_총괄!G6 -> 16491489 | E8: =데이터_총괄!H6 -> 56148299 | F8: =데이터_총괄!K6 -> 54821181 | G8: =데이터_총괄!L6 -> 1327118 | H8: =E8/E7-1 -> -0.0065467281 | I8: =F8/F7-1 -> 0.051969392 | M8: =E8/B8 -> 2441230.4 | O8: =E8/D8 -> 3.4046833 | P8: =F8/데이터_총괄!J6 -> 1.1513189 | Q8: =O8/P8 -> 2.9572028 | T8: =SUMIFS(데이터_총괄!$H$3:$H$33,데이터_총괄!$B$3:$B$33,VALUE(LEFT($A8,4)),데이터_총괄!$C$3:$C$33,"<="&VALUE(RIGHT($A8,2))) -> 219452821
A9: =데이터_총괄!A7 -> 2024.05 | B9: =데이터_총괄!E7 -> 22 | C9: =데이터_총괄!F7 -> 1038452 | D9: =데이터_총괄!G7 -> 16793798 | E9: =데이터_총괄!H7 -> 58020557 | F9: =데이터_총괄!K7 -> 53132937 | G9: =데이터_총괄!L7 -> 4887620 | H9: =E9/E8-1 -> 0.033344875 | I9: =F9/F8-1 -> -0.030795469 | M9: =E9/B9 -> 2637298 | O9: =E9/D9 -> 3.4548799 | P9: =F9/데이터_총괄!J7 -> 1.1580777 | Q9: =O9/P9 -> 2.9832886 | T9: =SUMIFS(데이터_총괄!$H$3:$H$33,데이터_총괄!$B$3:$B$33,VALUE(LEFT($A9,4)),데이터_총괄!$C$3:$C$33,"<="&VALUE(RIGHT($A9,2))) -> 277473378
A10: =데이터_총괄!A8 -> 2024.06 | B10: =데이터_총괄!E8 -> 21.5 | C10: =데이터_총괄!F8 -> 1015654 | D10: =데이터_총괄!G8 -> 14641435 | E10: =데이터_총괄!H8 -> 57341634 | F10: =데이터_총괄!K8 -> 49090193 | G10: =데이터_총괄!L8 -> 8251441 | H10: =E10/E9-1 -> -0.011701422 | I10: =F10/F9-1 -> -0.076087343 | M10: =E10/B10 -> 2667052.7 | O10: =E10/D10 -> 3.9163945 | P10: =F10/데이터_총괄!J8 -> 1.1496165 | Q10: =O10/P10 -> 3.4066965 | T10: =SUMIFS(데이터_총괄!$H$3:$H$33,데이터_총괄!$B$3:$B$33,VALUE(LEFT($A10,4)),데이터_총괄!$C$3:$C$33,"<="&VALUE(RIGHT($A10,2))) -> 334815012
A11: =데이터_총괄!A9 -> 2024.07 | B11: =데이터_총괄!E9 -> 25 | C11: =데이터_총괄!F9 -> 1111979 | D11: =데이터_총괄!G9 -> 16697113 | E11: =데이터_총괄!H9 -> 57458788 | F11: =데이터_총괄!K9 -> 53838742 | G11: =데이터_총괄!L9 -> 3620046 | H11: =E11/E10-1 -> 0.0020430879 | I11: =F11/F10-1 -> 0.096731113 | M11: =E11/B11 -> 2298351.5 | O11: =E11/D11 -> 3.4412408 | P11: =F11/데이터_총괄!J9 -> 1.1893386 | Q11: =O11/P11 -> 2.8934071 | T11: =SUMIFS(데이터_총괄!$H$3:$H$33,데이터_총괄!$B$3:$B$33,VALUE(LEFT($A11,4)),데이터_총괄!$C$3:$C$33,"<="&VALUE(RIGHT($A11,2))) -> 392273800
A12: =데이터_총괄!A10 -> 2024.08 | B12: =데이터_총괄!E10 -> 23.5 | C12: =데이터_총괄!F10 -> 971248 | D12: =데이터_총괄!G10 -> 17070041 | E12: =데이터_총괄!H10 -> 57642924 | F12: =데이터_총괄!K10 -> 54054894 | G12: =데이터_총괄!L10 -> 3588030 | H12: =E12/E11-1 -> 0.0032046621 | I12: =F12/F11-1 -> 0.0040148041 | M12: =E12/B12 -> 2452890.4 | O12: =E12/D12 -> 3.3768474 | P12: =F12/데이터_총괄!J10 -> 1.0883826 | Q12: =O12/P12 -> 3.1026289 | T12: =SUMIFS(데이터_총괄!$H$3:$H$33,데이터_총괄!$B$3:$B$33,VALUE(LEFT($A12,4)),데이터_총괄!$C$3:$C$33,"<="&VALUE(RIGHT($A12,2))) -> 449916724
A13: =데이터_총괄!A11 -> 2024.09 | B13: =데이터_총괄!E11 -> 20 | C13: =데이터_총괄!F11 -> 1151289 | D13: =데이터_총괄!G11 -> 16449775 | E13: =데이터_총괄!H11 -> 58544693 | F13: =데이터_총괄!K11 -> 52102925 | G13: =데이터_총괄!L11 -> 6441768 | H13: =E13/E12-1 -> 0.015644054 | I13: =F13/F12-1 -> -0.036110865 | M13: =E13/B13 -> 2927234.6 | O13: =E13/D13 -> 3.5589965 | P13: =F13/데이터_총괄!J11 -> 1.1802566 | Q13: =O13/P13 -> 3.015443 | T13: =SUMIFS(데이터_총괄!$H$3:$H$33,데이터_총괄!$B$3:$B$33,VALUE(LEFT($A13,4)),데이터_총괄!$C$3:$C$33,"<="&VALUE(RIGHT($A13,2))) -> 508461417
A14: =데이터_총괄!A12 -> 2024.10 | B14: =데이터_총괄!E12 -> 22 | C14: =데이터_총괄!F12 -> 1020830 | D14: =데이터_총괄!G12 -> 15994864 | E14: =데이터_총괄!H12 -> 57500192 | F14: =데이터_총괄!K12 -> 54331589 | G14: =데이터_총괄!L12 -> 3168604 | H14: =E14/E13-1 -> -0.017841088 | I14: =F14/F13-1 -> 0.042774259 | M14: =E14/B14 -> 2613645.1 | O14: =E14/D14 -> 3.5949161 | P14: =F14/데이터_총괄!J12 -> 1.1449661 | Q14: =O14/P14 -> 3.1397576 | T14: =SUMIFS(데이터_총괄!$H$3:$H$33,데이터_총괄!$B$3:$B$33,VALUE(LEFT($A14,4)),데이터_총괄!$C$3:$C$33,"<="&VALUE(RIGHT($A14,2))) -> 565961609
A15: =데이터_총괄!A13 -> 2024.11 | B15: =데이터_총괄!E13 -> 23.5 | C15: =데이터_총괄!F13 -> 1221469 | D15: =데이터_총괄!G13 -> 15893956 | E15: =데이터_총괄!H13 -> 56288629 | F15: =데이터_총괄!K13 -> 50718992 | G15: =데이터_총괄!L13 -> 5569637 | H15: =E15/E14-1 -> -0.021070591 | I15: =F15/F14-1 -> -0.06649165 | M15: =E15/B15 -> 2395260.8 | O15: =E15/D15 -> 3.5415116 | P15: =F15/데이터_총괄!J13 -> 1.1496657 | Q15: =O15/P15 -> 3.0804707 | T15: =SUMIFS(데이터_총괄!$H$3:$H$33,데이터_총괄!$B$3:$B$33,VALUE(LEFT($A15,4)),데이터_총괄!$C$3:$C$33,"<="&VALUE(RIGHT($A15,2))) -> 622250238
A16: =데이터_총괄!A14 -> 2024.12 | B16: =데이터_총괄!E14 -> 23 | C16: =데이터_총괄!F14 -> 1135404 | D16: =데이터_총괄!G14 -> 17620291 | E16: =데이터_총괄!H14 -> 61359250 | F16: =데이터_총괄!K14 -> 54866380 | G16: =데이터_총괄!L14 -> 6492870 | H16: =E16/E15-1 -> 0.09008251 | I16: =F16/F15-1 -> 0.081771893 | M16: =E16/B16 -> 2667793.5 | O16: =E16/D16 -> 3.4823062 | P16: =F16/데이터_총괄!J14 -> 1.1426925 | Q16: =O16/P16 -> 3.0474569 | R16: =SUM(E5:E16) -> 683609488 | S16: =SUM(G5:G16) -> 51842280 | T16: =SUMIFS(데이터_총괄!$H$3:$H$33,데이터_총괄!$B$3:$B$33,VALUE(LEFT($A16,4)),데이터_총괄!$C$3:$C$33,"<="&VALUE(RIGHT($A16,2))) -> 683609488
A17: =데이터_총괄!A15 -> 2025.01 | B17: =데이터_총괄!E15 -> 20 | C17: =데이터_총괄!F15 -> 924441 | D17: =데이터_총괄!G15 -> 14986302 | E17: =데이터_총괄!H15 -> 49176984 | F17: =데이터_총괄!K15 -> 51172292 | G17: =데이터_총괄!L15 -> -1995308 | H17: =E17/E16-1 -> -0.19854001 | I17: =F17/F16-1 -> -0.067328809 | J17: =E17/E5-1 -> -0.10113063 | K17: =F17/F5-1 -> -0.06062125 | L17: =G17-G5 -> -2230521 | M17: =E17/B17 -> 2458849.2 | N17: =M17/M5-1 -> 0.078643241 | O17: =E17/D17 -> 3.2814623 | P17: =F17/데이터_총괄!J15 -> 1.0677057 | Q17: =O17/P17 -> 3.0733771 | R17: =SUM(E6:E17) -> 678076649 | S17: =SUM(G6:G17) -> 49611759 | T17: =SUMIFS(데이터_총괄!$H$3:$H$33,데이터_총괄!$B$3:$B$33,VALUE(LEFT($A17,4)),데이터_총괄!$C$3:$C$33,"<="&VALUE(RIGHT($A17,2))) -> 49176984
A18: =데이터_총괄!A16 -> 2025.02 | B18: =데이터_총괄!E16 -> 22 | C18: =데이터_총괄!F16 -> 1014431 | D18: =데이터_총괄!G16 -> 16151895 | E18: =데이터_총괄!H16 -> 52292301 | F18: =데이터_총괄!K16 -> 48328741 | G18: =데이터_총괄!L16 -> 3963560 | H18: =E18/E17-1 -> 0.063349086 | I18: =F18/F17-1 -> -0.055568177 | J18: =E18/E6-1 -> 0.0041460439 | K18: =F18/F6-1 -> 0.0022164429 | L18: =G18-G6 -> 109031 | M18: =E18/B18 -> 2376922.8 | N18: =M18/M6-1 -> -0.064318459 | O18: =E18/D18 -> 3.2375335 | P18: =F18/데이터_총괄!J16 -> 1.163561 | Q18: =O18/P18 -> 2.7824354 | R18: =SUM(E7:E18) -> 678292560 | S18: =SUM(G7:G18) -> 49720790 | T18: =SUMIFS(데이터_총괄!$H$3:$H$33,데이터_총괄!$B$3:$B$33,VALUE(LEFT($A18,4)),데이터_총괄!$C$3:$C$33,"<="&VALUE(RIGHT($A18,2))) -> 101469285
A19: =데이터_총괄!A17 -> 2025.03 | B19: =데이터_총괄!E17 -> 22 | C19: =데이터_총괄!F17 -> 1236266 | D19: =데이터_총괄!G17 -> 15702060 | E19: =데이터_총괄!H17 -> 58064562 | F19: =데이터_총괄!K17 -> 53341032 | G19: =데이터_총괄!L17 -> 4723530 | H19: =E19/E18-1 -> 0.11038453 | I19: =F19/F18-1 -> 0.10371243 | J19: =E19/E7-1 -> 0.027358444 | K19: =F19/F7-1 -> 0.023566658 | L19: =G19-G7 -> 318126 | M19: =E19/B19 -> 2639298.3 | N19: =M19/M7-1 -> 0.0507075 | O19: =E19/D19 -> 3.6978946 | P19: =F19/데이터_총괄!J17 -> 1.2712276 | Q19: =O19/P19 -> 2.9089162 | R19: =SUM(E8:E19) -> 679838813 | S19: =SUM(G8:G19) -> 50038916 | T19: =SUMIFS(데이터_총괄!$H$3:$H$33,데이터_총괄!$B$3:$B$33,VALUE(LEFT($A19,4)),데이터_총괄!$C$3:$C$33,"<="&VALUE(RIGHT($A19,2))) -> 159533847
A20: =데이터_총괄!A18 -> 2025.04 | B20: =데이터_총괄!E18 -> 24 | C20: =데이터_총괄!F18 -> 1088160 | D20: =데이터_총괄!G18 -> 17527805 | E20: =데이터_총괄!H18 -> 58035745 | F20: =데이터_총괄!K18 -> 53232716 | G20: =데이터_총괄!L18 -> 4803029 | H20: =E20/E19-1 -> -0.00049629239 | I20: =F20/F19-1 -> -0.0020306319 | J20: =E20/E8-1 -> 0.033615373 | K20: =F20/F8-1 -> -0.028975388 | L20: =G20-G8 -> 3475911 | M20: =E20/B20 -> 2418156 | N20: =M20/M8-1 -> -0.0094519345 | O20: =E20/D20 -> 3.3110675 | P20: =F20/데이터_총괄!J18 -> 1.1762413 | Q20: =O20/P20 -> 2.8149561 | R20: =SUM(E9:E20) -> 681726259 | S20: =SUM(G9:G20) -> 53514827 | T20: =SUMIFS(데이터_총괄!$H$3:$H$33,데이터_총괄!$B$3:$B$33,VALUE(LEFT($A20,4)),데이터_총괄!$C$3:$C$33,"<="&VALUE(RIGHT($A20,2))) -> 217569592
A21: =데이터_총괄!A19 -> 2025.05 | B21: =데이터_총괄!E19 -> 21.5 | C21: =데이터_총괄!F19 -> 1034785 | D21: =데이터_총괄!G19 -> 16573463 | E21: =데이터_총괄!H19 -> 57261063 | F21: =데이터_총괄!K19 -> 50345116 | G21: =데이터_총괄!L19 -> 6915946 | H21: =E21/E20-1 -> -0.01334836 | I21: =F21/F20-1 -> -0.054244837 | J21: =E21/E9-1 -> -0.013090085 | K21: =F21/F9-1 -> -0.052468792 | L21: =G21-G9 -> 2028326 | M21: =E21/B21 -> 2663305.3 | N21: =M21/M9-1 -> 0.0098613088 | O21: =E21/D21 -> 3.4549848 | P21: =F21/데이터_총괄!J19 -> 1.1699875 | Q21: =O21/P21 -> 2.9530101 | R21: =SUM(E10:E21) -> 680966765 | S21: =SUM(G10:G21) -> 55543153 | T21: =SUMIFS(데이터_총괄!$H$3:$H$33,데이터_총괄!$B$3:$B$33,VALUE(LEFT($A21,4)),데이터_총괄!$C$3:$C$33,"<="&VALUE(RIGHT($A21,2))) -> 274830655
A22: =데이터_총괄!A20 -> 2025.06 | B22: =데이터_총괄!E20 -> 21 | C22: =데이터_총괄!F20 -> 1328545 | D22: =데이터_총괄!G20 -> 16221157 | E22: =데이터_총괄!H20 -> 59833797 | F22: =데이터_총괄!K20 -> 50825746 | G22: =데이터_총괄!L20 -> 9008051 | H22: =E22/E21-1 -> 0.044929903 | I22: =F22/F21-1 -> 0.0095467056 | J22: =E22/E10-1 -> 0.043461667 | K22: =F22/F10-1 -> 0.035354373 | L22: =G22-G10 -> 756610 | M22: =E22/B22 -> 2849228.4 | N22: =M22/M10-1 -> 0.068305992 | O22: =E22/D22 -> 3.688627 | P22: =F22/데이터_총괄!J20 -> 1.1894938 | Q22: =O22/P22 -> 3.1010055 | R22: =SUM(E11:E22) -> 683458928 | S22: =SUM(G11:G22) -> 56299763 | T22: =SUMIFS(데이터_총괄!$H$3:$H$33,데이터_총괄!$B$3:$B$33,VALUE(LEFT($A22,4)),데이터_총괄!$C$3:$C$33,"<="&VALUE(RIGHT($A22,2))) -> 334664452
A23: =데이터_총괄!A21 -> 2025.07 | B23: =데이터_총괄!E21 -> 25 | C23: =데이터_총괄!F21 -> 1177196 | D23: =데이터_총괄!G21 -> 17580838 | E23: =데이터_총괄!H21 -> 60724322 | F23: =데이터_총괄!K21 -> 54210371 | G23: =데이터_총괄!L21 -> 6513951 | H23: =E23/E22-1 -> 0.014883311 | I23: =F23/F22-1 -> 0.066592726 | J23: =E23/E11-1 -> 0.056832629 | K23: =F23/F11-1 -> 0.0069026316 | L23: =G23-G11 -> 2893905 | M23: =E23/B23 -> 2428972.9 | N23: =M23/M11-1 -> 0.056832629 | O23: =E23/D23 -> 3.4540061 | P23: =F23/데이터_총괄!J21 -> 1.1403055 | Q23: =O23/P23 -> 3.0290181 | R23: =SUM(E12:E23) -> 686724462 | S23: =SUM(G12:G23) -> 59193668 | T23: =SUMIFS(데이터_총괄!$H$3:$H$33,데이터_총괄!$B$3:$B$33,VALUE(LEFT($A23,4)),데이터_총괄!$C$3:$C$33,"<="&VALUE(RIGHT($A23,2))) -> 395388774
A24: =데이터_총괄!A22 -> 2025.08 | B24: =데이터_총괄!E22 -> 22.5 | C24: =데이터_총괄!F22 -> 1058881 | D24: =데이터_총괄!G22 -> 17118674 | E24: =데이터_총괄!H22 -> 58259332 | F24: =데이터_총괄!K22 -> 51856624 | G24: =데이터_총괄!L22 -> 6402708 | H24: =E24/E23-1 -> -0.040593125 | I24: =F24/F23-1 -> -0.043418758 | J24: =E24/E12-1 -> 0.010693559 | K24: =F24/F12-1 -> -0.040667363 | L24: =G24-G12 -> 2814678 | M24: =E24/B24 -> 2589303.6 | N24: =M24/M12-1 -> 0.055613273 | O24: =E24/D24 -> 3.403262 | P24: =F24/데이터_총괄!J22 -> 1.0660892 | Q24: =O24/P24 -> 3.1922865 | R24: =SUM(E13:E24) -> 687340870 | S24: =SUM(G13:G24) -> 62008346 | T24: =SUMIFS(데이터_총괄!$H$3:$H$33,데이터_총괄!$B$3:$B$33,VALUE(LEFT($A24,4)),데이터_총괄!$C$3:$C$33,"<="&VALUE(RIGHT($A24,2))) -> 453648106
A25: =데이터_총괄!A23 -> 2025.09 | B25: =데이터_총괄!E23 -> 24 | C25: =데이터_총괄!F23 -> 1451822 | D25: =데이터_총괄!G23 -> 18076703 | E25: =데이터_총괄!H23 -> 65904118 | F25: =데이터_총괄!K23 -> 56419614 | G25: =데이터_총괄!L23 -> 9484504 | H25: =E25/E24-1 -> 0.13121994 | I25: =F25/F24-1 -> 0.087992423 | J25: =E25/E13-1 -> 0.1257061 | K25: =F25/F13-1 -> 0.082849264 | L25: =G25-G13 -> 3042736 | M25: =E25/B25 -> 2746004.9 | N25: =M25/M13-1 -> -0.061911584 | O25: =E25/D25 -> 3.6458041 | P25: =F25/데이터_총괄!J23 -> 1.1933502 | Q25: =O25/P25 -> 3.0550999 | R25: =SUM(E14:E25) -> 694700295 | S25: =SUM(G14:G25) -> 65051082 | T25: =SUMIFS(데이터_총괄!$H$3:$H$33,데이터_총괄!$B$3:$B$33,VALUE(LEFT($A25,4)),데이터_총괄!$C$3:$C$33,"<="&VALUE(RIGHT($A25,2))) -> 519552224
A26: =데이터_총괄!A24 -> 2025.10 | B26: =데이터_총괄!E24 -> 20 | C26: =데이터_총괄!F24 -> 1040165 | D26: =데이터_총괄!G24 -> 16017318 | E26: =데이터_총괄!H24 -> 59511578 | F26: =데이터_총괄!K24 -> 53510827 | G26: =데이터_총괄!L24 -> 6000751 | H26: =E26/E25-1 -> -0.096997581 | I26: =F26/F25-1 -> -0.051556308 | J26: =E26/E14-1 -> 0.034980509 | K26: =F26/F14-1 -> -0.015106534 | L26: =G26-G14 -> 2832147 | M26: =E26/B26 -> 2975578.9 | N26: =M26/M14-1 -> 0.13847856 | O26: =E26/D26 -> 3.7154521 | P26: =F26/데이터_총괄!J24 -> 1.1247467 | Q26: =O26/P26 -> 3.303368 | R26: =SUM(E15:E26) -> 696711681 | S26: =SUM(G15:G26) -> 67883229 | T26: =SUMIFS(데이터_총괄!$H$3:$H$33,데이터_총괄!$B$3:$B$33,VALUE(LEFT($A26,4)),데이터_총괄!$C$3:$C$33,"<="&VALUE(RIGHT($A26,2))) -> 579063802
A27: =데이터_총괄!A25 -> 2025.11 | B27: =데이터_총괄!E25 -> 22.5 | C27: =데이터_총괄!F25 -> 1152460 | D27: =데이터_총괄!G25 -> 14605096 | E27: =데이터_총괄!H25 -> 60752618 | F27: =데이터_총괄!K25 -> 51284605 | G27: =데이터_총괄!L25 -> 9468013 | H27: =E27/E26-1 -> 0.020853757 | I27: =F27/F26-1 -> -0.041603207 | J27: =E27/E15-1 -> 0.079305342 | K27: =F27/F15-1 -> 0.011151897 | L27: =G27-G15 -> 3898376 | M27: =E27/B27 -> 2700116.4 | N27: =M27/M15-1 -> 0.12727447 | O27: =E27/D27 -> 4.1596862 | P27: =F27/데이터_총괄!J25 -> 1.1775207 | Q27: =O27/P27 -> 3.5325801 | R27: =SUM(E16:E27) -> 701175670 | S27: =SUM(G16:G27) -> 71781605 | T27: =SUMIFS(데이터_총괄!$H$3:$H$33,데이터_총괄!$B$3:$B$33,VALUE(LEFT($A27,4)),데이터_총괄!$C$3:$C$33,"<="&VALUE(RIGHT($A27,2))) -> 639816420
A28: =데이터_총괄!A26 -> 2025.12 | B28: =데이터_총괄!E26 -> 24 | C28: =데이터_총괄!F26 -> 1275309 | D28: =데이터_총괄!G26 -> 17977896 | E28: =데이터_총괄!H26 -> 69513624 | F28: =데이터_총괄!K26 -> 57367684 | G28: =데이터_총괄!L26 -> 12145941 | H28: =E28/E27-1 -> 0.14420788 | I28: =F28/F27-1 -> 0.11861413 | J28: =E28/E16-1 -> 0.13289559 | K28: =F28/F16-1 -> 0.045589011 | L28: =G28-G16 -> 5653071 | M28: =E28/B28 -> 2896401 | N28: =M28/M16-1 -> 0.085691611 | O28: =E28/D28 -> 3.8666162 | P28: =F28/데이터_총괄!J26 -> 1.2074762 | Q28: =O28/P28 -> 3.2022298 | R28: =SUM(E17:E28) -> 709330044 | S28: =SUM(G17:G28) -> 77434676 | T28: =SUMIFS(데이터_총괄!$H$3:$H$33,데이터_총괄!$B$3:$B$33,VALUE(LEFT($A28,4)),데이터_총괄!$C$3:$C$33,"<="&VALUE(RIGHT($A28,2))) -> 709330044
... A35: =데이터_총괄!A33 -> 2026.07 | B35: =데이터_총괄!E33 -> 24 | C35: =데이터_총괄!F33 -> 1111934 | D35: =데이터_총괄!G33 -> 17660681 | E35: =데이터_총괄!H33 -> 98959099 | F35: =데이터_총괄!K33 -> 68567473 | G35: =데이터_총괄!L33 -> 30391625 | H35: =E35/E34-1 -> -0.029395576 | I35: =F35/F34-1 -> 0.038089729 | J35: =E35/E23-1 -> 0.62964519 | K35: =F35/F23-1 -> 0.2648405 | L35: =G35-G23 -> 23877674 | M35: =E35/B35 -> 4123295.8 | N35: =M35/M23-1 -> 0.69754707 | O35: =E35/D35 -> 5.603357 | P35: =F35/데이터_총괄!J33 -> 1.3406702 | Q35: =O35/P35 -> 4.1795193 | R35: =SUM(E24:E35) -> 909004106 | S35: =SUM(G24:G35) -> 211261607 | T35: =SUMIFS(데이터_총괄!$H$3:$H$33,데이터_총괄!$B$3:$B$33,VALUE(LEFT($A35,4)),데이터_총괄!$C$3:$C$33,"<="&VALUE(RIGHT($A35,2))) -> 595062836
A37: 2024년 연간 | B37: =SUMIFS(데이터_총괄!$E$3:$E$33,데이터_총괄!$B$3:$B$33,2024) -> 270.5 | C37: =SUMIFS(데이터_총괄!$F$3:$F$33,데이터_총괄!$B$3:$B$33,2024) -> 12640035 | D37: =SUMIFS(데이터_총괄!$G$3:$G$33,데이터_총괄!$B$3:$B$33,2024) -> 1.9724317e+08 | E37: =SUMIFS(데이터_총괄!$H$3:$H$33,데이터_총괄!$B$3:$B$33,2024) -> 683609488 | F37: =SUMIFS(데이터_총괄!$K$3:$K$33,데이터_총괄!$B$3:$B$33,2024) -> 631767209 | G37: =SUMIFS(데이터_총괄!$L$3:$L$33,데이터_총괄!$B$3:$B$33,2024) -> 51842280 | M37: =E37/B37 -> 2527207 | O37: =E37/D37 -> 3.4658208 | P37: =F37/SUMIFS(데이터_총괄!$J$3:$J$33,데이터_총괄!$B$3:$B$33,2024) -> 1.1357728 | Q37: =O37/P37 -> 3.051509
A38: 2025년 연간 | B38: =SUMIFS(데이터_총괄!$E$3:$E$33,데이터_총괄!$B$3:$B$33,2025) -> 268.5 | C38: =SUMIFS(데이터_총괄!$F$3:$F$33,데이터_총괄!$B$3:$B$33,2025) -> 13782461 | D38: =SUMIFS(데이터_총괄!$G$3:$G$33,데이터_총괄!$B$3:$B$33,2025) -> 1.9853921e+08 | E38: =SUMIFS(데이터_총괄!$H$3:$H$33,데이터_총괄!$B$3:$B$33,2025) -> 709330044 | F38: =SUMIFS(데이터_총괄!$K$3:$K$33,데이터_총괄!$B$3:$B$33,2025) -> 631895368 | G38: =SUMIFS(데이터_총괄!$L$3:$L$33,데이터_총괄!$B$3:$B$33,2025) -> 77434676 | M38: =E38/B38 -> 2641825.1 | O38: =E38/D38 -> 3.5727454 | P38: =F38/SUMIFS(데이터_총괄!$J$3:$J$33,데이터_총괄!$B$3:$B$33,2025) -> 1.1604235 | Q38: =O38/P38 -> 3.078829
A39: 2026년 1~7월 | B39: =SUMIFS(데이터_총괄!$E$3:$E$33,데이터_총괄!$B$3:$B$33,2026) -> 156.5 | C39: =SUMIFS(데이터_총괄!$F$3:$F$33,데이터_총괄!$B$3:$B$33,2026) -> 7920384 | D39: =SUMIFS(데이터_총괄!$G$3:$G$33,데이터_총괄!$B$3:$B$33,2026) -> 1.0987354e+08 | E39: =SUMIFS(데이터_총괄!$H$3:$H$33,데이터_총괄!$B$3:$B$33,2026) -> 595062836 | F39: =SUMIFS(데이터_총괄!$K$3:$K$33,데이터_총괄!$B$3:$B$33,2026) -> 427303145 | G39: =SUMIFS(데이터_총괄!$L$3:$L$33,데이터_총괄!$B$3:$B$33,2026) -> 167759690 | M39: =E39/B39 -> 3802318.4 | O39: =E39/D39 -> 5.4158885 | P39: =F39/SUMIFS(데이터_총괄!$J$3:$J$33,데이터_총괄!$B$3:$B$33,2026,데이터_총괄!$C$3:$C$33,"<=7") -> 1.3615186 | Q39: =O39/P39 -> 3.9778293
A40: 2024년 1~7월 | B40: =SUMIFS(데이터_총괄!$E$3:$E$33,데이터_총괄!$B$3:$B$33,2024,데이터_총괄!$C$3:$C$33,"<=7") -> 158.5 | C40: =SUMIFS(데이터_총괄!$F$3:$F$33,데이터_총괄!$B$3:$B$33,2024,데이터_총괄!$C$3:$C$33,"<=7") -> 7139795 | D40: =SUMIFS(데이터_총괄!$G$3:$G$33,데이터_총괄!$B$3:$B$33,2024,데이터_총괄!$C$3:$C$33,"<=7") -> 1.1421424e+08 | E40: =SUMIFS(데이터_총괄!$H$3:$H$33,데이터_총괄!$B$3:$B$33,2024,데이터_총괄!$C$3:$C$33,"<=7") -> 392273800 | F40: =SUMIFS(데이터_총괄!$K$3:$K$33,데이터_총괄!$B$3:$B$33,2024,데이터_총괄!$C$3:$C$33,"<=7") -> 365692429 | G40: =SUMIFS(데이터_총괄!$L$3:$L$33,데이터_총괄!$B$3:$B$33,2024,데이터_총괄!$C$3:$C$33,"<=7") -> 26581371 | M40: =E40/B40 -> 2474913.6 | O40: =E40/D40 -> 3.4345436 | P40: =F40/SUMIFS(데이터_총괄!$J$3:$J$33,데이터_총괄!$B$3:$B$33,2024,데이터_총괄!$C$3:$C$33,"<=7") -> 1.1327016 | Q40: =O40/P40 -> 3.0321698
A41: 2025년 1~7월 | B41: =SUMIFS(데이터_총괄!$E$3:$E$33,데이터_총괄!$B$3:$B$33,2025,데이터_총괄!$C$3:$C$33,"<=7") -> 155.5 | C41: =SUMIFS(데이터_총괄!$F$3:$F$33,데이터_총괄!$B$3:$B$33,2025,데이터_총괄!$C$3:$C$33,"<=7") -> 7803824 | D41: =SUMIFS(데이터_총괄!$G$3:$G$33,데이터_총괄!$B$3:$B$33,2025,데이터_총괄!$C$3:$C$33,"<=7") -> 1.1474352e+08 | E41: =SUMIFS(데이터_총괄!$H$3:$H$33,데이터_총괄!$B$3:$B$33,2025,데이터_총괄!$C$3:$C$33,"<=7") -> 395388774 | F41: =SUMIFS(데이터_총괄!$K$3:$K$33,데이터_총괄!$B$3:$B$33,2025,데이터_총괄!$C$3:$C$33,"<=7") -> 361456014 | G41: =SUMIFS(데이터_총괄!$L$3:$L$33,데이터_총괄!$B$3:$B$33,2025,데이터_총괄!$C$3:$C$33,"<=7") -> 33932759 | M41: =E41/B41 -> 2542693.1 | O41: =E41/D41 -> 3.4458484 | P41: =F41/SUMIFS(데이터_총괄!$J$3:$J$33,데이터_총괄!$B$3:$B$33,2025,데이터_총괄!$C$3:$C$33,"<=7") -> 1.1660661 | Q41: =O41/P41 -> 2.9551054
A42: 25→26 동기비(1~7월) | B42: =B39/B41-1 -> 0.0064308682 | C42: =C39/C41-1 -> 0.014936267 | D42: =D39/D41-1 -> -0.042442308 | E42: =E39/E41-1 -> 0.50500691 | F42: =F39/F41-1 -> 0.18217191 | G42: =G39-G41 -> 133826931 | M42: =M39/M41-1 -> 0.49539025 | O42: =O39/O41-1 -> 0.57171408
A43: 24→25 동기비(1~7월) | B43: =B41/B40-1 -> -0.018927445 | C43: =C41/C40-1 -> 0.093003931 | D43: =D41/D40-1 -> 0.0046340621 | E43: =E41/E40-1 -> 0.0079408158 | F43: =F41/F40-1 -> -0.01158464 | G43: =G41-G40 -> 7351388 | M43: =M41/M40-1 -> 0.027386619 | O43: =O41/O40-1 -> 0.0032915007

Sheet 분석3_MoM·QoQ·YoY
A1: ③ MoM · QoQ · YoY 분석
A2: MoM(전월비)은 조업일수 차이에 취약하므로 일평균 기준 MoM을 함께 제시했습니다. QoQ는 분기 대비, YoY는 전년 동기 대비입니다. 2026년은 7월까지만 있어 3분기는 7월 1개월만 반영된 부분분기입니다.
A4: [A] 월별 MoM · YoY (2024.01~2026.07)
A5: 기간 | B5: 수출 금액 | C5: MoM | D5: 일평균 MoM | E5: YoY | F5: YoY 3개월이평 | G5: 수입 금액 | H5: MoM | I5: YoY | J5: 무역수지 | K5: 수지 MoM증감 | L5: 수지 YoY증감
A6: =분석2_월별추이!A5 -> 2024.01 | B6: =분석2_월별추이!E5 -> 54709823 | G6: =분석2_월별추이!F5 -> 54474611 | J6: =분석2_월별추이!G5 -> 235213
A7: =분석2_월별추이!A6 -> 2024.02 | B7: =분석2_월별추이!E6 -> 52076390 | C7: =B7/B6-1 -> -0.048134555 | D7: =분석2_월별추이!M6/분석2_월별추이!M5-1 -> 0.11437906 | G7: =분석2_월별추이!F6 -> 48221860 | H7: =G7/G6-1 -> -0.11478285 | J7: =분석2_월별추이!G6 -> 3854529 | K7: =J7-J6 -> 3619316
A8: =분석2_월별추이!A7 -> 2024.03 | B8: =분석2_월별추이!E7 -> 56518309 | C8: =B8/B7-1 -> 0.085296216 | D8: =분석2_월별추이!M7/분석2_월별추이!M6-1 -> -0.011174559 | G8: =분석2_월별추이!F7 -> 52112905 | H8: =G8/G7-1 -> 0.080690479 | J8: =분석2_월별추이!G7 -> 4405404 | K8: =J8-J7 -> 550875
A9: =분석2_월별추이!A8 -> 2024.04 | B9: =분석2_월별추이!E8 -> 56148299 | C9: =B9/B8-1 -> -0.0065467281 | D9: =분석2_월별추이!M8/분석2_월별추이!M7-1 -> -0.028143538 | G9: =분석2_월별추이!F8 -> 54821181 | H9: =G9/G8-1 -> 0.051969392 | J9: =분석2_월별추이!G8 -> 1327118 | K9: =J9-J8 -> -3078286
A10: =분석2_월별추이!A9 -> 2024.05 | B10: =분석2_월별추이!E9 -> 58020557 | C10: =B10/B9-1 -> 0.033344875 | D10: =분석2_월별추이!M9/분석2_월별추이!M8-1 -> 0.080315096 | G10: =분석2_월별추이!F9 -> 53132937 | H10: =G10/G9-1 -> -0.030795469 | J10: =분석2_월별추이!G9 -> 4887620 | K10: =J10-J9 -> 3560502
A11: =분석2_월별추이!A10 -> 2024.06 | B11: =분석2_월별추이!E10 -> 57341634 | C11: =B11/B10-1 -> -0.011701422 | D11: =분석2_월별추이!M10/분석2_월별추이!M9-1 -> 0.011282266 | G11: =분석2_월별추이!F10 -> 49090193 | H11: =G11/G10-1 -> -0.076087343 | J11: =분석2_월별추이!G10 -> 8251441 | K11: =J11-J10 -> 3363821
A12: =분석2_월별추이!A11 -> 2024.07 | B12: =분석2_월별추이!E11 -> 57458788 | C12: =B12/B11-1 -> 0.0020430879 | D12: =분석2_월별추이!M11/분석2_월별추이!M10-1 -> -0.13824294 | G12: =분석2_월별추이!F11 -> 53838742 | H12: =G12/G11-1 -> 0.096731113 | J12: =분석2_월별추이!G11 -> 3620046 | K12: =J12-J11 -> -4631395
A13: =분석2_월별추이!A12 -> 2024.08 | B13: =분석2_월별추이!E12 -> 57642924 | C13: =B13/B12-1 -> 0.0032046621 | D13: =분석2_월별추이!M12/분석2_월별추이!M11-1 -> 0.067239002 | G13: =분석2_월별추이!F12 -> 54054894 | H13: =G13/G12-1 -> 0.0040148041 | J13: =분석2_월별추이!G12 -> 3588030 | K13: =J13-J12 -> -32016
A14: =분석2_월별추이!A13 -> 2024.09 | B14: =분석2_월별추이!E13 -> 58544693 | C14: =B14/B13-1 -> 0.015644054 | D14: =분석2_월별추이!M13/분석2_월별추이!M12-1 -> 0.19338176 | G14: =분석2_월별추이!F13 -> 52102925 | H14: =G14/G13-1 -> -0.036110865 | J14: =분석2_월별추이!G13 -> 6441768 | K14: =J14-J13 -> 2853738
A15: =분석2_월별추이!A14 -> 2024.10 | B15: =분석2_월별추이!E14 -> 57500192 | C15: =B15/B14-1 -> -0.017841088 | D15: =분석2_월별추이!M14/분석2_월별추이!M13-1 -> -0.10712826 | G15: =분석2_월별추이!F14 -> 54331589 | H15: =G15/G14-1 -> 0.042774259 | J15: =분석2_월별추이!G14 -> 3168604 | K15: =J15-J14 -> -3273164
A16: =분석2_월별추이!A15 -> 2024.11 | B16: =분석2_월별추이!E15 -> 56288629 | C16: =B16/B15-1 -> -0.021070591 | D16: =분석2_월별추이!M15/분석2_월별추이!M14-1 -> -0.083555446 | G16: =분석2_월별추이!F15 -> 50718992 | H16: =G16/G15-1 -> -0.06649165 | J16: =분석2_월별추이!G15 -> 5569637 | K16: =J16-J15 -> 2401033
A17: =분석2_월별추이!A16 -> 2024.12 | B17: =분석2_월별추이!E16 -> 61359250 | C17: =B17/B16-1 -> 0.09008251 | D17: =분석2_월별추이!M16/분석2_월별추이!M15-1 -> 0.11377996 | G17: =분석2_월별추이!F16 -> 54866380 | H17: =G17/G16-1 -> 0.081771893 | J17: =분석2_월별추이!G16 -> 6492870 | K17: =J17-J16 -> 923233
A18: =분석2_월별추이!A17 -> 2025.01 | B18: =분석2_월별추이!E17 -> 49176984 | C18: =B18/B17-1 -> -0.19854001 | D18: =분석2_월별추이!M17/분석2_월별추이!M16-1 -> -0.078321009 | E18: =B18/B6-1 -> -0.10113063 | G18: =분석2_월별추이!F17 -> 51172292 | H18: =G18/G17-1 -> -0.067328809 | I18: =G18/G6-1 -> -0.06062125 | J18: =분석2_월별추이!G17 -> -1995308 | K18: =J18-J17 -> -8488178 | L18: =J18-J6 -> -2230521
A19: =분석2_월별추이!A18 -> 2025.02 | B19: =분석2_월별추이!E18 -> 52292301 | C19: =B19/B18-1 -> 0.063349086 | D19: =분석2_월별추이!M18/분석2_월별추이!M17-1 -> -0.033319013 | E19: =B19/B7-1 -> 0.0041460439 | G19: =분석2_월별추이!F18 -> 48328741 | H19: =G19/G18-1 -> -0.055568177 | I19: =G19/G7-1 -> 0.0022164429 | J19: =분석2_월별추이!G18 -> 3963560 | K19: =J19-J18 -> 5958868 | L19: =J19-J7 -> 109031
A20: =분석2_월별추이!A19 -> 2025.03 | B20: =분석2_월별추이!E19 -> 58064562 | C20: =B20/B19-1 -> 0.11038453 | D20: =분석2_월별추이!M19/분석2_월별추이!M18-1 -> 0.11038453 | E20: =B20/B8-1 -> 0.027358444 | F20: =SUM(B18:B20)/SUM(B6:B8)-1 -> -0.023089838 | G20: =분석2_월별추이!F19 -> 53341032 | H20: =G20/G19-1 -> 0.10371243 | I20: =G20/G8-1 -> 0.023566658 | J20: =분석2_월별추이!G19 -> 4723530 | K20: =J20-J19 -> 759970 | L20: =J20-J8 -> 318126
A21: =분석2_월별추이!A20 -> 2025.04 | B21: =분석2_월별추이!E20 -> 58035745 | C21: =B21/B20-1 -> -0.00049629239 | D21: =분석2_월별추이!M20/분석2_월별추이!M19-1 -> -0.083788268 | E21: =B21/B9-1 -> 0.033615373 | F21: =SUM(B19:B21)/SUM(B7:B9)-1 -> 0.022153354 | G21: =분석2_월별추이!F20 -> 53232716 | H21: =G21/G20-1 -> -0.0020306319 | I21: =G21/G9-1 -> -0.028975388 | J21: =분석2_월별추이!G20 -> 4803029 | K21: =J21-J20 -> 79499 | L21: =J21-J9 -> 3475911
A22: =분석2_월별추이!A21 -> 2025.05 | B22: =분석2_월별추이!E21 -> 57261063 | C22: =B22/B21-1 -> -0.01334836 | D22: =분석2_월별추이!M21/분석2_월별추이!M20-1 -> 0.10137858 | E22: =B22/B10-1 -> -0.013090085 | F22: =SUM(B20:B22)/SUM(B8:B10)-1 -> 0.015667288 | G22: =분석2_월별추이!F21 -> 50345116 | H22: =G22/G21-1 -> -0.054244837 | I22: =G22/G10-1 -> -0.052468792 | J22: =분석2_월별추이!G21 -> 6915946 | K22: =J22-J21 -> 2112917 | L22: =J22-J10 -> 2028326
A23: =분석2_월별추이!A22 -> 2025.06 | B23: =분석2_월별추이!E22 -> 59833797 | C23: =B23/B22-1 -> 0.044929903 | D23: =분석2_월별추이!M22/분석2_월별추이!M21-1 -> 0.069809186 | E23: =B23/B11-1 -> 0.043461667 | F23: =SUM(B21:B23)/SUM(B9:B11)-1 -> 0.021107251 | G23: =분석2_월별추이!F22 -> 50825746 | H23: =G23/G22-1 -> 0.0095467056 | I23: =G23/G11-1 -> 0.035354373 | J23: =분석2_월별추이!G22 -> 9008051 | K23: =J23-J22 -> 2092105 | L23: =J23-J11 -> 756610
A24: =분석2_월별추이!A23 -> 2025.07 | B24: =분석2_월별추이!E23 -> 60724322 | C24: =B24/B23-1 -> 0.014883311 | D24: =분석2_월별추이!M23/분석2_월별추이!M22-1 -> -0.14749802 | E24: =B24/B12-1 -> 0.056832629 | F24: =SUM(B22:B24)/SUM(B10:B12)-1 -> 0.028921275 | G24: =분석2_월별추이!F23 -> 54210371 | H24: =G24/G23-1 -> 0.066592726 | I24: =G24/G12-1 -> 0.0069026316 | J24: =분석2_월별추이!G23 -> 6513951 | K24: =J24-J23 -> -2494100 | L24: =J24-J12 -> 2893905
A25: =분석2_월별추이!A24 -> 2025.08 | B25: =분석2_월별추이!E24 -> 58259332 | C25: =B25/B24-1 -> -0.040593125 | D25: =분석2_월별추이!M24/분석2_월별추이!M23-1 -> 0.066007639 | E25: =B25/B13-1 -> 0.010693559 | F25: =SUM(B23:B25)/SUM(B11:B13)-1 -> 0.036963473 | G25: =분석2_월별추이!F24 -> 51856624 | H25: =G25/G24-1 -> -0.043418758 | I25: =G25/G13-1 -> -0.040667363 | J25: =분석2_월별추이!G24 -> 6402708 | K25: =J25-J24 -> -111243 | L25: =J25-J13 -> 2814678
A26: =분석2_월별추이!A25 -> 2025.09 | B26: =분석2_월별추이!E25 -> 65904118 | C26: =B26/B25-1 -> 0.13121994 | D26: =분석2_월별추이!M25/분석2_월별추이!M24-1 -> 0.060518693 | E26: =B26/B14-1 -> 0.1257061 | F26: =SUM(B24:B26)/SUM(B12:B14)-1 -> 0.064737113 | G26: =분석2_월별추이!F25 -> 56419614 | H26: =G26/G25-1 -> 0.087992423 | I26: =G26/G14-1 -> 0.082849264 | J26: =분석2_월별추이!G25 -> 9484504 | K26: =J26-J25 -> 3081796 | L26: =J26-J14 -> 3042736
A27: =분석2_월별추이!A26 -> 2025.10 | B27: =분석2_월별추이!E26 -> 59511578 | C27: =B27/B26-1 -> -0.096997581 | D27: =분석2_월별추이!M26/분석2_월별추이!M25-1 -> 0.083602903 | E27: =B27/B15-1 -> 0.034980509 | F27: =SUM(B25:B27)/SUM(B13:B15)-1 -> 0.057500979 | G27: =분석2_월별추이!F26 -> 53510827 | H27: =G27/G26-1 -> -0.051556308 | I27: =G27/G15-1 -> -0.015106534 | J27: =분석2_월별추이!G26 -> 6000751 | K27: =J27-J26 -> -3483753 | L27: =J27-J15 -> 2832147
A28: =분석2_월별추이!A27 -> 2025.11 | B28: =분석2_월별추이!E27 -> 60752618 | C28: =B28/B27-1 -> 0.020853757 | D28: =분석2_월별추이!M27/분석2_월별추이!M26-1 -> -0.092574438 | E28: =B28/B16-1 -> 0.079305342 | F28: =SUM(B26:B28)/SUM(B14:B16)-1 -> 0.08027922 | G28: =분석2_월별추이!F27 -> 51284605 | H28: =G28/G27-1 -> -0.041603207 | I28: =G28/G16-1 -> 0.011151897 | J28: =분석2_월별추이!G27 -> 9468013 | K28: =J28-J27 -> 3467262 | L28: =J28-J16 -> 3898376
A29: =분석2_월별추이!A28 -> 2025.12 | B29: =분석2_월별추이!E28 -> 69513624 | C29: =B29/B28-1 -> 0.14420788 | D29: =분석2_월별추이!M28/분석2_월별추이!M27-1 -> 0.072694884 | E29: =B29/B17-1 -> 0.13289559 | F29: =SUM(B27:B29)/SUM(B15:B17)-1 -> 0.083527891 | G29: =분석2_월별추이!F28 -> 57367684 | H29: =G29/G28-1 -> 0.11861413 | I29: =G29/G17-1 -> 0.045589011 | J29: =분석2_월별추이!G28 -> 12145941 | K29: =J29-J28 -> 2677928 | L29: =J29-J17 -> 5653071
A30: =분석2_월별추이!A29 -> 2026.01 | B30: =분석2_월별추이!E29 -> 65843937 | C30: =B30/B29-1 -> -0.052790903 | D30: =분석2_월별추이!M29/분석2_월별추이!M28-1 -> -0.032637518 | E30: =B30/B18-1 -> 0.33891775 | F30: =SUM(B28:B30)/SUM(B16:B18)-1 -> 0.17554527 | G30: =분석2_월별추이!F29 -> 57143469 | H30: =G30/G29-1 -> -0.0039083851 | I30: =G30/G18-1 -> 0.1166877 | J30: =분석2_월별추이!G29 -> 8700468 | K30: =J30-J29 -> -3445473 | L30: =J30-J18 -> 10695776
A31: =분석2_월별추이!A30 -> 2026.02 | B31: =분석2_월별추이!E30 -> 67642547 | C31: =B31/B30-1 -> 0.027316258 | D31: =분석2_월별추이!M30/분석2_월별추이!M29-1 -> 0.270628 | E31: =B31/B19-1 -> 0.29354696 | F31: =SUM(B29:B31)/SUM(B17:B19)-1 -> 0.24671089 | G31: =분석2_월별추이!F30 -> 51933913 | H31: =G31/G30-1 -> -0.091166254 | I31: =G31/G19-1 -> 0.074596853 | J31: =분석2_월별추이!G30 -> 15708634 | K31: =J31-J30 -> 7008166 | L31: =J31-J19 -> 11745074
... A36: =분석2_월별추이!A35 -> 2026.07 | B36: =분석2_월별추이!E35 -> 98959099 | C36: =B36/B35-1 -> -0.029395576 | D36: =분석2_월별추이!M35/분석2_월별추이!M34-1 -> -0.090058352 | E36: =B36/B24-1 -> 0.62964519 | F36: =SUM(B34:B36)/SUM(B22:B24)-1 -> 0.62238594 | G36: =분석2_월별추이!F35 -> 68567473 | H36: =G36/G35-1 -> 0.038089729 | I36: =G36/G24-1 -> 0.2648405 | J36: =분석2_월별추이!G35 -> 30391625 | K36: =J36-J35 -> -5512948 | L36: =J36-J24 -> 23877674
A38: [B] 분기별 QoQ · YoY
A39: 분기 | B39: 수출 금액 | C39: QoQ | D39: YoY | E39: 수입 금액 | F39: QoQ | G39: YoY | H39: 무역수지 | I39: QoQ 증감 | J39: YoY 증감 | K39: 조업일수 | L39: 일평균 수출 | M39: 비고
A40: 2024 Q1 | B40: =SUMIFS(데이터_총괄!$H$3:$H$33,데이터_총괄!$B$3:$B$33,2024,데이터_총괄!$D$3:$D$33,1) -> 163304522 | E40: =SUMIFS(데이터_총괄!$K$3:$K$33,데이터_총괄!$B$3:$B$33,2024,데이터_총괄!$D$3:$D$33,1) -> 154809376 | H40: =B40-E40 -> 8495146 | K40: =SUMIFS(데이터_총괄!$E$3:$E$33,데이터_총괄!$B$3:$B$33,2024,데이터_총괄!$D$3:$D$33,1) -> 67 | L40: =IFERROR(B40/K40,"-") -> 2437380.9
A41: 2024 Q2 | B41: =SUMIFS(데이터_총괄!$H$3:$H$33,데이터_총괄!$B$3:$B$33,2024,데이터_총괄!$D$3:$D$33,2) -> 171510490 | C41: =B41/B40-1 -> 0.050249484 | E41: =SUMIFS(데이터_총괄!$K$3:$K$33,데이터_총괄!$B$3:$B$33,2024,데이터_총괄!$D$3:$D$33,2) -> 157044311 | F41: =E41/E40-1 -> 0.01443669 | H41: =B41-E41 -> 14466179 | I41: =H41-H40 -> 5971033 | K41: =SUMIFS(데이터_총괄!$E$3:$E$33,데이터_총괄!$B$3:$B$33,2024,데이터_총괄!$D$3:$D$33,2) -> 66.5 | L41: =IFERROR(B41/K41,"-") -> 2579105.1
A42: 2024 Q3 | B42: =SUMIFS(데이터_총괄!$H$3:$H$33,데이터_총괄!$B$3:$B$33,2024,데이터_총괄!$D$3:$D$33,3) -> 173646405 | C42: =B42/B41-1 -> 0.012453553 | E42: =SUMIFS(데이터_총괄!$K$3:$K$33,데이터_총괄!$B$3:$B$33,2024,데이터_총괄!$D$3:$D$33,3) -> 159996561 | F42: =E42/E41-1 -> 0.018798834 | H42: =B42-E42 -> 13649844 | I42: =H42-H41 -> -816335 | K42: =SUMIFS(데이터_총괄!$E$3:$E$33,데이터_총괄!$B$3:$B$33,2024,데이터_총괄!$D$3:$D$33,3) -> 68.5 | L42: =IFERROR(B42/K42,"-") -> 2534984
A43: 2024 Q4 | B43: =SUMIFS(데이터_총괄!$H$3:$H$33,데이터_총괄!$B$3:$B$33,2024,데이터_총괄!$D$3:$D$33,4) -> 175148071 | C43: =B43/B42-1 -> 0.0086478381 | E43: =SUMIFS(데이터_총괄!$K$3:$K$33,데이터_총괄!$B$3:$B$33,2024,데이터_총괄!$D$3:$D$33,4) -> 159916961 | F43: =E43/E42-1 -> -0.00049751069 | H43: =B43-E43 -> 15231110 | I43: =H43-H42 -> 1581266 | K43: =SUMIFS(데이터_총괄!$E$3:$E$33,데이터_총괄!$B$3:$B$33,2024,데이터_총괄!$D$3:$D$33,4) -> 68.5 | L43: =IFERROR(B43/K43,"-") -> 2556906.1
A44: 2025 Q1 | B44: =SUMIFS(데이터_총괄!$H$3:$H$33,데이터_총괄!$B$3:$B$33,2025,데이터_총괄!$D$3:$D$33,1) -> 159533847 | C44: =B44/B43-1 -> -0.089148707 | D44: =B44/B40-1 -> -0.023089838 | E44: =SUMIFS(데이터_총괄!$K$3:$K$33,데이터_총괄!$B$3:$B$33,2025,데이터_총괄!$D$3:$D$33,1) -> 152842065 | F44: =E44/E43-1 -> -0.044241061 | G44: =E44/E40-1 -> -0.012707958 | H44: =B44-E44 -> 6691782 | I44: =H44-H43 -> -8539328 | J44: =H44-H40 -> -1803364 | K44: =SUMIFS(데이터_총괄!$E$3:$E$33,데이터_총괄!$B$3:$B$33,2025,데이터_총괄!$D$3:$D$33,1) -> 64 | L44: =IFERROR(B44/K44,"-") -> 2492716.4
A45: 2025 Q2 | B45: =SUMIFS(데이터_총괄!$H$3:$H$33,데이터_총괄!$B$3:$B$33,2025,데이터_총괄!$D$3:$D$33,2) -> 175130605 | C45: =B45/B44-1 -> 0.09776457 | D45: =B45/B41-1 -> 0.021107251 | E45: =SUMIFS(데이터_총괄!$K$3:$K$33,데이터_총괄!$B$3:$B$33,2025,데이터_총괄!$D$3:$D$33,2) -> 154403578 | F45: =E45/E44-1 -> 0.010216513 | G45: =E45/E41-1 -> -0.01681521 | H45: =B45-E45 -> 20727027 | I45: =H45-H44 -> 14035245 | J45: =H45-H41 -> 6260848 | K45: =SUMIFS(데이터_총괄!$E$3:$E$33,데이터_총괄!$B$3:$B$33,2025,데이터_총괄!$D$3:$D$33,2) -> 66.5 | L45: =IFERROR(B45/K45,"-") -> 2633542.9
A46: 2025 Q3 | B46: =SUMIFS(데이터_총괄!$H$3:$H$33,데이터_총괄!$B$3:$B$33,2025,데이터_총괄!$D$3:$D$33,3) -> 184887772 | C46: =B46/B45-1 -> 0.05571366 | D46: =B46/B42-1 -> 0.064737113 | E46: =SUMIFS(데이터_총괄!$K$3:$K$33,데이터_총괄!$B$3:$B$33,2025,데이터_총괄!$D$3:$D$33,3) -> 162486609 | F46: =E46/E45-1 -> 0.052350024 | G46: =E46/E42-1 -> 0.015563135 | H46: =B46-E46 -> 22401163 | I46: =H46-H45 -> 1674136 | J46: =H46-H42 -> 8751319 | K46: =SUMIFS(데이터_총괄!$E$3:$E$33,데이터_총괄!$B$3:$B$33,2025,데이터_총괄!$D$3:$D$33,3) -> 71.5 | L46: =IFERROR(B46/K46,"-") -> 2585843
A47: 2025 Q4 | B47: =SUMIFS(데이터_총괄!$H$3:$H$33,데이터_총괄!$B$3:$B$33,2025,데이터_총괄!$D$3:$D$33,4) -> 189777820 | C47: =B47/B46-1 -> 0.026448737 | D47: =B47/B43-1 -> 0.083527891 | E47: =SUMIFS(데이터_총괄!$K$3:$K$33,데이터_총괄!$B$3:$B$33,2025,데이터_총괄!$D$3:$D$33,4) -> 162163116 | F47: =E47/E46-1 -> -0.0019908902 | G47: =E47/E43-1 -> 0.014045758 | H47: =B47-E47 -> 27614704 | I47: =H47-H46 -> 5213541 | J47: =H47-H43 -> 12383594 | K47: =SUMIFS(데이터_총괄!$E$3:$E$33,데이터_총괄!$B$3:$B$33,2025,데이터_총괄!$D$3:$D$33,4) -> 66.5 | L47: =IFERROR(B47/K47,"-") -> 2853801.8
A48: 2026 Q1 | B48: =SUMIFS(데이터_총괄!$H$3:$H$33,데이터_총괄!$B$3:$B$33,2026,데이터_총괄!$D$3:$D$33,1) -> 220819612 | C48: =B48/B47-1 -> 0.16356913 | D48: =B48/B44-1 -> 0.38415525 | E48: =SUMIFS(데이터_총괄!$K$3:$K$33,데이터_총괄!$B$3:$B$33,2026,데이터_총괄!$D$3:$D$33,1) -> 169830828 | F48: =E48/E47-1 -> 0.047283946 | G48: =E48/E44-1 -> 0.1111524 | H48: =B48-E48 -> 50988784 | I48: =H48-H47 -> 23374080 | J48: =H48-H44 -> 44297002 | K48: =SUMIFS(데이터_총괄!$E$3:$E$33,데이터_총괄!$B$3:$B$33,2026,데이터_총괄!$D$3:$D$33,1) -> 65.5 | L48: =IFERROR(B48/K48,"-") -> 3371291.8
A49: 2026 Q2 | B49: =SUMIFS(데이터_총괄!$H$3:$H$33,데이터_총괄!$B$3:$B$33,2026,데이터_총괄!$D$3:$D$33,2) -> 275284125 | C49: =B49/B48-1 -> 0.24664708 | D49: =B49/B45-1 -> 0.57187903 | E49: =SUMIFS(데이터_총괄!$K$3:$K$33,데이터_총괄!$B$3:$B$33,2026,데이터_총괄!$D$3:$D$33,2) -> 188904844 | F49: =E49/E48-1 -> 0.11231186 | G49: =E49/E45-1 -> 0.22344862 | H49: =B49-E49 -> 86379281 | I49: =H49-H48 -> 35390497 | J49: =H49-H45 -> 65652254 | K49: =SUMIFS(데이터_총괄!$E$3:$E$33,데이터_총괄!$B$3:$B$33,2026,데이터_총괄!$D$3:$D$33,2) -> 67 | L49: =IFERROR(B49/K49,"-") -> 4108718.3
A50: 2026 Q3 | B50: =SUMIFS(데이터_총괄!$H$3:$H$33,데이터_총괄!$B$3:$B$33,2026,데이터_총괄!$D$3:$D$33,3) -> 98959099 | E50: =SUMIFS(데이터_총괄!$K$3:$K$33,데이터_총괄!$B$3:$B$33,2026,데이터_총괄!$D$3:$D$33,3) -> 68567473 | H50: =B50-E50 -> 30391626 | K50: =SUMIFS(데이터_총괄!$E$3:$E$33,데이터_총괄!$B$3:$B$33,2026,데이터_총괄!$D$3:$D$33,3) -> 24 | L50: =IFERROR(B50/K50,"-") -> 4123295.8 | M50: 7월만 포함된 부분분기 — 증감률 계산 제외
A52: [C] 연도별 비교 (연간 및 1~7월 동기)
A53: 구분 | B53: 수출 금액 | C53: YoY | D53: 수입 금액 | E53: YoY | F53: 무역수지 | G53: YoY 증감 | H53: 수출 중량 | I53: YoY | J53: 수출단가 | K53: YoY
A54: 2024년 연간 | B54: =SUMIFS(데이터_총괄!$H$3:$H$33,데이터_총괄!$B$3:$B$33,2024) -> 683609488 | D54: =SUMIFS(데이터_총괄!$K$3:$K$33,데이터_총괄!$B$3:$B$33,2024) -> 631767209 | F54: =B54-D54 -> 51842279 | H54: =SUMIFS(데이터_총괄!$G$3:$G$33,데이터_총괄!$B$3:$B$33,2024) -> 1.9724317e+08 | J54: =B54/H54 -> 3.4658208
A55: 2025년 연간 | B55: =SUMIFS(데이터_총괄!$H$3:$H$33,데이터_총괄!$B$3:$B$33,2025) -> 709330044 | C55: =B55/B54-1 -> 0.037624633 | D55: =SUMIFS(데이터_총괄!$K$3:$K$33,데이터_총괄!$B$3:$B$33,2025) -> 631895368 | E55: =D55/D54-1 -> 0.00020285795 | F55: =B55-D55 -> 77434676 | G55: =F55-F54 -> 25592397 | H55: =SUMIFS(데이터_총괄!$G$3:$G$33,데이터_총괄!$B$3:$B$33,2025) -> 1.9853921e+08 | I55: =H55/H54-1 -> 0.0065707517 | J55: =B55/H55 -> 3.5727454 | K55: =J55/J54-1 -> 0.030851166
A56: 2026년 연간 (1~7월만) | B56: =SUMIFS(데이터_총괄!$H$3:$H$33,데이터_총괄!$B$3:$B$33,2026) -> 595062836 | D56: =SUMIFS(데이터_총괄!$K$3:$K$33,데이터_총괄!$B$3:$B$33,2026) -> 427303145 | F56: =B56-D56 -> 167759691 | H56: =SUMIFS(데이터_총괄!$G$3:$G$33,데이터_총괄!$B$3:$B$33,2026) -> 1.0987354e+08 | J56: =B56/H56 -> 5.4158885
A57: 2024년 1~7월 | B57: =SUMIFS(데이터_총괄!$H$3:$H$33,데이터_총괄!$B$3:$B$33,2024,데이터_총괄!$C$3:$C$33,"<=7") -> 392273800 | D57: =SUMIFS(데이터_총괄!$K$3:$K$33,데이터_총괄!$B$3:$B$33,2024,데이터_총괄!$C$3:$C$33,"<=7") -> 365692429 | F57: =B57-D57 -> 26581371 | H57: =SUMIFS(데이터_총괄!$G$3:$G$33,데이터_총괄!$B$3:$B$33,2024,데이터_총괄!$C$3:$C$33,"<=7") -> 1.1421424e+08 | J57: =B57/H57 -> 3.4345436
A58: 2025년 1~7월 | B58: =SUMIFS(데이터_총괄!$H$3:$H$33,데이터_총괄!$B$3:$B$33,2025,데이터_총괄!$C$3:$C$33,"<=7") -> 395388774 | C58: =B58/B57-1 -> 0.0079408158 | D58: =SUMIFS(데이터_총괄!$K$3:$K$33,데이터_총괄!$B$3:$B$33,2025,데이터_총괄!$C$3:$C$33,"<=7") -> 361456014 | E58: =D58/D57-1 -> -0.01158464 | F58: =B58-D58 -> 33932760 | G58: =F58-F57 -> 7351389 | H58: =SUMIFS(데이터_총괄!$G$3:$G$33,데이터_총괄!$B$3:$B$33,2025,데이터_총괄!$C$3:$C$33,"<=7") -> 1.1474352e+08 | I58: =H58/H57-1 -> 0.0046340621 | J58: =B58/H58 -> 3.4458484 | K58: =J58/J57-1 -> 0.0032915007
A59: 2026년 1~7월 | B59: =SUMIFS(데이터_총괄!$H$3:$H$33,데이터_총괄!$B$3:$B$33,2026,데이터_총괄!$C$3:$C$33,"<=7") -> 595062836 | C59: =B59/B58-1 -> 0.50500691 | D59: =SUMIFS(데이터_총괄!$K$3:$K$33,데이터_총괄!$B$3:$B$33,2026,데이터_총괄!$C$3:$C$33,"<=7") -> 427303145 | E59: =D59/D58-1 -> 0.18217191 | F59: =B59-D59 -> 167759691 | G59: =F59-F58 -> 133826931 | H59: =SUMIFS(데이터_총괄!$G$3:$G$33,데이터_총괄!$B$3:$B$33,2026,데이터_총괄!$C$3:$C$33,"<=7") -> 1.0987354e+08 | I59: =H59/H58-1 -> -0.042442308 | J59: =B59/H59 -> 5.4158885 | K59: =J59/J58-1 -> 0.57171408

Sheet 분석4_연도별계절비교
A1: ④ 연도별 계절 비교 — 1~12월을 한 축에 놓고 2024·2025·2026을 겹쳐 본다
A2: 각 블록은 행 = 1~12월, 열 = 2024·2025·2026 구조입니다. 이 표가 분석10의 오버레이 그래프 원본이며, 같은 달끼리 3개 연도를 비교하므로 계절성이 자동으로 통제됩니다.
A3: 2026년은 7월까지만 자료가 있어 8~12월은 수식 없이 비워 두었습니다(그래프에서 선이 끊깁니다). 새 달 자료가 추가되면 바로 윗 셀의 수식을 복사해 내려 채우십시오. YoY 열은 해당 연도와 직전 연도 같은 달의 증감률입니다.
A5: 수출 금액 (천달러)
A6: 월 | B6: 2024년 | C6: 2025년 | D6: 2026년 | E6: 2025 YoY | F6: 2026 YoY | G6: 26 vs 24 | H6: 25 비중 | I6: 26 비중
A7: 1월 | B7: =SUMIFS(데이터_총괄!$H$3:$H$33,데이터_총괄!$B$3:$B$33,2024,데이터_총괄!$C$3:$C$33,1) -> 54709823 | C7: =SUMIFS(데이터_총괄!$H$3:$H$33,데이터_총괄!$B$3:$B$33,2025,데이터_총괄!$C$3:$C$33,1) -> 49176984 | D7: =SUMIFS(데이터_총괄!$H$3:$H$33,데이터_총괄!$B$3:$B$33,2026,데이터_총괄!$C$3:$C$33,1) -> 65843937 | E7: =IFERROR(C7/B7-1,"") -> -0.10113063 | F7: =IFERROR(D7/C7-1,"") -> 0.33891775 | G7: =IFERROR(D7/B7-1,"") -> 0.20351216 | H7: =IFERROR(C7/SUM(C$7:C$18),"") -> 0.069328776 | I7: =IFERROR(D7/SUM(D$7:D$18),"") -> 0.11065039
A8: 2월 | B8: =SUMIFS(데이터_총괄!$H$3:$H$33,데이터_총괄!$B$3:$B$33,2024,데이터_총괄!$C$3:$C$33,2) -> 52076390 | C8: =SUMIFS(데이터_총괄!$H$3:$H$33,데이터_총괄!$B$3:$B$33,2025,데이터_총괄!$C$3:$C$33,2) -> 52292301 | D8: =SUMIFS(데이터_총괄!$H$3:$H$33,데이터_총괄!$B$3:$B$33,2026,데이터_총괄!$C$3:$C$33,2) -> 67642547 | E8: =IFERROR(C8/B8-1,"") -> 0.0041460439 | F8: =IFERROR(D8/C8-1,"") -> 0.29354696 | G8: =IFERROR(D8/B8-1,"") -> 0.29891006 | H8: =IFERROR(C8/SUM(C$7:C$18),"") -> 0.073720691 | I8: =IFERROR(D8/SUM(D$7:D$18),"") -> 0.11367295
A9: 3월 | B9: =SUMIFS(데이터_총괄!$H$3:$H$33,데이터_총괄!$B$3:$B$33,2024,데이터_총괄!$C$3:$C$33,3) -> 56518309 | C9: =SUMIFS(데이터_총괄!$H$3:$H$33,데이터_총괄!$B$3:$B$33,2025,데이터_총괄!$C$3:$C$33,3) -> 58064562 | D9: =SUMIFS(데이터_총괄!$H$3:$H$33,데이터_총괄!$B$3:$B$33,2026,데이터_총괄!$C$3:$C$33,3) -> 87333128 | E9: =IFERROR(C9/B9-1,"") -> 0.027358444 | F9: =IFERROR(D9/C9-1,"") -> 0.50406935 | G9: =IFERROR(D9/B9-1,"") -> 0.54521835 | H9: =IFERROR(C9/SUM(C$7:C$18),"") -> 0.081858315 | I9: =IFERROR(D9/SUM(D$7:D$18),"") -> 0.14676287
A10: 4월 | B10: =SUMIFS(데이터_총괄!$H$3:$H$33,데이터_총괄!$B$3:$B$33,2024,데이터_총괄!$C$3:$C$33,4) -> 56148299 | C10: =SUMIFS(데이터_총괄!$H$3:$H$33,데이터_총괄!$B$3:$B$33,2025,데이터_총괄!$C$3:$C$33,4) -> 58035745 | D10: =SUMIFS(데이터_총괄!$H$3:$H$33,데이터_총괄!$B$3:$B$33,2026,데이터_총괄!$C$3:$C$33,4) -> 85751883 | E10: =IFERROR(C10/B10-1,"") -> 0.033615373 | F10: =IFERROR(D10/C10-1,"") -> 0.47757013 | G10: =IFERROR(D10/B10-1,"") -> 0.5272392 | H10: =IFERROR(C10/SUM(C$7:C$18),"") -> 0.081817689 | I10: =IFERROR(D10/SUM(D$7:D$18),"") -> 0.14410559
A11: 5월 | B11: =SUMIFS(데이터_총괄!$H$3:$H$33,데이터_총괄!$B$3:$B$33,2024,데이터_총괄!$C$3:$C$33,5) -> 58020557 | C11: =SUMIFS(데이터_총괄!$H$3:$H$33,데이터_총괄!$B$3:$B$33,2025,데이터_총괄!$C$3:$C$33,5) -> 57261063 | D11: =SUMIFS(데이터_총괄!$H$3:$H$33,데이터_총괄!$B$3:$B$33,2026,데이터_총괄!$C$3:$C$33,5) -> 87576083 | E11: =IFERROR(C11/B11-1,"") -> -0.013090085 | F11: =IFERROR(D11/C11-1,"") -> 0.5294177 | G11: =IFERROR(D11/B11-1,"") -> 0.50939749 | H11: =IFERROR(C11/SUM(C$7:C$18),"") -> 0.080725557 | I11: =IFERROR(D11/SUM(D$7:D$18),"") -> 0.14717115
A12: 6월 | B12: =SUMIFS(데이터_총괄!$H$3:$H$33,데이터_총괄!$B$3:$B$33,2024,데이터_총괄!$C$3:$C$33,6) -> 57341634 | C12: =SUMIFS(데이터_총괄!$H$3:$H$33,데이터_총괄!$B$3:$B$33,2025,데이터_총괄!$C$3:$C$33,6) -> 59833797 | D12: =SUMIFS(데이터_총괄!$H$3:$H$33,데이터_총괄!$B$3:$B$33,2026,데이터_총괄!$C$3:$C$33,6) -> 101956159 | E12: =IFERROR(C12/B12-1,"") -> 0.043461667 | F12: =IFERROR(D12/C12-1,"") -> 0.70398945 | G12: =IFERROR(D12/B12-1,"") -> 0.77804767 | H12: =IFERROR(C12/SUM(C$7:C$18),"") -> 0.084352549 | I12: =IFERROR(D12/SUM(D$7:D$18),"") -> 0.17133679
A13: 7월 | B13: =SUMIFS(데이터_총괄!$H$3:$H$33,데이터_총괄!$B$3:$B$33,2024,데이터_총괄!$C$3:$C$33,7) -> 57458788 | C13: =SUMIFS(데이터_총괄!$H$3:$H$33,데이터_총괄!$B$3:$B$33,2025,데이터_총괄!$C$3:$C$33,7) -> 60724322 | D13: =SUMIFS(데이터_총괄!$H$3:$H$33,데이터_총괄!$B$3:$B$33,2026,데이터_총괄!$C$3:$C$33,7) -> 98959099 | E13: =IFERROR(C13/B13-1,"") -> 0.056832629 | F13: =IFERROR(D13/C13-1,"") -> 0.62964519 | G13: =IFERROR(D13/B13-1,"") -> 0.72226221 | H13: =IFERROR(C13/SUM(C$7:C$18),"") -> 0.085607994 | I13: =IFERROR(D13/SUM(D$7:D$18),"") -> 0.16630025
A14: 8월 | B14: =SUMIFS(데이터_총괄!$H$3:$H$33,데이터_총괄!$B$3:$B$33,2024,데이터_총괄!$C$3:$C$33,8) -> 57642924 | C14: =SUMIFS(데이터_총괄!$H$3:$H$33,데이터_총괄!$B$3:$B$33,2025,데이터_총괄!$C$3:$C$33,8) -> 58259332 | E14: =IFERROR(C14/B14-1,"") -> 0.010693559 | F14: =IFERROR(D14/C14-1,"") -> -1 | G14: =IFERROR(D14/B14-1,"") -> -1 | H14: =IFERROR(C14/SUM(C$7:C$18),"") -> 0.082132898 | I14: =IFERROR(D14/SUM(D$7:D$18),"") -> 0
A15: 9월 | B15: =SUMIFS(데이터_총괄!$H$3:$H$33,데이터_총괄!$B$3:$B$33,2024,데이터_총괄!$C$3:$C$33,9) -> 58544693 | C15: =SUMIFS(데이터_총괄!$H$3:$H$33,데이터_총괄!$B$3:$B$33,2025,데이터_총괄!$C$3:$C$33,9) -> 65904118 | E15: =IFERROR(C15/B15-1,"") -> 0.1257061 | F15: =IFERROR(D15/C15-1,"") -> -1 | G15: =IFERROR(D15/B15-1,"") -> -1 | H15: =IFERROR(C15/SUM(C$7:C$18),"") -> 0.092910372 | I15: =IFERROR(D15/SUM(D$7:D$18),"") -> 0
A16: 10월 | B16: =SUMIFS(데이터_총괄!$H$3:$H$33,데이터_총괄!$B$3:$B$33,2024,데이터_총괄!$C$3:$C$33,10) -> 57500192 | C16: =SUMIFS(데이터_총괄!$H$3:$H$33,데이터_총괄!$B$3:$B$33,2025,데이터_총괄!$C$3:$C$33,10) -> 59511578 | E16: =IFERROR(C16/B16-1,"") -> 0.034980509 | F16: =IFERROR(D16/C16-1,"") -> -1 | G16: =IFERROR(D16/B16-1,"") -> -1 | H16: =IFERROR(C16/SUM(C$7:C$18),"") -> 0.08389829 | I16: =IFERROR(D16/SUM(D$7:D$18),"") -> 0
A17: 11월 | B17: =SUMIFS(데이터_총괄!$H$3:$H$33,데이터_총괄!$B$3:$B$33,2024,데이터_총괄!$C$3:$C$33,11) -> 56288629 | C17: =SUMIFS(데이터_총괄!$H$3:$H$33,데이터_총괄!$B$3:$B$33,2025,데이터_총괄!$C$3:$C$33,11) -> 60752618 | E17: =IFERROR(C17/B17-1,"") -> 0.079305342 | F17: =IFERROR(D17/C17-1,"") -> -1 | G17: =IFERROR(D17/B17-1,"") -> -1 | H17: =IFERROR(C17/SUM(C$7:C$18),"") -> 0.085647885 | I17: =IFERROR(D17/SUM(D$7:D$18),"") -> 0
A18: 12월 | B18: =SUMIFS(데이터_총괄!$H$3:$H$33,데이터_총괄!$B$3:$B$33,2024,데이터_총괄!$C$3:$C$33,12) -> 61359250 | C18: =SUMIFS(데이터_총괄!$H$3:$H$33,데이터_총괄!$B$3:$B$33,2025,데이터_총괄!$C$3:$C$33,12) -> 69513624 | E18: =IFERROR(C18/B18-1,"") -> 0.13289559 | F18: =IFERROR(D18/C18-1,"") -> -1 | G18: =IFERROR(D18/B18-1,"") -> -1 | H18: =IFERROR(C18/SUM(C$7:C$18),"") -> 0.097998985 | I18: =IFERROR(D18/SUM(D$7:D$18),"") -> 0
A19: 연간 합 | B19: =SUM(B7:B18) -> 683609488 | C19: =SUM(C7:C18) -> 709330044 | D19: =SUM(D7:D18) -> 595062836 | E19: =IFERROR(C19/B19-1,"") -> 0.037624633
A20: 1~7월 합 | B20: =SUM(B7:B13) -> 392273800 | C20: =SUM(C7:C13) -> 395388774 | D20: =SUM(D7:D13) -> 595062836 | E20: =IFERROR(C20/B20-1,"") -> 0.0079408158 | F20: =IFERROR(D20/C20-1,"") -> 0.50500691 | G20: =IFERROR(D20/B20-1,"") -> 0.51695789
A22: 수입 금액 (천달러)
A23: 월 | B23: 2024년 | C23: 2025년 | D23: 2026년 | E23: 2025 YoY | F23: 2026 YoY | G23: 26 vs 24 | H23: 25 비중 | I23: 26 비중
A24: 1월 | B24: =SUMIFS(데이터_총괄!$K$3:$K$33,데이터_총괄!$B$3:$B$33,2024,데이터_총괄!$C$3:$C$33,1) -> 54474611 | C24: =SUMIFS(데이터_총괄!$K$3:$K$33,데이터_총괄!$B$3:$B$33,2025,데이터_총괄!$C$3:$C$33,1) -> 51172292 | D24: =SUMIFS(데이터_총괄!$K$3:$K$33,데이터_총괄!$B$3:$B$33,2026,데이터_총괄!$C$3:$C$33,1) -> 57143469 | E24: =IFERROR(C24/B24-1,"") -> -0.06062125 | F24: =IFERROR(D24/C24-1,"") -> 0.1166877 | G24: =IFERROR(D24/B24-1,"") -> 0.048992695 | H24: =IFERROR(C24/SUM(C$24:C$35),"") -> 0.080982224 | I24: =IFERROR(D24/SUM(D$24:D$35),"") -> 0.13373051
A25: 2월 | B25: =SUMIFS(데이터_총괄!$K$3:$K$33,데이터_총괄!$B$3:$B$33,2024,데이터_총괄!$C$3:$C$33,2) -> 48221860 | C25: =SUMIFS(데이터_총괄!$K$3:$K$33,데이터_총괄!$B$3:$B$33,2025,데이터_총괄!$C$3:$C$33,2) -> 48328741 | D25: =SUMIFS(데이터_총괄!$K$3:$K$33,데이터_총괄!$B$3:$B$33,2026,데이터_총괄!$C$3:$C$33,2) -> 51933913 | E25: =IFERROR(C25/B25-1,"") -> 0.0022164429 | F25: =IFERROR(D25/C25-1,"") -> 0.074596853 | G25: =IFERROR(D25/B25-1,"") -> 0.076978636 | H25: =IFERROR(C25/SUM(C$24:C$35),"") -> 0.076482189 | I25: =IFERROR(D25/SUM(D$24:D$35),"") -> 0.1215388
A26: 3월 | B26: =SUMIFS(데이터_총괄!$K$3:$K$33,데이터_총괄!$B$3:$B$33,2024,데이터_총괄!$C$3:$C$33,3) -> 52112905 | C26: =SUMIFS(데이터_총괄!$K$3:$K$33,데이터_총괄!$B$3:$B$33,2025,데이터_총괄!$C$3:$C$33,3) -> 53341032 | D26: =SUMIFS(데이터_총괄!$K$3:$K$33,데이터_총괄!$B$3:$B$33,2026,데이터_총괄!$C$3:$C$33,3) -> 60753446 | E26: =IFERROR(C26/B26-1,"") -> 0.023566658 | F26: =IFERROR(D26/C26-1,"") -> 0.1389627 | G26: =IFERROR(D26/B26-1,"") -> 0.16580425 | H26: =IFERROR(C26/SUM(C$24:C$35),"") -> 0.084414342 | I26: =IFERROR(D26/SUM(D$24:D$35),"") -> 0.14217879
A27: 4월 | B27: =SUMIFS(데이터_총괄!$K$3:$K$33,데이터_총괄!$B$3:$B$33,2024,데이터_총괄!$C$3:$C$33,4) -> 54821181 | C27: =SUMIFS(데이터_총괄!$K$3:$K$33,데이터_총괄!$B$3:$B$33,2025,데이터_총괄!$C$3:$C$33,4) -> 53232716 | D27: =SUMIFS(데이터_총괄!$K$3:$K$33,데이터_총괄!$B$3:$B$33,2026,데이터_총괄!$C$3:$C$33,4) -> 62104908 | E27: =IFERROR(C27/B27-1,"") -> -0.028975388 | F27: =IFERROR(D27/C27-1,"") -> 0.16666803 | G27: =IFERROR(D27/B27-1,"") -> 0.13286337 | H27: =IFERROR(C27/SUM(C$24:C$35),"") -> 0.084242928 | I27: =IFERROR(D27/SUM(D$24:D$35),"") -> 0.14534157
A28: 5월 | B28: =SUMIFS(데이터_총괄!$K$3:$K$33,데이터_총괄!$B$3:$B$33,2024,데이터_총괄!$C$3:$C$33,5) -> 53132937 | C28: =SUMIFS(데이터_총괄!$K$3:$K$33,데이터_총괄!$B$3:$B$33,2025,데이터_총괄!$C$3:$C$33,5) -> 50345116 | D28: =SUMIFS(데이터_총괄!$K$3:$K$33,데이터_총괄!$B$3:$B$33,2026,데이터_총괄!$C$3:$C$33,5) -> 60748350 | E28: =IFERROR(C28/B28-1,"") -> -0.052468792 | F28: =IFERROR(D28/C28-1,"") -> 0.2066384 | G28: =IFERROR(D28/B28-1,"") -> 0.14332754 | H28: =IFERROR(C28/SUM(C$24:C$35),"") -> 0.079673184 | I28: =IFERROR(D28/SUM(D$24:D$35),"") -> 0.14216687
A29: 6월 | B29: =SUMIFS(데이터_총괄!$K$3:$K$33,데이터_총괄!$B$3:$B$33,2024,데이터_총괄!$C$3:$C$33,6) -> 49090193 | C29: =SUMIFS(데이터_총괄!$K$3:$K$33,데이터_총괄!$B$3:$B$33,2025,데이터_총괄!$C$3:$C$33,6) -> 50825746 | D29: =SUMIFS(데이터_총괄!$K$3:$K$33,데이터_총괄!$B$3:$B$33,2026,데이터_총괄!$C$3:$C$33,6) -> 66051586 | E29: =IFERROR(C29/B29-1,"") -> 0.035354373 | F29: =IFERROR(D29/C29-1,"") -> 0.29956943 | G29: =IFERROR(D29/B29-1,"") -> 0.3455149 | H29: =IFERROR(C29/SUM(C$24:C$35),"") -> 0.080433801 | I29: =IFERROR(D29/SUM(D$24:D$35),"") -> 0.15457781
A30: 7월 | B30: =SUMIFS(데이터_총괄!$K$3:$K$33,데이터_총괄!$B$3:$B$33,2024,데이터_총괄!$C$3:$C$33,7) -> 53838742 | C30: =SUMIFS(데이터_총괄!$K$3:$K$33,데이터_총괄!$B$3:$B$33,2025,데이터_총괄!$C$3:$C$33,7) -> 54210371 | D30: =SUMIFS(데이터_총괄!$K$3:$K$33,데이터_총괄!$B$3:$B$33,2026,데이터_총괄!$C$3:$C$33,7) -> 68567473 | E30: =IFERROR(C30/B30-1,"") -> 0.0069026316 | F30: =IFERROR(D30/C30-1,"") -> 0.2648405 | G30: =IFERROR(D30/B30-1,"") -> 0.27357123 | H30: =IFERROR(C30/SUM(C$24:C$35),"") -> 0.085790107 | I30: =IFERROR(D30/SUM(D$24:D$35),"") -> 0.16046564
A31: 8월 | B31: =SUMIFS(데이터_총괄!$K$3:$K$33,데이터_총괄!$B$3:$B$33,2024,데이터_총괄!$C$3:$C$33,8) -> 54054894 | C31: =SUMIFS(데이터_총괄!$K$3:$K$33,데이터_총괄!$B$3:$B$33,2025,데이터_총괄!$C$3:$C$33,8) -> 51856624 | E31: =IFERROR(C31/B31-1,"") -> -0.040667363 | F31: =IFERROR(D31/C31-1,"") -> -1 | G31: =IFERROR(D31/B31-1,"") -> -1 | H31: =IFERROR(C31/SUM(C$24:C$35),"") -> 0.082065207 | I31: =IFERROR(D31/SUM(D$24:D$35),"") -> 0
A32: 9월 | B32: =SUMIFS(데이터_총괄!$K$3:$K$33,데이터_총괄!$B$3:$B$33,2024,데이터_총괄!$C$3:$C$33,9) -> 52102925 | C32: =SUMIFS(데이터_총괄!$K$3:$K$33,데이터_총괄!$B$3:$B$33,2025,데이터_총괄!$C$3:$C$33,9) -> 56419614 | E32: =IFERROR(C32/B32-1,"") -> 0.082849264 | F32: =IFERROR(D32/C32-1,"") -> -1 | G32: =IFERROR(D32/B32-1,"") -> -1 | H32: =IFERROR(C32/SUM(C$24:C$35),"") -> 0.089286323 | I32: =IFERROR(D32/SUM(D$24:D$35),"") -> 0
A33: 10월 | B33: =SUMIFS(데이터_총괄!$K$3:$K$33,데이터_총괄!$B$3:$B$33,2024,데이터_총괄!$C$3:$C$33,10) -> 54331589 | C33: =SUMIFS(데이터_총괄!$K$3:$K$33,데이터_총괄!$B$3:$B$33,2025,데이터_총괄!$C$3:$C$33,10) -> 53510827 | E33: =IFERROR(C33/B33-1,"") -> -0.015106534 | F33: =IFERROR(D33/C33-1,"") -> -1 | G33: =IFERROR(D33/B33-1,"") -> -1 | H33: =IFERROR(C33/SUM(C$24:C$35),"") -> 0.08468305 | I33: =IFERROR(D33/SUM(D$24:D$35),"") -> 0
A34: 11월 | B34: =SUMIFS(데이터_총괄!$K$3:$K$33,데이터_총괄!$B$3:$B$33,2024,데이터_총괄!$C$3:$C$33,11) -> 50718992 | C34: =SUMIFS(데이터_총괄!$K$3:$K$33,데이터_총괄!$B$3:$B$33,2025,데이터_총괄!$C$3:$C$33,11) -> 51284605 | E34: =IFERROR(C34/B34-1,"") -> 0.011151897 | F34: =IFERROR(D34/C34-1,"") -> -1 | G34: =IFERROR(D34/B34-1,"") -> -1 | H34: =IFERROR(C34/SUM(C$24:C$35),"") -> 0.081159963 | I34: =IFERROR(D34/SUM(D$24:D$35),"") -> 0
A35: 12월 | B35: =SUMIFS(데이터_총괄!$K$3:$K$33,데이터_총괄!$B$3:$B$33,2024,데이터_총괄!$C$3:$C$33,12) -> 54866380 | C35: =SUMIFS(데이터_총괄!$K$3:$K$33,데이터_총괄!$B$3:$B$33,2025,데이터_총괄!$C$3:$C$33,12) -> 57367684 | E35: =IFERROR(C35/B35-1,"") -> 0.045589011 | F35: =IFERROR(D35/C35-1,"") -> -1 | G35: =IFERROR(D35/B35-1,"") -> -1 | H35: =IFERROR(C35/SUM(C$24:C$35),"") -> 0.090786682 | I35: =IFERROR(D35/SUM(D$24:D$35),"") -> 0
A36: 연간 합 | B36: =SUM(B24:B35) -> 631767209 | C36: =SUM(C24:C35) -> 631895368 | D36: =SUM(D24:D35) -> 427303145 | E36: =IFERROR(C36/B36-1,"") -> 0.00020285795
A37: 1~7월 합 | B37: =SUM(B24:B30) -> 365692429 | C37: =SUM(C24:C30) -> 361456014 | D37: =SUM(D24:D30) -> 427303145 | E37: =IFERROR(C37/B37-1,"") -> -0.01158464 | F37: =IFERROR(D37/C37-1,"") -> 0.18217191 | G37: =IFERROR(D37/B37-1,"") -> 0.16847687
A39: 무역수지 (천달러)
A40: 월 | B40: 2024년 | C40: 2025년 | D40: 2026년 | E40: 2025 YoY | F40: 2026 YoY | G40: 26 vs 24 | H40: 25 비중 | I40: 26 비중
A41: 1월 | B41: =SUMIFS(데이터_총괄!$L$3:$L$33,데이터_총괄!$B$3:$B$33,2024,데이터_총괄!$C$3:$C$33,1) -> 235213 | C41: =SUMIFS(데이터_총괄!$L$3:$L$33,데이터_총괄!$B$3:$B$33,2025,데이터_총괄!$C$3:$C$33,1) -> -1995308 | D41: =SUMIFS(데이터_총괄!$L$3:$L$33,데이터_총괄!$B$3:$B$33,2026,데이터_총괄!$C$3:$C$33,1) -> 8700468 | E41: =IFERROR(C41/B41-1,"") -> -9.4829835 | F41: =IFERROR(D41/C41-1,"") -> -5.3604636 | G41: =IFERROR(D41/B41-1,"") -> 35.989741 | H41: =IFERROR(C41/SUM(C$41:C$52),"") -> -0.025767629 | I41: =IFERROR(D41/SUM(D$41:D$52),"") -> 0.051862685
A42: 2월 | B42: =SUMIFS(데이터_총괄!$L$3:$L$33,데이터_총괄!$B$3:$B$33,2024,데이터_총괄!$C$3:$C$33,2) -> 3854529 | C42: =SUMIFS(데이터_총괄!$L$3:$L$33,데이터_총괄!$B$3:$B$33,2025,데이터_총괄!$C$3:$C$33,2) -> 3963560 | D42: =SUMIFS(데이터_총괄!$L$3:$L$33,데이터_총괄!$B$3:$B$33,2026,데이터_총괄!$C$3:$C$33,2) -> 15708634 | E42: =IFERROR(C42/B42-1,"") -> 0.028286465 | F42: =IFERROR(D42/C42-1,"") -> 2.9632638 | G42: =IFERROR(D42/B42-1,"") -> 3.0753706 | H42: =IFERROR(C42/SUM(C$41:C$52),"") -> 0.051185854 | I42: =IFERROR(D42/SUM(D$41:D$52),"") -> 0.093637715
A43: 3월 | B43: =SUMIFS(데이터_총괄!$L$3:$L$33,데이터_총괄!$B$3:$B$33,2024,데이터_총괄!$C$3:$C$33,3) -> 4405404 | C43: =SUMIFS(데이터_총괄!$L$3:$L$33,데이터_총괄!$B$3:$B$33,2025,데이터_총괄!$C$3:$C$33,3) -> 4723530 | D43: =SUMIFS(데이터_총괄!$L$3:$L$33,데이터_총괄!$B$3:$B$33,2026,데이터_총괄!$C$3:$C$33,3) -> 26579682 | E43: =IFERROR(C43/B43-1,"") -> 0.072212673 | F43: =IFERROR(D43/C43-1,"") -> 4.6270802 | G43: =IFERROR(D43/B43-1,"") -> 5.0334267 | H43: =IFERROR(C43/SUM(C$41:C$52),"") -> 0.061000191 | I43: =IFERROR(D43/SUM(D$41:D$52),"") -> 0.15843903
A44: 4월 | B44: =SUMIFS(데이터_총괄!$L$3:$L$33,데이터_총괄!$B$3:$B$33,2024,데이터_총괄!$C$3:$C$33,4) -> 1327118 | C44: =SUMIFS(데이터_총괄!$L$3:$L$33,데이터_총괄!$B$3:$B$33,2025,데이터_총괄!$C$3:$C$33,4) -> 4803029 | D44: =SUMIFS(데이터_총괄!$L$3:$L$33,데이터_총괄!$B$3:$B$33,2026,데이터_총괄!$C$3:$C$33,4) -> 23646975 | E44: =IFERROR(C44/B44-1,"") -> 2.6191424 | F44: =IFERROR(D44/C44-1,"") -> 3.9233463 | G44: =IFERROR(D44/B44-1,"") -> 16.818291 | H44: =IFERROR(C44/SUM(C$41:C$52),"") -> 0.06202685 | I44: =IFERROR(D44/SUM(D$41:D$52),"") -> 0.14095743
A45: 5월 | B45: =SUMIFS(데이터_총괄!$L$3:$L$33,데이터_총괄!$B$3:$B$33,2024,데이터_총괄!$C$3:$C$33,5) -> 4887620 | C45: =SUMIFS(데이터_총괄!$L$3:$L$33,데이터_총괄!$B$3:$B$33,2025,데이터_총괄!$C$3:$C$33,5) -> 6915946 | D45: =SUMIFS(데이터_총괄!$L$3:$L$33,데이터_총괄!$B$3:$B$33,2026,데이터_총괄!$C$3:$C$33,5) -> 26827733 | E45: =IFERROR(C45/B45-1,"") -> 0.41499257 | F45: =IFERROR(D45/C45-1,"") -> 2.8791126 | G45: =IFERROR(D45/B45-1,"") -> 4.4889155 | H45: =IFERROR(C45/SUM(C$41:C$52),"") -> 0.089313294 | I45: =IFERROR(D45/SUM(D$41:D$52),"") -> 0.15991764
A46: 6월 | B46: =SUMIFS(데이터_총괄!$L$3:$L$33,데이터_총괄!$B$3:$B$33,2024,데이터_총괄!$C$3:$C$33,6) -> 8251441 | C46: =SUMIFS(데이터_총괄!$L$3:$L$33,데이터_총괄!$B$3:$B$33,2025,데이터_총괄!$C$3:$C$33,6) -> 9008051 | D46: =SUMIFS(데이터_총괄!$L$3:$L$33,데이터_총괄!$B$3:$B$33,2026,데이터_총괄!$C$3:$C$33,6) -> 35904573 | E46: =IFERROR(C46/B46-1,"") -> 0.091694287 | F46: =IFERROR(D46/C46-1,"") -> 2.9858315 | G46: =IFERROR(D46/B46-1,"") -> 3.3513094 | H46: =IFERROR(C46/SUM(C$41:C$52),"") -> 0.11633097 | I46: =IFERROR(D46/SUM(D$41:D$52),"") -> 0.21402384
A47: 7월 | B47: =SUMIFS(데이터_총괄!$L$3:$L$33,데이터_총괄!$B$3:$B$33,2024,데이터_총괄!$C$3:$C$33,7) -> 3620046 | C47: =SUMIFS(데이터_총괄!$L$3:$L$33,데이터_총괄!$B$3:$B$33,2025,데이터_총괄!$C$3:$C$33,7) -> 6513951 | D47: =SUMIFS(데이터_총괄!$L$3:$L$33,데이터_총괄!$B$3:$B$33,2026,데이터_총괄!$C$3:$C$33,7) -> 30391625 | E47: =IFERROR(C47/B47-1,"") -> 0.79941111 | F47: =IFERROR(D47/C47-1,"") -> 3.6656208 | G47: =IFERROR(D47/B47-1,"") -> 7.3953698 | H47: =IFERROR(C47/SUM(C$41:C$52),"") -> 0.084121886 | I47: =IFERROR(D47/SUM(D$41:D$52),"") -> 0.18116167
A48: 8월 | B48: =SUMIFS(데이터_총괄!$L$3:$L$33,데이터_총괄!$B$3:$B$33,2024,데이터_총괄!$C$3:$C$33,8) -> 3588030 | C48: =SUMIFS(데이터_총괄!$L$3:$L$33,데이터_총괄!$B$3:$B$33,2025,데이터_총괄!$C$3:$C$33,8) -> 6402708 | E48: =IFERROR(C48/B48-1,"") -> 0.78446334 | F48: =IFERROR(D48/C48-1,"") -> -1 | G48: =IFERROR(D48/B48-1,"") -> -1 | H48: =IFERROR(C48/SUM(C$41:C$52),"") -> 0.082685282 | I48: =IFERROR(D48/SUM(D$41:D$52),"") -> 0
A49: 9월 | B49: =SUMIFS(데이터_총괄!$L$3:$L$33,데이터_총괄!$B$3:$B$33,2024,데이터_총괄!$C$3:$C$33,9) -> 6441768 | C49: =SUMIFS(데이터_총괄!$L$3:$L$33,데이터_총괄!$B$3:$B$33,2025,데이터_총괄!$C$3:$C$33,9) -> 9484504 | E49: =IFERROR(C49/B49-1,"") -> 0.47234486 | F49: =IFERROR(D49/C49-1,"") -> -1 | G49: =IFERROR(D49/B49-1,"") -> -1 | H49: =IFERROR(C49/SUM(C$41:C$52),"") -> 0.12248394 | I49: =IFERROR(D49/SUM(D$41:D$52),"") -> 0
A50: 10월 | B50: =SUMIFS(데이터_총괄!$L$3:$L$33,데이터_총괄!$B$3:$B$33,2024,데이터_총괄!$C$3:$C$33,10) -> 3168604 | C50: =SUMIFS(데이터_총괄!$L$3:$L$33,데이터_총괄!$B$3:$B$33,2025,데이터_총괄!$C$3:$C$33,10) -> 6000751 | E50: =IFERROR(C50/B50-1,"") -> 0.89381538 | F50: =IFERROR(D50/C50-1,"") -> -1 | G50: =IFERROR(D50/B50-1,"") -> -1 | H50: =IFERROR(C50/SUM(C$41:C$52),"") -> 0.077494364 | I50: =IFERROR(D50/SUM(D$41:D$52),"") -> 0
A51: 11월 | B51: =SUMIFS(데이터_총괄!$L$3:$L$33,데이터_총괄!$B$3:$B$33,2024,데이터_총괄!$C$3:$C$33,11) -> 5569637 | C51: =SUMIFS(데이터_총괄!$L$3:$L$33,데이터_총괄!$B$3:$B$33,2025,데이터_총괄!$C$3:$C$33,11) -> 9468013 | E51: =IFERROR(C51/B51-1,"") -> 0.69993359 | F51: =IFERROR(D51/C51-1,"") -> -1 | G51: =IFERROR(D51/B51-1,"") -> -1 | H51: =IFERROR(C51/SUM(C$41:C$52),"") -> 0.12227097 | I51: =IFERROR(D51/SUM(D$41:D$52),"") -> 0
A52: 12월 | B52: =SUMIFS(데이터_총괄!$L$3:$L$33,데이터_총괄!$B$3:$B$33,2024,데이터_총괄!$C$3:$C$33,12) -> 6492870 | C52: =SUMIFS(데이터_총괄!$L$3:$L$33,데이터_총괄!$B$3:$B$33,2025,데이터_총괄!$C$3:$C$33,12) -> 12145941 | E52: =IFERROR(C52/B52-1,"") -> 0.87065828 | F52: =IFERROR(D52/C52-1,"") -> -1 | G52: =IFERROR(D52/B52-1,"") -> -1 | H52: =IFERROR(C52/SUM(C$41:C$52),"") -> 0.15685403 | I52: =IFERROR(D52/SUM(D$41:D$52),"") -> 0
A53: 연간 합 | B53: =SUM(B41:B52) -> 51842280 | C53: =SUM(C41:C52) -> 77434676 | D53: =SUM(D41:D52) -> 167759690 | E53: =IFERROR(C53/B53-1,"") -> 0.49365877
A54: 1~7월 합 | B54: =SUM(B41:B47) -> 26581371 | C54: =SUM(C41:C47) -> 33932759 | D54: =SUM(D41:D47) -> 167759690 | E54: =IFERROR(C54/B54-1,"") -> 0.27656166 | F54: =IFERROR(D54/C54-1,"") -> 3.9438859 | G54: =IFERROR(D54/B54-1,"") -> 5.3111752
A56: 수출 중량 (톤)
A57: 월 | B57: 2024년 | C57: 2025년 | D57: 2026년 | E57: 2025 YoY | F57: 2026 YoY | G57: 26 vs 24 | H57: 25 비중 | I57: 26 비중
A58: 1월 | B58: =SUMIFS(데이터_총괄!$G$3:$G$33,데이터_총괄!$B$3:$B$33,2024,데이터_총괄!$C$3:$C$33,1) -> 17105791 | C58: =SUMIFS(데이터_총괄!$G$3:$G$33,데이터_총괄!$B$3:$B$33,2025,데이터_총괄!$C$3:$C$33,1) -> 14986302 | D58: =SUMIFS(데이터_총괄!$G$3:$G$33,데이터_총괄!$B$3:$B$33,2026,데이터_총괄!$C$3:$C$33,1) -> 16739948 | E58: =IFERROR(C58/B58-1,"") -> -0.12390477 | F58: =IFERROR(D58/C58-1,"") -> 0.1170166 | G58: =IFERROR(D58/B58-1,"") -> -0.021387079 | H58: =IFERROR(C58/SUM(C$58:C$69),"") -> 0.075482833 | I58: =IFERROR(D58/SUM(D$58:D$69),"") -> 0.1523565
A59: 2월 | B59: =SUMIFS(데이터_총괄!$G$3:$G$33,데이터_총괄!$B$3:$B$33,2024,데이터_총괄!$C$3:$C$33,2) -> 15678986 | C59: =SUMIFS(데이터_총괄!$G$3:$G$33,데이터_총괄!$B$3:$B$33,2025,데이터_총괄!$C$3:$C$33,2) -> 16151895 | D59: =SUMIFS(데이터_총괄!$G$3:$G$33,데이터_총괄!$B$3:$B$33,2026,데이터_총괄!$C$3:$C$33,2) -> 15601518 | E59: =IFERROR(C59/B59-1,"") -> 0.030161983 | F59: =IFERROR(D59/C59-1,"") -> -0.034075091 | G59: =IFERROR(D59/B59-1,"") -> -0.0049408808 | H59: =IFERROR(C59/SUM(C$58:C$69),"") -> 0.08135368 | I59: =IFERROR(D59/SUM(D$58:D$69),"") -> 0.14199522
A60: 3월 | B60: =SUMIFS(데이터_총괄!$G$3:$G$33,데이터_총괄!$B$3:$B$33,2024,데이터_총괄!$C$3:$C$33,3) -> 16805632 | C60: =SUMIFS(데이터_총괄!$G$3:$G$33,데이터_총괄!$B$3:$B$33,2025,데이터_총괄!$C$3:$C$33,3) -> 15702060 | D60: =SUMIFS(데이터_총괄!$G$3:$G$33,데이터_총괄!$B$3:$B$33,2026,데이터_총괄!$C$3:$C$33,3) -> 16180252 | E60: =IFERROR(C60/B60-1,"") -> -0.065666792 | F60: =IFERROR(D60/C60-1,"") -> 0.03045412 | G60: =IFERROR(D60/B60-1,"") -> -0.037212496 | H60: =IFERROR(C60/SUM(C$58:C$69),"") -> 0.079087954 | I60: =IFERROR(D60/SUM(D$58:D$69),"") -> 0.1472625
A61: 4월 | B61: =SUMIFS(데이터_총괄!$G$3:$G$33,데이터_총괄!$B$3:$B$33,2024,데이터_총괄!$C$3:$C$33,4) -> 16491489 | C61: =SUMIFS(데이터_총괄!$G$3:$G$33,데이터_총괄!$B$3:$B$33,2025,데이터_총괄!$C$3:$C$33,4) -> 17527805 | D61: =SUMIFS(데이터_총괄!$G$3:$G$33,데이터_총괄!$B$3:$B$33,2026,데이터_총괄!$C$3:$C$33,4) -> 14413704 | E61: =IFERROR(C61/B61-1,"") -> 0.062839419 | F61: =IFERROR(D61/C61-1,"") -> -0.17766633 | G61: =IFERROR(D61/B61-1,"") -> -0.12599136 | H61: =IFERROR(C61/SUM(C$58:C$69),"") -> 0.088283847 | I61: =IFERROR(D61/SUM(D$58:D$69),"") -> 0.13118449
A62: 5월 | B62: =SUMIFS(데이터_총괄!$G$3:$G$33,데이터_총괄!$B$3:$B$33,2024,데이터_총괄!$C$3:$C$33,5) -> 16793798 | C62: =SUMIFS(데이터_총괄!$G$3:$G$33,데이터_총괄!$B$3:$B$33,2025,데이터_총괄!$C$3:$C$33,5) -> 16573463 | D62: =SUMIFS(데이터_총괄!$G$3:$G$33,데이터_총괄!$B$3:$B$33,2026,데이터_총괄!$C$3:$C$33,5) -> 13589511 | E62: =IFERROR(C62/B62-1,"") -> -0.013120052 | F62: =IFERROR(D62/C62-1,"") -> -0.18004394 | G62: =IFERROR(D62/B62-1,"") -> -0.19080181 | H62: =IFERROR(C62/SUM(C$58:C$69),"") -> 0.083477028 | I62: =IFERROR(D62/SUM(D$58:D$69),"") -> 0.1236832
A63: 6월 | B63: =SUMIFS(데이터_총괄!$G$3:$G$33,데이터_총괄!$B$3:$B$33,2024,데이터_총괄!$C$3:$C$33,6) -> 14641435 | C63: =SUMIFS(데이터_총괄!$G$3:$G$33,데이터_총괄!$B$3:$B$33,2025,데이터_총괄!$C$3:$C$33,6) -> 16221157 | D63: =SUMIFS(데이터_총괄!$G$3:$G$33,데이터_총괄!$B$3:$B$33,2026,데이터_총괄!$C$3:$C$33,6) -> 15687926 | E63: =IFERROR(C63/B63-1,"") -> 0.10789396 | F63: =IFERROR(D63/C63-1,"") -> -0.032872569 | G63: =IFERROR(D63/B63-1,"") -> 0.071474642 | H63: =IFERROR(C63/SUM(C$58:C$69),"") -> 0.081702538 | I63: =IFERROR(D63/SUM(D$58:D$69),"") -> 0.14278166
A64: 7월 | B64: =SUMIFS(데이터_총괄!$G$3:$G$33,데이터_총괄!$B$3:$B$33,2024,데이터_총괄!$C$3:$C$33,7) -> 16697113 | C64: =SUMIFS(데이터_총괄!$G$3:$G$33,데이터_총괄!$B$3:$B$33,2025,데이터_총괄!$C$3:$C$33,7) -> 17580838 | D64: =SUMIFS(데이터_총괄!$G$3:$G$33,데이터_총괄!$B$3:$B$33,2026,데이터_총괄!$C$3:$C$33,7) -> 17660681 | E64: =IFERROR(C64/B64-1,"") -> 0.052926813 | F64: =IFERROR(D64/C64-1,"") -> 0.0045414444 | G64: =IFERROR(D64/B64-1,"") -> 0.057708622 | H64: =IFERROR(C64/SUM(C$58:C$69),"") -> 0.088550965 | I64: =IFERROR(D64/SUM(D$58:D$69),"") -> 0.16073643
A65: 8월 | B65: =SUMIFS(데이터_총괄!$G$3:$G$33,데이터_총괄!$B$3:$B$33,2024,데이터_총괄!$C$3:$C$33,8) -> 17070041 | C65: =SUMIFS(데이터_총괄!$G$3:$G$33,데이터_총괄!$B$3:$B$33,2025,데이터_총괄!$C$3:$C$33,8) -> 17118674 | E65: =IFERROR(C65/B65-1,"") -> 0.0028490266 | F65: =IFERROR(D65/C65-1,"") -> -1 | G65: =IFERROR(D65/B65-1,"") -> -1 | H65: =IFERROR(C65/SUM(C$58:C$69),"") -> 0.08622314 | I65: =IFERROR(D65/SUM(D$58:D$69),"") -> 0
A66: 9월 | B66: =SUMIFS(데이터_총괄!$G$3:$G$33,데이터_총괄!$B$3:$B$33,2024,데이터_총괄!$C$3:$C$33,9) -> 16449775 | C66: =SUMIFS(데이터_총괄!$G$3:$G$33,데이터_총괄!$B$3:$B$33,2025,데이터_총괄!$C$3:$C$33,9) -> 18076703 | E66: =IFERROR(C66/B66-1,"") -> 0.098902736 | F66: =IFERROR(D66/C66-1,"") -> -1 | G66: =IFERROR(D66/B66-1,"") -> -1 | H66: =IFERROR(C66/SUM(C$58:C$69),"") -> 0.091048531 | I66: =IFERROR(D66/SUM(D$58:D$69),"") -> 0
A67: 10월 | B67: =SUMIFS(데이터_총괄!$G$3:$G$33,데이터_총괄!$B$3:$B$33,2024,데이터_총괄!$C$3:$C$33,10) -> 15994864 | C67: =SUMIFS(데이터_총괄!$G$3:$G$33,데이터_총괄!$B$3:$B$33,2025,데이터_총괄!$C$3:$C$33,10) -> 16017318 | E67: =IFERROR(C67/B67-1,"") -> 0.0014038507 | F67: =IFERROR(D67/C67-1,"") -> -1 | G67: =IFERROR(D67/B67-1,"") -> -1 | H67: =IFERROR(C67/SUM(C$58:C$69),"") -> 0.080675843 | I67: =IFERROR(D67/SUM(D$58:D$69),"") -> 0
A68: 11월 | B68: =SUMIFS(데이터_총괄!$G$3:$G$33,데이터_총괄!$B$3:$B$33,2024,데이터_총괄!$C$3:$C$33,11) -> 15893956 | C68: =SUMIFS(데이터_총괄!$G$3:$G$33,데이터_총괄!$B$3:$B$33,2025,데이터_총괄!$C$3:$C$33,11) -> 14605096 | E68: =IFERROR(C68/B68-1,"") -> -0.081091177 | F68: =IFERROR(D68/C68-1,"") -> -1 | G68: =IFERROR(D68/B68-1,"") -> -1 | H68: =IFERROR(C68/SUM(C$58:C$69),"") -> 0.073562782 | I68: =IFERROR(D68/SUM(D$58:D$69),"") -> 0
A69: 12월 | B69: =SUMIFS(데이터_총괄!$G$3:$G$33,데이터_총괄!$B$3:$B$33,2024,데이터_총괄!$C$3:$C$33,12) -> 17620291 | C69: =SUMIFS(데이터_총괄!$G$3:$G$33,데이터_총괄!$B$3:$B$33,2025,데이터_총괄!$C$3:$C$33,12) -> 17977896 | E69: =IFERROR(C69/B69-1,"") -> 0.020295033 | F69: =IFERROR(D69/C69-1,"") -> -1 | G69: =IFERROR(D69/B69-1,"") -> -1 | H69: =IFERROR(C69/SUM(C$58:C$69),"") -> 0.090550859 | I69: =IFERROR(D69/SUM(D$58:D$69),"") -> 0
A70: 연간 합 | B70: =SUM(B58:B69) -> 1.9724317e+08 | C70: =SUM(C58:C69) -> 1.9853921e+08 | D70: =SUM(D58:D69) -> 1.0987354e+08 | E70: =IFERROR(C70/B70-1,"") -> 0.0065707517
A71: 1~7월 합 | B71: =SUM(B58:B64) -> 1.1421424e+08 | C71: =SUM(C58:C64) -> 1.1474352e+08 | D71: =SUM(D58:D64) -> 1.0987354e+08 | E71: =IFERROR(C71/B71-1,"") -> 0.0046340621 | F71: =IFERROR(D71/C71-1,"") -> -0.042442308 | G71: =IFERROR(D71/B71-1,"") -> -0.038004926
A73: 수출 단가 (천달러/톤)
A74: 월 | B74: 2024년 | C74: 2025년 | D74: 2026년 | E74: 2025 YoY | F74: 2026 YoY | G74: 26 vs 24 | H74: 25 비중 | I74: 26 비중
A75: 1월 | B75: =IFERROR(SUMIFS(데이터_총괄!$H$3:$H$33,데이터_총괄!$B$3:$B$33,2024,데이터_총괄!$C$3:$C$33,1)/SUMIFS(데이터_총괄!$G$3:$G$33,데이터_총괄!$B$3:$B$33,2024,데이터_총괄!$C$3:$C$33,1),"") -> 3.1983218 | C75: =IFERROR(SUMIFS(데이터_총괄!$H$3:$H$33,데이터_총괄!$B$3:$B$33,2025,데이터_총괄!$C$3:$C$33,1)/SUMIFS(데이터_총괄!$G$3:$G$33,데이터_총괄!$B$3:$B$33,2025,데이터_총괄!$C$3:$C$33,1),"") -> 3.2814623 | D75: =IFERROR(SUMIFS(데이터_총괄!$H$3:$H$33,데이터_총괄!$B$3:$B$33,2026,데이터_총괄!$C$3:$C$33,1)/SUMIFS(데이터_총괄!$G$3:$G$33,데이터_총괄!$B$3:$B$33,2026,데이터_총괄!$C$3:$C$33,1),"") -> 3.9333418 | E75: =IFERROR(C75/B75-1,"") -> 0.025995044 | F75: =IFERROR(D75/C75-1,"") -> 0.1986552 | G75: =IFERROR(D75/B75-1,"") -> 0.22981429 | H75: =IFERROR(C75/SUM(C$75:C$86),"") -> 0.076461739 | I75: =IFERROR(D75/SUM(D$75:D$86),"") -> 0.103068
A76: 2월 | B76: =IFERROR(SUMIFS(데이터_총괄!$H$3:$H$33,데이터_총괄!$B$3:$B$33,2024,데이터_총괄!$C$3:$C$33,2)/SUMIFS(데이터_총괄!$G$3:$G$33,데이터_총괄!$B$3:$B$33,2024,데이터_총괄!$C$3:$C$33,2),"") -> 3.3214132 | C76: =IFERROR(SUMIFS(데이터_총괄!$H$3:$H$33,데이터_총괄!$B$3:$B$33,2025,데이터_총괄!$C$3:$C$33,2)/SUMIFS(데이터_총괄!$G$3:$G$33,데이터_총괄!$B$3:$B$33,2025,데이터_총괄!$C$3:$C$33,2),"") -> 3.2375335 | D76: =IFERROR(SUMIFS(데이터_총괄!$H$3:$H$33,데이터_총괄!$B$3:$B$33,2026,데이터_총괄!$C$3:$C$33,2)/SUMIFS(데이터_총괄!$G$3:$G$33,데이터_총괄!$B$3:$B$33,2026,데이터_총괄!$C$3:$C$33,2),"") -> 4.3356389 | E76: =IFERROR(C76/B76-1,"") -> -0.025254221 | F76: =IFERROR(D76/C76-1,"") -> 0.33917963 | G76: =IFERROR(D76/B76-1,"") -> 0.30535969 | H76: =IFERROR(C76/SUM(C$75:C$86),"") -> 0.075438148 | I76: =IFERROR(D76/SUM(D$75:D$86),"") -> 0.11360966
A77: 3월 | B77: =IFERROR(SUMIFS(데이터_총괄!$H$3:$H$33,데이터_총괄!$B$3:$B$33,2024,데이터_총괄!$C$3:$C$33,3)/SUMIFS(데이터_총괄!$G$3:$G$33,데이터_총괄!$B$3:$B$33,2024,데이터_총괄!$C$3:$C$33,3),"") -> 3.3630577 | C77: =IFERROR(SUMIFS(데이터_총괄!$H$3:$H$33,데이터_총괄!$B$3:$B$33,2025,데이터_총괄!$C$3:$C$33,3)/SUMIFS(데이터_총괄!$G$3:$G$33,데이터_총괄!$B$3:$B$33,2025,데이터_총괄!$C$3:$C$33,3),"") -> 3.6978946 | D77: =IFERROR(SUMIFS(데이터_총괄!$H$3:$H$33,데이터_총괄!$B$3:$B$33,2026,데이터_총괄!$C$3:$C$33,3)/SUMIFS(데이터_총괄!$G$3:$G$33,데이터_총괄!$B$3:$B$33,2026,데이터_총괄!$C$3:$C$33,3),"") -> 5.3975135 | E77: =IFERROR(C77/B77-1,"") -> 0.099563234 | F77: =IFERROR(D77/C77-1,"") -> 0.45961797 | G77: =IFERROR(D77/B77-1,"") -> 0.60494225 | H77: =IFERROR(C77/SUM(C$75:C$86),"") -> 0.086165078 | I77: =IFERROR(D77/SUM(D$75:D$86),"") -> 0.14143467
A78: 4월 | B78: =IFERROR(SUMIFS(데이터_총괄!$H$3:$H$33,데이터_총괄!$B$3:$B$33,2024,데이터_총괄!$C$3:$C$33,4)/SUMIFS(데이터_총괄!$G$3:$G$33,데이터_총괄!$B$3:$B$33,2024,데이터_총괄!$C$3:$C$33,4),"") -> 3.4046833 | C78: =IFERROR(SUMIFS(데이터_총괄!$H$3:$H$33,데이터_총괄!$B$3:$B$33,2025,데이터_총괄!$C$3:$C$33,4)/SUMIFS(데이터_총괄!$G$3:$G$33,데이터_총괄!$B$3:$B$33,2025,데이터_총괄!$C$3:$C$33,4),"") -> 3.3110675 | D78: =IFERROR(SUMIFS(데이터_총괄!$H$3:$H$33,데이터_총괄!$B$3:$B$33,2026,데이터_총괄!$C$3:$C$33,4)/SUMIFS(데이터_총괄!$G$3:$G$33,데이터_총괄!$B$3:$B$33,2026,데이터_총괄!$C$3:$C$33,4),"") -> 5.94933 | E78: =IFERROR(C78/B78-1,"") -> -0.027496201 | F78: =IFERROR(D78/C78-1,"") -> 0.79680119 | G78: =IFERROR(D78/B78-1,"") -> 0.74739599 | H78: =IFERROR(C78/SUM(C$75:C$86),"") -> 0.077151573 | I78: =IFERROR(D78/SUM(D$75:D$86),"") -> 0.15589429
A79: 5월 | B79: =IFERROR(SUMIFS(데이터_총괄!$H$3:$H$33,데이터_총괄!$B$3:$B$33,2024,데이터_총괄!$C$3:$C$33,5)/SUMIFS(데이터_총괄!$G$3:$G$33,데이터_총괄!$B$3:$B$33,2024,데이터_총괄!$C$3:$C$33,5),"") -> 3.4548799 | C79: =IFERROR(SUMIFS(데이터_총괄!$H$3:$H$33,데이터_총괄!$B$3:$B$33,2025,데이터_총괄!$C$3:$C$33,5)/SUMIFS(데이터_총괄!$G$3:$G$33,데이터_총괄!$B$3:$B$33,2025,데이터_총괄!$C$3:$C$33,5),"") -> 3.4549848 | D79: =IFERROR(SUMIFS(데이터_총괄!$H$3:$H$33,데이터_총괄!$B$3:$B$33,2026,데이터_총괄!$C$3:$C$33,5)/SUMIFS(데이터_총괄!$G$3:$G$33,데이터_총괄!$B$3:$B$33,2026,데이터_총괄!$C$3:$C$33,5),"") -> 6.444388 | E79: =IFERROR(C79/B79-1,"") -> 3.0365295e-05 | F79: =IFERROR(D79/C79-1,"") -> 0.86524349 | G79: =IFERROR(D79/B79-1,"") -> 0.86530012 | H79: =IFERROR(C79/SUM(C$75:C$86),"") -> 0.080505008 | I79: =IFERROR(D79/SUM(D$75:D$86),"") -> 0.16886663
A80: 6월 | B80: =IFERROR(SUMIFS(데이터_총괄!$H$3:$H$33,데이터_총괄!$B$3:$B$33,2024,데이터_총괄!$C$3:$C$33,6)/SUMIFS(데이터_총괄!$G$3:$G$33,데이터_총괄!$B$3:$B$33,2024,데이터_총괄!$C$3:$C$33,6),"") -> 3.9163945 | C80: =IFERROR(SUMIFS(데이터_총괄!$H$3:$H$33,데이터_총괄!$B$3:$B$33,2025,데이터_총괄!$C$3:$C$33,6)/SUMIFS(데이터_총괄!$G$3:$G$33,데이터_총괄!$B$3:$B$33,2025,데이터_총괄!$C$3:$C$33,6),"") -> 3.688627 | D80: =IFERROR(SUMIFS(데이터_총괄!$H$3:$H$33,데이터_총괄!$B$3:$B$33,2026,데이터_총괄!$C$3:$C$33,6)/SUMIFS(데이터_총괄!$G$3:$G$33,데이터_총괄!$B$3:$B$33,2026,데이터_총괄!$C$3:$C$33,6),"") -> 6.4990209 | E80: =IFERROR(C80/B80-1,"") -> -0.058157457 | F80: =IFERROR(D80/C80-1,"") -> 0.76190789 | G80: =IFERROR(D80/B80-1,"") -> 0.65943981 | H80: =IFERROR(C80/SUM(C$75:C$86),"") -> 0.085949131 | I80: =IFERROR(D80/SUM(D$75:D$86),"") -> 0.17029821
A81: 7월 | B81: =IFERROR(SUMIFS(데이터_총괄!$H$3:$H$33,데이터_총괄!$B$3:$B$33,2024,데이터_총괄!$C$3:$C$33,7)/SUMIFS(데이터_총괄!$G$3:$G$33,데이터_총괄!$B$3:$B$33,2024,데이터_총괄!$C$3:$C$33,7),"") -> 3.4412408 | C81: =IFERROR(SUMIFS(데이터_총괄!$H$3:$H$33,데이터_총괄!$B$3:$B$33,2025,데이터_총괄!$C$3:$C$33,7)/SUMIFS(데이터_총괄!$G$3:$G$33,데이터_총괄!$B$3:$B$33,2025,데이터_총괄!$C$3:$C$33,7),"") -> 3.4540061 | D81: =IFERROR(SUMIFS(데이터_총괄!$H$3:$H$33,데이터_총괄!$B$3:$B$33,2026,데이터_총괄!$C$3:$C$33,7)/SUMIFS(데이터_총괄!$G$3:$G$33,데이터_총괄!$B$3:$B$33,2026,데이터_총괄!$C$3:$C$33,7),"") -> 5.603357 | E81: =IFERROR(C81/B81-1,"") -> 0.0037094847 | F81: =IFERROR(D81/C81-1,"") -> 0.6222777 | G81: =IFERROR(D81/B81-1,"") -> 0.62829552 | H81: =IFERROR(C81/SUM(C$75:C$86),"") -> 0.080482201 | I81: =IFERROR(D81/SUM(D$75:D$86),"") -> 0.14682853
A82: 8월 | B82: =IFERROR(SUMIFS(데이터_총괄!$H$3:$H$33,데이터_총괄!$B$3:$B$33,2024,데이터_총괄!$C$3:$C$33,8)/SUMIFS(데이터_총괄!$G$3:$G$33,데이터_총괄!$B$3:$B$33,2024,데이터_총괄!$C$3:$C$33,8),"") -> 3.3768474 | C82: =IFERROR(SUMIFS(데이터_총괄!$H$3:$H$33,데이터_총괄!$B$3:$B$33,2025,데이터_총괄!$C$3:$C$33,8)/SUMIFS(데이터_총괄!$G$3:$G$33,데이터_총괄!$B$3:$B$33,2025,데이터_총괄!$C$3:$C$33,8),"") -> 3.403262 | E82: =IFERROR(C82/B82-1,"") -> 0.0078222465 | F82: =IFERROR(D82/C82-1,"") -> -1 | G82: =IFERROR(D82/B82-1,"") -> -1 | H82: =IFERROR(C82/SUM(C$75:C$86),"") -> 0.079299808 | I82: =IFERROR(D82/SUM(D$75:D$86),"") -> 0
A83: 9월 | B83: =IFERROR(SUMIFS(데이터_총괄!$H$3:$H$33,데이터_총괄!$B$3:$B$33,2024,데이터_총괄!$C$3:$C$33,9)/SUMIFS(데이터_총괄!$G$3:$G$33,데이터_총괄!$B$3:$B$33,2024,데이터_총괄!$C$3:$C$33,9),"") -> 3.5589965 | C83: =IFERROR(SUMIFS(데이터_총괄!$H$3:$H$33,데이터_총괄!$B$3:$B$33,2025,데이터_총괄!$C$3:$C$33,9)/SUMIFS(데이터_총괄!$G$3:$G$33,데이터_총괄!$B$3:$B$33,2025,데이터_총괄!$C$3:$C$33,9),"") -> 3.6458041 | E83: =IFERROR(C83/B83-1,"") -> 0.024391024 | F83: =IFERROR(D83/C83-1,"") -> -1 | G83: =IFERROR(D83/B83-1,"") -> -1 | H83: =IFERROR(C83/SUM(C$75:C$86),"") -> 0.084951309 | I83: =IFERROR(D83/SUM(D$75:D$86),"") -> 0
A84: 10월 | B84: =IFERROR(SUMIFS(데이터_총괄!$H$3:$H$33,데이터_총괄!$B$3:$B$33,2024,데이터_총괄!$C$3:$C$33,10)/SUMIFS(데이터_총괄!$G$3:$G$33,데이터_총괄!$B$3:$B$33,2024,데이터_총괄!$C$3:$C$33,10),"") -> 3.5949161 | C84: =IFERROR(SUMIFS(데이터_총괄!$H$3:$H$33,데이터_총괄!$B$3:$B$33,2025,데이터_총괄!$C$3:$C$33,10)/SUMIFS(데이터_총괄!$G$3:$G$33,데이터_총괄!$B$3:$B$33,2025,데이터_총괄!$C$3:$C$33,10),"") -> 3.7154521 | E84: =IFERROR(C84/B84-1,"") -> 0.033529588 | F84: =IFERROR(D84/C84-1,"") -> -1 | G84: =IFERROR(D84/B84-1,"") -> -1 | H84: =IFERROR(C84/SUM(C$75:C$86),"") -> 0.086574187 | I84: =IFERROR(D84/SUM(D$75:D$86),"") -> 0
A85: 11월 | B85: =IFERROR(SUMIFS(데이터_총괄!$H$3:$H$33,데이터_총괄!$B$3:$B$33,2024,데이터_총괄!$C$3:$C$33,11)/SUMIFS(데이터_총괄!$G$3:$G$33,데이터_총괄!$B$3:$B$33,2024,데이터_총괄!$C$3:$C$33,11),"") -> 3.5415116 | C85: =IFERROR(SUMIFS(데이터_총괄!$H$3:$H$33,데이터_총괄!$B$3:$B$33,2025,데이터_총괄!$C$3:$C$33,11)/SUMIFS(데이터_총괄!$G$3:$G$33,데이터_총괄!$B$3:$B$33,2025,데이터_총괄!$C$3:$C$33,11),"") -> 4.1596862 | E85: =IFERROR(C85/B85-1,"") -> 0.17455107 | F85: =IFERROR(D85/C85-1,"") -> -1 | G85: =IFERROR(D85/B85-1,"") -> -1 | H85: =IFERROR(C85/SUM(C$75:C$86),"") -> 0.096925338 | I85: =IFERROR(D85/SUM(D$75:D$86),"") -> 0
A86: 12월 | B86: =IFERROR(SUMIFS(데이터_총괄!$H$3:$H$33,데이터_총괄!$B$3:$B$33,2024,데이터_총괄!$C$3:$C$33,12)/SUMIFS(데이터_총괄!$G$3:$G$33,데이터_총괄!$B$3:$B$33,2024,데이터_총괄!$C$3:$C$33,12),"") -> 3.4823062 | C86: =IFERROR(SUMIFS(데이터_총괄!$H$3:$H$33,데이터_총괄!$B$3:$B$33,2025,데이터_총괄!$C$3:$C$33,12)/SUMIFS(데이터_총괄!$G$3:$G$33,데이터_총괄!$B$3:$B$33,2025,데이터_총괄!$C$3:$C$33,12),"") -> 3.8666162 | E86: =IFERROR(C86/B86-1,"") -> 0.11036079 | F86: =IFERROR(D86/C86-1,"") -> -1 | G86: =IFERROR(D86/B86-1,"") -> -1 | H86: =IFERROR(C86/SUM(C$75:C$86),"") -> 0.09009648 | I86: =IFERROR(D86/SUM(D$75:D$86),"") -> 0
A87: 연간 합 | B87: =SUM(B75:B86) -> 41.654569 | C87: =SUM(C75:C86) -> 42.916396 | D87: =SUM(D75:D86) -> 38.16259 | E87: =IFERROR(C87/B87-1,"") -> 0.03029265
A88: 1~7월 합 | B88: =SUM(B75:B81) -> 24.099991 | C88: =SUM(C75:C81) -> 24.125576 | D88: =SUM(D75:D81) -> 38.16259 | E88: =IFERROR(C88/B88-1,"") -> 0.0010615958 | F88: =IFERROR(D88/C88-1,"") -> 0.58183127 | G88: =IFERROR(D88/B88-1,"") -> 0.58351053
A90: 일평균 수출 (천달러/일)
A91: 월 | B91: 2024년 | C91: 2025년 | D91: 2026년 | E91: 2025 YoY | F91: 2026 YoY | G91: 26 vs 24 | H91: 25 비중 | I91: 26 비중
A92: 1월 | B92: =IFERROR(SUMIFS(데이터_총괄!$H$3:$H$33,데이터_총괄!$B$3:$B$33,2024,데이터_총괄!$C$3:$C$33,1)/SUMIFS(데이터_총괄!$E$3:$E$33,데이터_총괄!$B$3:$B$33,2024,데이터_총괄!$C$3:$C$33,1),"") -> 2279576 | C92: =IFERROR(SUMIFS(데이터_총괄!$H$3:$H$33,데이터_총괄!$B$3:$B$33,2025,데이터_총괄!$C$3:$C$33,1)/SUMIFS(데이터_총괄!$E$3:$E$33,데이터_총괄!$B$3:$B$33,2025,데이터_총괄!$C$3:$C$33,1),"") -> 2458849.2 | D92: =IFERROR(SUMIFS(데이터_총괄!$H$3:$H$33,데이터_총괄!$B$3:$B$33,2026,데이터_총괄!$C$3:$C$33,1)/SUMIFS(데이터_총괄!$E$3:$E$33,데이터_총괄!$B$3:$B$33,2026,데이터_총괄!$C$3:$C$33,1),"") -> 2801869.7 | E92: =IFERROR(C92/B92-1,"") -> 0.078643241 | F92: =IFERROR(D92/C92-1,"") -> 0.13950447 | G92: =IFERROR(D92/B92-1,"") -> 0.2291188 | H92: =IFERROR(C92/SUM(C$92:C$103),"") -> 0.077463252 | I92: =IFERROR(D92/SUM(D$92:D$103),"") -> 0.10510121
A93: 2월 | B93: =IFERROR(SUMIFS(데이터_총괄!$H$3:$H$33,데이터_총괄!$B$3:$B$33,2024,데이터_총괄!$C$3:$C$33,2)/SUMIFS(데이터_총괄!$E$3:$E$33,데이터_총괄!$B$3:$B$33,2024,데이터_총괄!$C$3:$C$33,2),"") -> 2540311.7 | C93: =IFERROR(SUMIFS(데이터_총괄!$H$3:$H$33,데이터_총괄!$B$3:$B$33,2025,데이터_총괄!$C$3:$C$33,2)/SUMIFS(데이터_총괄!$E$3:$E$33,데이터_총괄!$B$3:$B$33,2025,데이터_총괄!$C$3:$C$33,2),"") -> 2376922.8 | D93: =IFERROR(SUMIFS(데이터_총괄!$H$3:$H$33,데이터_총괄!$B$3:$B$33,2026,데이터_총괄!$C$3:$C$33,2)/SUMIFS(데이터_총괄!$E$3:$E$33,데이터_총괄!$B$3:$B$33,2026,데이터_총괄!$C$3:$C$33,2),"") -> 3560134.1 | E93: =IFERROR(C93/B93-1,"") -> -0.064318459 | F93: =IFERROR(D93/C93-1,"") -> 0.49779122 | G93: =IFERROR(D93/B93-1,"") -> 0.40145559 | H93: =IFERROR(C93/SUM(C$92:C$103),"") -> 0.074882253 | I93: =IFERROR(D93/SUM(D$92:D$103),"") -> 0.13354454
A94: 3월 | B94: =IFERROR(SUMIFS(데이터_총괄!$H$3:$H$33,데이터_총괄!$B$3:$B$33,2024,데이터_총괄!$C$3:$C$33,3)/SUMIFS(데이터_총괄!$E$3:$E$33,데이터_총괄!$B$3:$B$33,2024,데이터_총괄!$C$3:$C$33,3),"") -> 2511924.8 | C94: =IFERROR(SUMIFS(데이터_총괄!$H$3:$H$33,데이터_총괄!$B$3:$B$33,2025,데이터_총괄!$C$3:$C$33,3)/SUMIFS(데이터_총괄!$E$3:$E$33,데이터_총괄!$B$3:$B$33,2025,데이터_총괄!$C$3:$C$33,3),"") -> 2639298.3 | D94: =IFERROR(SUMIFS(데이터_총괄!$H$3:$H$33,데이터_총괄!$B$3:$B$33,2026,데이터_총괄!$C$3:$C$33,3)/SUMIFS(데이터_총괄!$E$3:$E$33,데이터_총괄!$B$3:$B$33,2026,데이터_총괄!$C$3:$C$33,3),"") -> 3797092.5 | E94: =IFERROR(C94/B94-1,"") -> 0.0507075 | F94: =IFERROR(D94/C94-1,"") -> 0.43867503 | G94: =IFERROR(D94/B94-1,"") -> 0.51162664 | H94: =IFERROR(C94/SUM(C$92:C$103),"") -> 0.083148095 | I94: =IFERROR(D94/SUM(D$92:D$103),"") -> 0.14243312
A95: 4월 | B95: =IFERROR(SUMIFS(데이터_총괄!$H$3:$H$33,데이터_총괄!$B$3:$B$33,2024,데이터_총괄!$C$3:$C$33,4)/SUMIFS(데이터_총괄!$E$3:$E$33,데이터_총괄!$B$3:$B$33,2024,데이터_총괄!$C$3:$C$33,4),"") -> 2441230.4 | C95: =IFERROR(SUMIFS(데이터_총괄!$H$3:$H$33,데이터_총괄!$B$3:$B$33,2025,데이터_총괄!$C$3:$C$33,4)/SUMIFS(데이터_총괄!$E$3:$E$33,데이터_총괄!$B$3:$B$33,2025,데이터_총괄!$C$3:$C$33,4),"") -> 2418156 | D95: =IFERROR(SUMIFS(데이터_총괄!$H$3:$H$33,데이터_총괄!$B$3:$B$33,2026,데이터_총괄!$C$3:$C$33,4)/SUMIFS(데이터_총괄!$E$3:$E$33,데이터_총괄!$B$3:$B$33,2026,데이터_총괄!$C$3:$C$33,4),"") -> 3572995.1 | E95: =IFERROR(C95/B95-1,"") -> -0.0094519345 | F95: =IFERROR(D95/C95-1,"") -> 0.47757013 | G95: =IFERROR(D95/B95-1,"") -> 0.46360423 | H95: =IFERROR(C95/SUM(C$92:C$103),"") -> 0.07618126 | I95: =IFERROR(D95/SUM(D$92:D$103),"") -> 0.13402698
A96: 5월 | B96: =IFERROR(SUMIFS(데이터_총괄!$H$3:$H$33,데이터_총괄!$B$3:$B$33,2024,데이터_총괄!$C$3:$C$33,5)/SUMIFS(데이터_총괄!$E$3:$E$33,데이터_총괄!$B$3:$B$33,2024,데이터_총괄!$C$3:$C$33,5),"") -> 2637298 | C96: =IFERROR(SUMIFS(데이터_총괄!$H$3:$H$33,데이터_총괄!$B$3:$B$33,2025,데이터_총괄!$C$3:$C$33,5)/SUMIFS(데이터_총괄!$E$3:$E$33,데이터_총괄!$B$3:$B$33,2025,데이터_총괄!$C$3:$C$33,5),"") -> 2663305.3 | D96: =IFERROR(SUMIFS(데이터_총괄!$H$3:$H$33,데이터_총괄!$B$3:$B$33,2026,데이터_총괄!$C$3:$C$33,5)/SUMIFS(데이터_총괄!$E$3:$E$33,데이터_총괄!$B$3:$B$33,2026,데이터_총괄!$C$3:$C$33,5),"") -> 4272004 | E96: =IFERROR(C96/B96-1,"") -> 0.0098613088 | F96: =IFERROR(D96/C96-1,"") -> 0.60402344 | G96: =IFERROR(D96/B96-1,"") -> 0.61984121 | H96: =IFERROR(C96/SUM(C$92:C$103),"") -> 0.083904408 | I96: =IFERROR(D96/SUM(D$92:D$103),"") -> 0.16024757
A97: 6월 | B97: =IFERROR(SUMIFS(데이터_총괄!$H$3:$H$33,데이터_총괄!$B$3:$B$33,2024,데이터_총괄!$C$3:$C$33,6)/SUMIFS(데이터_총괄!$E$3:$E$33,데이터_총괄!$B$3:$B$33,2024,데이터_총괄!$C$3:$C$33,6),"") -> 2667052.7 | C97: =IFERROR(SUMIFS(데이터_총괄!$H$3:$H$33,데이터_총괄!$B$3:$B$33,2025,데이터_총괄!$C$3:$C$33,6)/SUMIFS(데이터_총괄!$E$3:$E$33,데이터_총괄!$B$3:$B$33,2025,데이터_총괄!$C$3:$C$33,6),"") -> 2849228.4 | D97: =IFERROR(SUMIFS(데이터_총괄!$H$3:$H$33,데이터_총괄!$B$3:$B$33,2026,데이터_총괄!$C$3:$C$33,6)/SUMIFS(데이터_총괄!$E$3:$E$33,데이터_총괄!$B$3:$B$33,2026,데이터_총괄!$C$3:$C$33,6),"") -> 4531384.8 | E97: =IFERROR(C97/B97-1,"") -> 0.068305992 | F97: =IFERROR(D97/C97-1,"") -> 0.59039016 | G97: =IFERROR(D97/B97-1,"") -> 0.69902333 | H97: =IFERROR(C97/SUM(C$92:C$103),"") -> 0.089761706 | I97: =IFERROR(D97/SUM(D$92:D$103),"") -> 0.16997723
A98: 7월 | B98: =IFERROR(SUMIFS(데이터_총괄!$H$3:$H$33,데이터_총괄!$B$3:$B$33,2024,데이터_총괄!$C$3:$C$33,7)/SUMIFS(데이터_총괄!$E$3:$E$33,데이터_총괄!$B$3:$B$33,2024,데이터_총괄!$C$3:$C$33,7),"") -> 2298351.5 | C98: =IFERROR(SUMIFS(데이터_총괄!$H$3:$H$33,데이터_총괄!$B$3:$B$33,2025,데이터_총괄!$C$3:$C$33,7)/SUMIFS(데이터_총괄!$E$3:$E$33,데이터_총괄!$B$3:$B$33,2025,데이터_총괄!$C$3:$C$33,7),"") -> 2428972.9 | D98: =IFERROR(SUMIFS(데이터_총괄!$H$3:$H$33,데이터_총괄!$B$3:$B$33,2026,데이터_총괄!$C$3:$C$33,7)/SUMIFS(데이터_총괄!$E$3:$E$33,데이터_총괄!$B$3:$B$33,2026,데이터_총괄!$C$3:$C$33,7),"") -> 4123295.8 | E98: =IFERROR(C98/B98-1,"") -> 0.056832629 | F98: =IFERROR(D98/C98-1,"") -> 0.69754707 | G98: =IFERROR(D98/B98-1,"") -> 0.79402313 | H98: =IFERROR(C98/SUM(C$92:C$103),"") -> 0.076522032 | I98: =IFERROR(D98/SUM(D$92:D$103),"") -> 0.15466936
A99: 8월 | B99: =IFERROR(SUMIFS(데이터_총괄!$H$3:$H$33,데이터_총괄!$B$3:$B$33,2024,데이터_총괄!$C$3:$C$33,8)/SUMIFS(데이터_총괄!$E$3:$E$33,데이터_총괄!$B$3:$B$33,2024,데이터_총괄!$C$3:$C$33,8),"") -> 2452890.4 | C99: =IFERROR(SUMIFS(데이터_총괄!$H$3:$H$33,데이터_총괄!$B$3:$B$33,2025,데이터_총괄!$C$3:$C$33,8)/SUMIFS(데이터_총괄!$E$3:$E$33,데이터_총괄!$B$3:$B$33,2025,데이터_총괄!$C$3:$C$33,8),"") -> 2589303.6 | E99: =IFERROR(C99/B99-1,"") -> 0.055613273 | F99: =IFERROR(D99/C99-1,"") -> -1 | G99: =IFERROR(D99/B99-1,"") -> -1 | H99: =IFERROR(C99/SUM(C$92:C$103),"") -> 0.081573071 | I99: =IFERROR(D99/SUM(D$92:D$103),"") -> 0
A100: 9월 | B100: =IFERROR(SUMIFS(데이터_총괄!$H$3:$H$33,데이터_총괄!$B$3:$B$33,2024,데이터_총괄!$C$3:$C$33,9)/SUMIFS(데이터_총괄!$E$3:$E$33,데이터_총괄!$B$3:$B$33,2024,데이터_총괄!$C$3:$C$33,9),"") -> 2927234.6 | C100: =IFERROR(SUMIFS(데이터_총괄!$H$3:$H$33,데이터_총괄!$B$3:$B$33,2025,데이터_총괄!$C$3:$C$33,9)/SUMIFS(데이터_총괄!$E$3:$E$33,데이터_총괄!$B$3:$B$33,2025,데이터_총괄!$C$3:$C$33,9),"") -> 2746004.9 | E100: =IFERROR(C100/B100-1,"") -> -0.061911584 | F100: =IFERROR(D100/C100-1,"") -> -1 | G100: =IFERROR(D100/B100-1,"") -> -1 | H100: =IFERROR(C100/SUM(C$92:C$103),"") -> 0.086509766 | I100: =IFERROR(D100/SUM(D$92:D$103),"") -> 0
A101: 10월 | B101: =IFERROR(SUMIFS(데이터_총괄!$H$3:$H$33,데이터_총괄!$B$3:$B$33,2024,데이터_총괄!$C$3:$C$33,10)/SUMIFS(데이터_총괄!$E$3:$E$33,데이터_총괄!$B$3:$B$33,2024,데이터_총괄!$C$3:$C$33,10),"") -> 2613645.1 | C101: =IFERROR(SUMIFS(데이터_총괄!$H$3:$H$33,데이터_총괄!$B$3:$B$33,2025,데이터_총괄!$C$3:$C$33,10)/SUMIFS(데이터_총괄!$E$3:$E$33,데이터_총괄!$B$3:$B$33,2025,데이터_총괄!$C$3:$C$33,10),"") -> 2975578.9 | E101: =IFERROR(C101/B101-1,"") -> 0.13847856 | F101: =IFERROR(D101/C101-1,"") -> -1 | G101: =IFERROR(D101/B101-1,"") -> -1 | H101: =IFERROR(C101/SUM(C$92:C$103),"") -> 0.093742234 | I101: =IFERROR(D101/SUM(D$92:D$103),"") -> 0
A102: 11월 | B102: =IFERROR(SUMIFS(데이터_총괄!$H$3:$H$33,데이터_총괄!$B$3:$B$33,2024,데이터_총괄!$C$3:$C$33,11)/SUMIFS(데이터_총괄!$E$3:$E$33,데이터_총괄!$B$3:$B$33,2024,데이터_총괄!$C$3:$C$33,11),"") -> 2395260.8 | C102: =IFERROR(SUMIFS(데이터_총괄!$H$3:$H$33,데이터_총괄!$B$3:$B$33,2025,데이터_총괄!$C$3:$C$33,11)/SUMIFS(데이터_총괄!$E$3:$E$33,데이터_총괄!$B$3:$B$33,2025,데이터_총괄!$C$3:$C$33,11),"") -> 2700116.4 | E102: =IFERROR(C102/B102-1,"") -> 0.12727447 | F102: =IFERROR(D102/C102-1,"") -> -1 | G102: =IFERROR(D102/B102-1,"") -> -1 | H102: =IFERROR(C102/SUM(C$92:C$103),"") -> 0.085064099 | I102: =IFERROR(D102/SUM(D$92:D$103),"") -> 0
A103: 12월 | B103: =IFERROR(SUMIFS(데이터_총괄!$H$3:$H$33,데이터_총괄!$B$3:$B$33,2024,데이터_총괄!$C$3:$C$33,12)/SUMIFS(데이터_총괄!$E$3:$E$33,데이터_총괄!$B$3:$B$33,2024,데이터_총괄!$C$3:$C$33,12),"") -> 2667793.5 | C103: =IFERROR(SUMIFS(데이터_총괄!$H$3:$H$33,데이터_총괄!$B$3:$B$33,2025,데이터_총괄!$C$3:$C$33,12)/SUMIFS(데이터_총괄!$E$3:$E$33,데이터_총괄!$B$3:$B$33,2025,데이터_총괄!$C$3:$C$33,12),"") -> 2896401 | E103: =IFERROR(C103/B103-1,"") -> 0.085691611 | F103: =IFERROR(D103/C103-1,"") -> -1 | G103: =IFERROR(D103/B103-1,"") -> -1 | H103: =IFERROR(C103/SUM(C$92:C$103),"") -> 0.091247824 | I103: =IFERROR(D103/SUM(D$92:D$103),"") -> 0
A104: 연간 합 | B104: =SUM(B92:B103) -> 30432570 | C104: =SUM(C92:C103) -> 31742138 | D104: =SUM(D92:D103) -> 26658776 | E104: =IFERROR(C104/B104-1,"") -> 0.043031793
A105: 1~7월 합 | B105: =SUM(B92:B98) -> 17375745 | C105: =SUM(C92:C98) -> 17834733 | D105: =SUM(D92:D98) -> 26658776 | E105: =IFERROR(C105/B105-1,"") -> 0.026415422 | F105: =IFERROR(D105/C105-1,"") -> 0.49476733 | G105: =IFERROR(D105/B105-1,"") -> 0.53425224
A107: IT부품 수출 (천달러)
...

Sheet 분석4B_월별매트릭스
A1: ④-B 월별 매트릭스 — 모든 항목의 31개월 월별 값 (이후 시트의 월별 YoY 원천)
A2: 이 시트는 품목·부문·성질별 항목의 월별 값을 한 번만 계산해 두는 곳입니다. 분석6·7·8의 월별 증감은 모두 이 표를 참조하므로, 값이 바뀌면 월별 분석 전체가 함께 갱신됩니다.
A4: [A] HS 류별 월별 수출금액 (천달러)
A5: 코드 | B5: 항목 | C5: 2024.01 | D5: 2024.02 | E5: 2024.03 | F5: 2024.04 | G5: 2024.05 | H5: 2024.06 | I5: 2024.07 | J5: 2024.08 | K5: 2024.09 | L5: 2024.10 | M5: 2024.11 | N5: 2024.12 | O5: 2025.01 | P5: 2025.02 | Q5: 2025.03 | R5: 2025.04 | S5: 2025.05 | T5: 2025.06 | U5: 2025.07 | V5: 2025.08 | W5: 2025.09 | X5: 2025.10 | Y5: 2025.11 | Z5: 2025.12 | AA5: 2026.01 | AB5: 2026.02 | AC5: 2026.03 | AD5: 2026.04 | AE5: 2026.05 | AF5: 2026.06 | AG5: 2026.07
A6: 01 | B6: 살아 있는 동물 | C6: =SUMIFS(데이터_품목별!$H$3:$H$2984,데이터_품목별!$E$3:$E$2984,"01",데이터_품목별!$A$3:$A$2984,"2024.01") -> 697 | D6: =SUMIFS(데이터_품목별!$H$3:$H$2984,데이터_품목별!$E$3:$E$2984,"01",데이터_품목별!$A$3:$A$2984,"2024.02") -> 712 | E6: =SUMIFS(데이터_품목별!$H$3:$H$2984,데이터_품목별!$E$3:$E$2984,"01",데이터_품목별!$A$3:$A$2984,"2024.03") -> 944 | F6: =SUMIFS(데이터_품목별!$H$3:$H$2984,데이터_품목별!$E$3:$E$2984,"01",데이터_품목별!$A$3:$A$2984,"2024.04") -> 665 | G6: =SUMIFS(데이터_품목별!$H$3:$H$2984,데이터_품목별!$E$3:$E$2984,"01",데이터_품목별!$A$3:$A$2984,"2024.05") -> 789 | H6: =SUMIFS(데이터_품목별!$H$3:$H$2984,데이터_품목별!$E$3:$E$2984,"01",데이터_품목별!$A$3:$A$2984,"2024.06") -> 562 | I6: =SUMIFS(데이터_품목별!$H$3:$H$2984,데이터_품목별!$E$3:$E$2984,"01",데이터_품목별!$A$3:$A$2984,"2024.07") -> 642 | J6: =SUMIFS(데이터_품목별!$H$3:$H$2984,데이터_품목별!$E$3:$E$2984,"01",데이터_품목별!$A$3:$A$2984,"2024.08") -> 411 | K6: =SUMIFS(데이터_품목별!$H$3:$H$2984,데이터_품목별!$E$3:$E$2984,"01",데이터_품목별!$A$3:$A$2984,"2024.09") -> 411 | L6: =SUMIFS(데이터_품목별!$H$3:$H$2984,데이터_품목별!$E$3:$E$2984,"01",데이터_품목별!$A$3:$A$2984,"2024.10") -> 411 | M6: =SUMIFS(데이터_품목별!$H$3:$H$2984,데이터_품목별!$E$3:$E$2984,"01",데이터_품목별!$A$3:$A$2984,"2024.11") -> 530 | N6: =SUMIFS(데이터_품목별!$H$3:$H$2984,데이터_품목별!$E$3:$E$2984,"01",데이터_품목별!$A$3:$A$2984,"2024.12") -> 523 | O6: =SUMIFS(데이터_품목별!$H$3:$H$2984,데이터_품목별!$E$3:$E$2984,"01",데이터_품목별!$A$3:$A$2984,"2025.01") -> 511 | P6: =SUMIFS(데이터_품목별!$H$3:$H$2984,데이터_품목별!$E$3:$E$2984,"01",데이터_품목별!$A$3:$A$2984,"2025.02") -> 443 | Q6: =SUMIFS(데이터_품목별!$H$3:$H$2984,데이터_품목별!$E$3:$E$2984,"01",데이터_품목별!$A$3:$A$2984,"2025.03") -> 914 | R6: =SUMIFS(데이터_품목별!$H$3:$H$2984,데이터_품목별!$E$3:$E$2984,"01",데이터_품목별!$A$3:$A$2984,"2025.04") -> 595 | S6: =SUMIFS(데이터_품목별!$H$3:$H$2984,데이터_품목별!$E$3:$E$2984,"01",데이터_품목별!$A$3:$A$2984,"2025.05") -> 535 | T6: =SUMIFS(데이터_품목별!$H$3:$H$2984,데이터_품목별!$E$3:$E$2984,"01",데이터_품목별!$A$3:$A$2984,"2025.06") -> 594 | U6: =SUMIFS(데이터_품목별!$H$3:$H$2984,데이터_품목별!$E$3:$E$2984,"01",데이터_품목별!$A$3:$A$2984,"2025.07") -> 468 | V6: =SUMIFS(데이터_품목별!$H$3:$H$2984,데이터_품목별!$E$3:$E$2984,"01",데이터_품목별!$A$3:$A$2984,"2025.08") -> 774 | W6: =SUMIFS(데이터_품목별!$H$3:$H$2984,데이터_품목별!$E$3:$E$2984,"01",데이터_품목별!$A$3:$A$2984,"2025.09") -> 689 | X6: =SUMIFS(데이터_품목별!$H$3:$H$2984,데이터_품목별!$E$3:$E$2984,"01",데이터_품목별!$A$3:$A$2984,"2025.10") -> 543 | Y6: =SUMIFS(데이터_품목별!$H$3:$H$2984,데이터_품목별!$E$3:$E$2984,"01",데이터_품목별!$A$3:$A$2984,"2025.11") -> 445 | Z6: =SUMIFS(데이터_품목별!$H$3:$H$2984,데이터_품목별!$E$3:$E$2984,"01",데이터_품목별!$A$3:$A$2984,"2025.12") -> 986 | AA6: =SUMIFS(데이터_품목별!$H$3:$H$2984,데이터_품목별!$E$3:$E$2984,"01",데이터_품목별!$A$3:$A$2984,"2026.01") -> 405 | AB6: =SUMIFS(데이터_품목별!$H$3:$H$2984,데이터_품목별!$E$3:$E$2984,"01",데이터_품목별!$A$3:$A$2984,"2026.02") -> 356 | AC6: =SUMIFS(데이터_품목별!$H$3:$H$2984,데이터_품목별!$E$3:$E$2984,"01",데이터_품목별!$A$3:$A$2984,"2026.03") -> 616 | AD6: =SUMIFS(데이터_품목별!$H$3:$H$2984,데이터_품목별!$E$3:$E$2984,"01",데이터_품목별!$A$3:$A$2984,"2026.04") -> 623 | AE6: =SUMIFS(데이터_품목별!$H$3:$H$2984,데이터_품목별!$E$3:$E$2984,"01",데이터_품목별!$A$3:$A$2984,"2026.05") -> 816 | AF6: =SUMIFS(데이터_품목별!$H$3:$H$2984,데이터_품목별!$E$3:$E$2984,"01",데이터_품목별!$A$3:$A$2984,"2026.06") -> 1992 | AG6: =SUMIFS(데이터_품목별!$H$3:$H$2984,데이터_품목별!$E$3:$E$2984,"01",데이터_품목별!$A$3:$A$2984,"2026.07") -> 450
A7: 02 | B7: 육과 식용 설육(屑肉) | C7: =SUMIFS(데이터_품목별!$H$3:$H$2984,데이터_품목별!$E$3:$E$2984,"02",데이터_품목별!$A$3:$A$2984,"2024.01") -> 5389 | D7: =SUMIFS(데이터_품목별!$H$3:$H$2984,데이터_품목별!$E$3:$E$2984,"02",데이터_품목별!$A$3:$A$2984,"2024.02") -> 7710 | E7: =SUMIFS(데이터_품목별!$H$3:$H$2984,데이터_품목별!$E$3:$E$2984,"02",데이터_품목별!$A$3:$A$2984,"2024.03") -> 7350 | F7: =SUMIFS(데이터_품목별!$H$3:$H$2984,데이터_품목별!$E$3:$E$2984,"02",데이터_품목별!$A$3:$A$2984,"2024.04") -> 5790 | G7: =SUMIFS(데이터_품목별!$H$3:$H$2984,데이터_품목별!$E$3:$E$2984,"02",데이터_품목별!$A$3:$A$2984,"2024.05") -> 6317 | H7: =SUMIFS(데이터_품목별!$H$3:$H$2984,데이터_품목별!$E$3:$E$2984,"02",데이터_품목별!$A$3:$A$2984,"2024.06") -> 3686 | I7: =SUMIFS(데이터_품목별!$H$3:$H$2984,데이터_품목별!$E$3:$E$2984,"02",데이터_품목별!$A$3:$A$2984,"2024.07") -> 6364 | J7: =SUMIFS(데이터_품목별!$H$3:$H$2984,데이터_품목별!$E$3:$E$2984,"02",데이터_품목별!$A$3:$A$2984,"2024.08") -> 7408 | K7: =SUMIFS(데이터_품목별!$H$3:$H$2984,데이터_품목별!$E$3:$E$2984,"02",데이터_품목별!$A$3:$A$2984,"2024.09") -> 7631 | L7: =SUMIFS(데이터_품목별!$H$3:$H$2984,데이터_품목별!$E$3:$E$2984,"02",데이터_품목별!$A$3:$A$2984,"2024.10") -> 8867 | M7: =SUMIFS(데이터_품목별!$H$3:$H$2984,데이터_품목별!$E$3:$E$2984,"02",데이터_품목별!$A$3:$A$2984,"2024.11") -> 4944 | N7: =SUMIFS(데이터_품목별!$H$3:$H$2984,데이터_품목별!$E$3:$E$2984,"02",데이터_품목별!$A$3:$A$2984,"2024.12") -> 6482 | O7: =SUMIFS(데이터_품목별!$H$3:$H$2984,데이터_품목별!$E$3:$E$2984,"02",데이터_품목별!$A$3:$A$2984,"2025.01") -> 5868 | P7: =SUMIFS(데이터_품목별!$H$3:$H$2984,데이터_품목별!$E$3:$E$2984,"02",데이터_품목별!$A$3:$A$2984,"2025.02") -> 8080 | Q7: =SUMIFS(데이터_품목별!$H$3:$H$2984,데이터_품목별!$E$3:$E$2984,"02",데이터_품목별!$A$3:$A$2984,"2025.03") -> 8774 | R7: =SUMIFS(데이터_품목별!$H$3:$H$2984,데이터_품목별!$E$3:$E$2984,"02",데이터_품목별!$A$3:$A$2984,"2025.04") -> 6196 | S7: =SUMIFS(데이터_품목별!$H$3:$H$2984,데이터_품목별!$E$3:$E$2984,"02",데이터_품목별!$A$3:$A$2984,"2025.05") -> 5237 | T7: =SUMIFS(데이터_품목별!$H$3:$H$2984,데이터_품목별!$E$3:$E$2984,"02",데이터_품목별!$A$3:$A$2984,"2025.06") -> 3762 | U7: =SUMIFS(데이터_품목별!$H$3:$H$2984,데이터_품목별!$E$3:$E$2984,"02",데이터_품목별!$A$3:$A$2984,"2025.07") -> 5982 | V7: =SUMIFS(데이터_품목별!$H$3:$H$2984,데이터_품목별!$E$3:$E$2984,"02",데이터_품목별!$A$3:$A$2984,"2025.08") -> 5772 | W7: =SUMIFS(데이터_품목별!$H$3:$H$2984,데이터_품목별!$E$3:$E$2984,"02",데이터_품목별!$A$3:$A$2984,"2025.09") -> 6423 | X7: =SUMIFS(데이터_품목별!$H$3:$H$2984,데이터_품목별!$E$3:$E$2984,"02",데이터_품목별!$A$3:$A$2984,"2025.10") -> 8329 | Y7: =SUMIFS(데이터_품목별!$H$3:$H$2984,데이터_품목별!$E$3:$E$2984,"02",데이터_품목별!$A$3:$A$2984,"2025.11") -> 8044 | Z7: =SUMIFS(데이터_품목별!$H$3:$H$2984,데이터_품목별!$E$3:$E$2984,"02",데이터_품목별!$A$3:$A$2984,"2025.12") -> 8391 | AA7: =SUMIFS(데이터_품목별!$H$3:$H$2984,데이터_품목별!$E$3:$E$2984,"02",데이터_품목별!$A$3:$A$2984,"2026.01") -> 8807 | AB7: =SUMIFS(데이터_품목별!$H$3:$H$2984,데이터_품목별!$E$3:$E$2984,"02",데이터_품목별!$A$3:$A$2984,"2026.02") -> 5508 | AC7: =SUMIFS(데이터_품목별!$H$3:$H$2984,데이터_품목별!$E$3:$E$2984,"02",데이터_품목별!$A$3:$A$2984,"2026.03") -> 8418 | AD7: =SUMIFS(데이터_품목별!$H$3:$H$2984,데이터_품목별!$E$3:$E$2984,"02",데이터_품목별!$A$3:$A$2984,"2026.04") -> 6683 | AE7: =SUMIFS(데이터_품목별!$H$3:$H$2984,데이터_품목별!$E$3:$E$2984,"02",데이터_품목별!$A$3:$A$2984,"2026.05") -> 4836 | AF7: =SUMIFS(데이터_품목별!$H$3:$H$2984,데이터_품목별!$E$3:$E$2984,"02",데이터_품목별!$A$3:$A$2984,"2026.06") -> 4776 | AG7: =SUMIFS(데이터_품목별!$H$3:$H$2984,데이터_품목별!$E$3:$E$2984,"02",데이터_품목별!$A$3:$A$2984,"2026.07") -> 6320
A8: 03 | B8: 어류ㆍ갑각류ㆍ연체동물과 그 밖의 수생(水生) 무척추동물 | C8: =SUMIFS(데이터_품목별!$H$3:$H$2984,데이터_품목별!$E$3:$E$2984,"03",데이터_품목별!$A$3:$A$2984,"2024.01") -> 128716 | D8: =SUMIFS(데이터_품목별!$H$3:$H$2984,데이터_품목별!$E$3:$E$2984,"03",데이터_품목별!$A$3:$A$2984,"2024.02") -> 124869 | E8: =SUMIFS(데이터_품목별!$H$3:$H$2984,데이터_품목별!$E$3:$E$2984,"03",데이터_품목별!$A$3:$A$2984,"2024.03") -> 120182 | F8: =SUMIFS(데이터_품목별!$H$3:$H$2984,데이터_품목별!$E$3:$E$2984,"03",데이터_품목별!$A$3:$A$2984,"2024.04") -> 160358 | G8: =SUMIFS(데이터_품목별!$H$3:$H$2984,데이터_품목별!$E$3:$E$2984,"03",데이터_품목별!$A$3:$A$2984,"2024.05") -> 109814 | H8: =SUMIFS(데이터_품목별!$H$3:$H$2984,데이터_품목별!$E$3:$E$2984,"03",데이터_품목별!$A$3:$A$2984,"2024.06") -> 108994 | I8: =SUMIFS(데이터_품목별!$H$3:$H$2984,데이터_품목별!$E$3:$E$2984,"03",데이터_품목별!$A$3:$A$2984,"2024.07") -> 125808 | J8: =SUMIFS(데이터_품목별!$H$3:$H$2984,데이터_품목별!$E$3:$E$2984,"03",데이터_품목별!$A$3:$A$2984,"2024.08") -> 124068 | K8: =SUMIFS(데이터_품목별!$H$3:$H$2984,데이터_품목별!$E$3:$E$2984,"03",데이터_품목별!$A$3:$A$2984,"2024.09") -> 127512 | L8: =SUMIFS(데이터_품목별!$H$3:$H$2984,데이터_품목별!$E$3:$E$2984,"03",데이터_품목별!$A$3:$A$2984,"2024.10") -> 172319 | M8: =SUMIFS(데이터_품목별!$H$3:$H$2984,데이터_품목별!$E$3:$E$2984,"03",데이터_품목별!$A$3:$A$2984,"2024.11") -> 162270 | N8: =SUMIFS(데이터_품목별!$H$3:$H$2984,데이터_품목별!$E$3:$E$2984,"03",데이터_품목별!$A$3:$A$2984,"2024.12") -> 143073 | O8: =SUMIFS(데이터_품목별!$H$3:$H$2984,데이터_품목별!$E$3:$E$2984,"03",데이터_품목별!$A$3:$A$2984,"2025.01") -> 98077 | P8: =SUMIFS(데이터_품목별!$H$3:$H$2984,데이터_품목별!$E$3:$E$2984,"03",데이터_품목별!$A$3:$A$2984,"2025.02") -> 140969 | Q8: =SUMIFS(데이터_품목별!$H$3:$H$2984,데이터_품목별!$E$3:$E$2984,"03",데이터_품목별!$A$3:$A$2984,"2025.03") -> 141976 | R8: =SUMIFS(데이터_품목별!$H$3:$H$2984,데이터_품목별!$E$3:$E$2984,"03",데이터_품목별!$A$3:$A$2984,"2025.04") -> 143669 | S8: =SUMIFS(데이터_품목별!$H$3:$H$2984,데이터_품목별!$E$3:$E$2984,"03",데이터_품목별!$A$3:$A$2984,"2025.05") -> 133471 | T8: =SUMIFS(데이터_품목별!$H$3:$H$2984,데이터_품목별!$E$3:$E$2984,"03",데이터_품목별!$A$3:$A$2984,"2025.06") -> 128775 | U8: =SUMIFS(데이터_품목별!$H$3:$H$2984,데이터_품목별!$E$3:$E$2984,"03",데이터_품목별!$A$3:$A$2984,"2025.07") -> 156545 | V8: =SUMIFS(데이터_품목별!$H$3:$H$2984,데이터_품목별!$E$3:$E$2984,"03",데이터_품목별!$A$3:$A$2984,"2025.08") -> 133294 | W8: =SUMIFS(데이터_품목별!$H$3:$H$2984,데이터_품목별!$E$3:$E$2984,"03",데이터_품목별!$A$3:$A$2984,"2025.09") -> 177718 | X8: =SUMIFS(데이터_품목별!$H$3:$H$2984,데이터_품목별!$E$3:$E$2984,"03",데이터_품목별!$A$3:$A$2984,"2025.10") -> 162099 | Y8: =SUMIFS(데이터_품목별!$H$3:$H$2984,데이터_품목별!$E$3:$E$2984,"03",데이터_품목별!$A$3:$A$2984,"2025.11") -> 159869 | Z8: =SUMIFS(데이터_품목별!$H$3:$H$2984,데이터_품목별!$E$3:$E$2984,"03",데이터_품목별!$A$3:$A$2984,"2025.12") -> 203518 | AA8: =SUMIFS(데이터_품목별!$H$3:$H$2984,데이터_품목별!$E$3:$E$2984,"03",데이터_품목별!$A$3:$A$2984,"2026.01") -> 154459 | AB8: =SUMIFS(데이터_품목별!$H$3:$H$2984,데이터_품목별!$E$3:$E$2984,"03",데이터_품목별!$A$3:$A$2984,"2026.02") -> 148644 | AC8: =SUMIFS(데이터_품목별!$H$3:$H$2984,데이터_품목별!$E$3:$E$2984,"03",데이터_품목별!$A$3:$A$2984,"2026.03") -> 197950 | AD8: =SUMIFS(데이터_품목별!$H$3:$H$2984,데이터_품목별!$E$3:$E$2984,"03",데이터_품목별!$A$3:$A$2984,"2026.04") -> 206676 | AE8: =SUMIFS(데이터_품목별!$H$3:$H$2984,데이터_품목별!$E$3:$E$2984,"03",데이터_품목별!$A$3:$A$2984,"2026.05") -> 200487 | AF8: =SUMIFS(데이터_품목별!$H$3:$H$2984,데이터_품목별!$E$3:$E$2984,"03",데이터_품목별!$A$3:$A$2984,"2026.06") -> 184400 | AG8: =SUMIFS(데이터_품목별!$H$3:$H$2984,데이터_품목별!$E$3:$E$2984,"03",데이터_품목별!$A$3:$A$2984,"2026.07") -> 178620
A9: 04 | B9: 낙농품, 새의 알, 천연꿀, 다른 류로 분류되지 않은 식용인 동물성 생산품 | C9: =SUMIFS(데이터_품목별!$H$3:$H$2984,데이터_품목별!$E$3:$E$2984,"04",데이터_품목별!$A$3:$A$2984,"2024.01") -> 7500 | D9: =SUMIFS(데이터_품목별!$H$3:$H$2984,데이터_품목별!$E$3:$E$2984,"04",데이터_품목별!$A$3:$A$2984,"2024.02") -> 6529 | E9: =SUMIFS(데이터_품목별!$H$3:$H$2984,데이터_품목별!$E$3:$E$2984,"04",데이터_품목별!$A$3:$A$2984,"2024.03") -> 6627 | F9: =SUMIFS(데이터_품목별!$H$3:$H$2984,데이터_품목별!$E$3:$E$2984,"04",데이터_품목별!$A$3:$A$2984,"2024.04") -> 5644 | G9: =SUMIFS(데이터_품목별!$H$3:$H$2984,데이터_품목별!$E$3:$E$2984,"04",데이터_품목별!$A$3:$A$2984,"2024.05") -> 6793 | H9: =SUMIFS(데이터_품목별!$H$3:$H$2984,데이터_품목별!$E$3:$E$2984,"04",데이터_품목별!$A$3:$A$2984,"2024.06") -> 6961 | I9: =SUMIFS(데이터_품목별!$H$3:$H$2984,데이터_품목별!$E$3:$E$2984,"04",데이터_품목별!$A$3:$A$2984,"2024.07") -> 5162 | J9: =SUMIFS(데이터_품목별!$H$3:$H$2984,데이터_품목별!$E$3:$E$2984,"04",데이터_품목별!$A$3:$A$2984,"2024.08") -> 5698 | K9: =SUMIFS(데이터_품목별!$H$3:$H$2984,데이터_품목별!$E$3:$E$2984,"04",데이터_품목별!$A$3:$A$2984,"2024.09") -> 7152 | L9: =SUMIFS(데이터_품목별!$H$3:$H$2984,데이터_품목별!$E$3:$E$2984,"04",데이터_품목별!$A$3:$A$2984,"2024.10") -> 6630 | M9: =SUMIFS(데이터_품목별!$H$3:$H$2984,데이터_품목별!$E$3:$E$2984,"04",데이터_품목별!$A$3:$A$2984,"2024.11") -> 5362 | N9: =SUMIFS(데이터_품목별!$H$3:$H$2984,데이터_품목별!$E$3:$E$2984,"04",데이터_품목별!$A$3:$A$2984,"2024.12") -> 6654 | O9: =SUMIFS(데이터_품목별!$H$3:$H$2984,데이터_품목별!$E$3:$E$2984,"04",데이터_품목별!$A$3:$A$2984,"2025.01") -> 6510 | P9: =SUMIFS(데이터_품목별!$H$3:$H$2984,데이터_품목별!$E$3:$E$2984,"04",데이터_품목별!$A$3:$A$2984,"2025.02") -> 6784 | Q9: =SUMIFS(데이터_품목별!$H$3:$H$2984,데이터_품목별!$E$3:$E$2984,"04",데이터_품목별!$A$3:$A$2984,"2025.03") -> 7476 | R9: =SUMIFS(데이터_품목별!$H$3:$H$2984,데이터_품목별!$E$3:$E$2984,"04",데이터_품목별!$A$3:$A$2984,"2025.04") -> 8234 | S9: =SUMIFS(데이터_품목별!$H$3:$H$2984,데이터_품목별!$E$3:$E$2984,"04",데이터_품목별!$A$3:$A$2984,"2025.05") -> 8088 | T9: =SUMIFS(데이터_품목별!$H$3:$H$2984,데이터_품목별!$E$3:$E$2984,"04",데이터_품목별!$A$3:$A$2984,"2025.06") -> 4489 | U9: =SUMIFS(데이터_품목별!$H$3:$H$2984,데이터_품목별!$E$3:$E$2984,"04",데이터_품목별!$A$3:$A$2984,"2025.07") -> 7894 | V9: =SUMIFS(데이터_품목별!$H$3:$H$2984,데이터_품목별!$E$3:$E$2984,"04",데이터_품목별!$A$3:$A$2984,"2025.08") -> 5207 | W9: =SUMIFS(데이터_품목별!$H$3:$H$2984,데이터_품목별!$E$3:$E$2984,"04",데이터_품목별!$A$3:$A$2984,"2025.09") -> 7500 | X9: =SUMIFS(데이터_품목별!$H$3:$H$2984,데이터_품목별!$E$3:$E$2984,"04",데이터_품목별!$A$3:$A$2984,"2025.10") -> 5660 | Y9: =SUMIFS(데이터_품목별!$H$3:$H$2984,데이터_품목별!$E$3:$E$2984,"04",데이터_품목별!$A$3:$A$2984,"2025.11") -> 6208 | Z9: =SUMIFS(데이터_품목별!$H$3:$H$2984,데이터_품목별!$E$3:$E$2984,"04",데이터_품목별!$A$3:$A$2984,"2025.12") -> 8647 | AA9: =SUMIFS(데이터_품목별!$H$3:$H$2984,데이터_품목별!$E$3:$E$2984,"04",데이터_품목별!$A$3:$A$2984,"2026.01") -> 7077 | AB9: =SUMIFS(데이터_품목별!$H$3:$H$2984,데이터_품목별!$E$3:$E$2984,"04",데이터_품목별!$A$3:$A$2984,"2026.02") -> 7023 | AC9: =SUMIFS(데이터_품목별!$H$3:$H$2984,데이터_품목별!$E$3:$E$2984,"04",데이터_품목별!$A$3:$A$2984,"2026.03") -> 7653 | AD9: =SUMIFS(데이터_품목별!$H$3:$H$2984,데이터_품목별!$E$3:$E$2984,"04",데이터_품목별!$A$3:$A$2984,"2026.04") -> 6183 | AE9: =SUMIFS(데이터_품목별!$H$3:$H$2984,데이터_품목별!$E$3:$E$2984,"04",데이터_품목별!$A$3:$A$2984,"2026.05") -> 5541 | AF9: =SUMIFS(데이터_품목별!$H$3:$H$2984,데이터_품목별!$E$3:$E$2984,"04",데이터_품목별!$A$3:$A$2984,"2026.06") -> 5837 | AG9: =SUMIFS(데이터_품목별!$H$3:$H$2984,데이터_품목별!$E$3:$E$2984,"04",데이터_품목별!$A$3:$A$2984,"2026.07") -> 7164
A10: 05 | B10: 다른 류로 분류되지 않은 동물성 생산품 | C10: =SUMIFS(데이터_품목별!$H$3:$H$2984,데이터_품목별!$E$3:$E$2984,"05",데이터_품목별!$A$3:$A$2984,"2024.01") -> 3306 | D10: =SUMIFS(데이터_품목별!$H$3:$H$2984,데이터_품목별!$E$3:$E$2984,"05",데이터_품목별!$A$3:$A$2984,"2024.02") -> 3523 | E10: =SUMIFS(데이터_품목별!$H$3:$H$2984,데이터_품목별!$E$3:$E$2984,"05",데이터_품목별!$A$3:$A$2984,"2024.03") -> 7977 | F10: =SUMIFS(데이터_품목별!$H$3:$H$2984,데이터_품목별!$E$3:$E$2984,"05",데이터_품목별!$A$3:$A$2984,"2024.04") -> 6423 | G10: =SUMIFS(데이터_품목별!$H$3:$H$2984,데이터_품목별!$E$3:$E$2984,"05",데이터_품목별!$A$3:$A$2984,"2024.05") -> 7375 | H10: =SUMIFS(데이터_품목별!$H$3:$H$2984,데이터_품목별!$E$3:$E$2984,"05",데이터_품목별!$A$3:$A$2984,"2024.06") -> 7008 | I10: =SUMIFS(데이터_품목별!$H$3:$H$2984,데이터_품목별!$E$3:$E$2984,"05",데이터_품목별!$A$3:$A$2984,"2024.07") -> 11091 | J10: =SUMIFS(데이터_품목별!$H$3:$H$2984,데이터_품목별!$E$3:$E$2984,"05",데이터_품목별!$A$3:$A$2984,"2024.08") -> 5074 | K10: =SUMIFS(데이터_품목별!$H$3:$H$2984,데이터_품목별!$E$3:$E$2984,"05",데이터_품목별!$A$3:$A$2984,"2024.09") -> 4482 | L10: =SUMIFS(데이터_품목별!$H$3:$H$2984,데이터_품목별!$E$3:$E$2984,"05",데이터_품목별!$A$3:$A$2984,"2024.10") -> 5244 | M10: =SUMIFS(데이터_품목별!$H$3:$H$2984,데이터_품목별!$E$3:$E$2984,"05",데이터_품목별!$A$3:$A$2984,"2024.11") -> 8529 | N10: =SUMIFS(데이터_품목별!$H$3:$H$2984,데이터_품목별!$E$3:$E$2984,"05",데이터_품목별!$A$3:$A$2984,"2024.12") -> 4054 | O10: =SUMIFS(데이터_품목별!$H$3:$H$2984,데이터_품목별!$E$3:$E$2984,"05",데이터_품목별!$A$3:$A$2984,"2025.01") -> 2877 | P10: =SUMIFS(데이터_품목별!$H$3:$H$2984,데이터_품목별!$E$3:$E$2984,"05",데이터_품목별!$A$3:$A$2984,"2025.02") -> 8292 | Q10: =SUMIFS(데이터_품목별!$H$3:$H$2984,데이터_품목별!$E$3:$E$2984,"05",데이터_품목별!$A$3:$A$2984,"2025.03") -> 3438 | R10: =SUMIFS(데이터_품목별!$H$3:$H$2984,데이터_품목별!$E$3:$E$2984,"05",데이터_품목별!$A$3:$A$2984,"2025.04") -> 7084 | S10: =SUMIFS(데이터_품목별!$H$3:$H$2984,데이터_품목별!$E$3:$E$2984,"05",데이터_품목별!$A$3:$A$2984,"2025.05") -> 8819 | T10: =SUMIFS(데이터_품목별!$H$3:$H$2984,데이터_품목별!$E$3:$E$2984,"05",데이터_품목별!$A$3:$A$2984,"2025.06") -> 8722 | U10: =SUMIFS(데이터_품목별!$H$3:$H$2984,데이터_품목별!$E$3:$E$2984,"05",데이터_품목별!$A$3:$A$2984,"2025.07") -> 6637 | V10: =SUMIFS(데이터_품목별!$H$3:$H$2984,데이터_품목별!$E$3:$E$2984,"05",데이터_품목별!$A$3:$A$2984,"2025.08") -> 7325 | W10: =SUMIFS(데이터_품목별!$H$3:$H$2984,데이터_품목별!$E$3:$E$2984,"05",데이터_품목별!$A$3:$A$2984,"2025.09") -> 4353 | X10: =SUMIFS(데이터_품목별!$H$3:$H$2984,데이터_품목별!$E$3:$E$2984,"05",데이터_품목별!$A$3:$A$2984,"2025.10") -> 3821 | Y10: =SUMIFS(데이터_품목별!$H$3:$H$2984,데이터_품목별!$E$3:$E$2984,"05",데이터_품목별!$A$3:$A$2984,"2025.11") -> 4666 | Z10: =SUMIFS(데이터_품목별!$H$3:$H$2984,데이터_품목별!$E$3:$E$2984,"05",데이터_품목별!$A$3:$A$2984,"2025.12") -> 4392 | AA10: =SUMIFS(데이터_품목별!$H$3:$H$2984,데이터_품목별!$E$3:$E$2984,"05",데이터_품목별!$A$3:$A$2984,"2026.01") -> 4241 | AB10: =SUMIFS(데이터_품목별!$H$3:$H$2984,데이터_품목별!$E$3:$E$2984,"05",데이터_품목별!$A$3:$A$2984,"2026.02") -> 4009 | AC10: =SUMIFS(데이터_품목별!$H$3:$H$2984,데이터_품목별!$E$3:$E$2984,"05",데이터_품목별!$A$3:$A$2984,"2026.03") -> 6311 | AD10: =SUMIFS(데이터_품목별!$H$3:$H$2984,데이터_품목별!$E$3:$E$2984,"05",데이터_품목별!$A$3:$A$2984,"2026.04") -> 8870 | AE10: =SUMIFS(데이터_품목별!$H$3:$H$2984,데이터_품목별!$E$3:$E$2984,"05",데이터_품목별!$A$3:$A$2984,"2026.05") -> 9110 | AF10: =SUMIFS(데이터_품목별!$H$3:$H$2984,데이터_품목별!$E$3:$E$2984,"05",데이터_품목별!$A$3:$A$2984,"2026.06") -> 9305 | AG10: =SUMIFS(데이터_품목별!$H$3:$H$2984,데이터_품목별!$E$3:$E$2984,"05",데이터_품목별!$A$3:$A$2984,"2026.07") -> 10442
A11: 06 | B11: 살아 있는 수목과 그 밖의 식물, 인경(鱗莖)ㆍ뿌리와 이와 유사한 물품, 절화(切花)와 장식용 잎 | C11: =SUMIFS(데이터_품목별!$H$3:$H$2984,데이터_품목별!$E$3:$E$2984,"06",데이터_품목별!$A$3:$A$2984,"2024.01") -> 856 | D11: =SUMIFS(데이터_품목별!$H$3:$H$2984,데이터_품목별!$E$3:$E$2984,"06",데이터_품목별!$A$3:$A$2984,"2024.02") -> 210 | E11: =SUMIFS(데이터_품목별!$H$3:$H$2984,데이터_품목별!$E$3:$E$2984,"06",데이터_품목별!$A$3:$A$2984,"2024.03") -> 1480 | F11: =SUMIFS(데이터_품목별!$H$3:$H$2984,데이터_품목별!$E$3:$E$2984,"06",데이터_품목별!$A$3:$A$2984,"2024.04") -> 859 | G11: =SUMIFS(데이터_품목별!$H$3:$H$2984,데이터_품목별!$E$3:$E$2984,"06",데이터_품목별!$A$3:$A$2984,"2024.05") -> 487 | H11: =SUMIFS(데이터_품목별!$H$3:$H$2984,데이터_품목별!$E$3:$E$2984,"06",데이터_품목별!$A$3:$A$2984,"2024.06") -> 651 | I11: =SUMIFS(데이터_품목별!$H$3:$H$2984,데이터_품목별!$E$3:$E$2984,"06",데이터_품목별!$A$3:$A$2984,"2024.07") -> 445 | J11: =SUMIFS(데이터_품목별!$H$3:$H$2984,데이터_품목별!$E$3:$E$2984,"06",데이터_품목별!$A$3:$A$2984,"2024.08") -> 365 | K11: =SUMIFS(데이터_품목별!$H$3:$H$2984,데이터_품목별!$E$3:$E$2984,"06",데이터_품목별!$A$3:$A$2984,"2024.09") -> 269 | L11: =SUMIFS(데이터_품목별!$H$3:$H$2984,데이터_품목별!$E$3:$E$2984,"06",데이터_품목별!$A$3:$A$2984,"2024.10") -> 737 | M11: =SUMIFS(데이터_품목별!$H$3:$H$2984,데이터_품목별!$E$3:$E$2984,"06",데이터_품목별!$A$3:$A$2984,"2024.11") -> 545 | N11: =SUMIFS(데이터_품목별!$H$3:$H$2984,데이터_품목별!$E$3:$E$2984,"06",데이터_품목별!$A$3:$A$2984,"2024.12") -> 995 | O11: =SUMIFS(데이터_품목별!$H$3:$H$2984,데이터_품목별!$E$3:$E$2984,"06",데이터_품목별!$A$3:$A$2984,"2025.01") -> 418 | P11: =SUMIFS(데이터_품목별!$H$3:$H$2984,데이터_품목별!$E$3:$E$2984,"06",데이터_품목별!$A$3:$A$2984,"2025.02") -> 305 | Q11: =SUMIFS(데이터_품목별!$H$3:$H$2984,데이터_품목별!$E$3:$E$2984,"06",데이터_품목별!$A$3:$A$2984,"2025.03") -> 611 | R11: =SUMIFS(데이터_품목별!$H$3:$H$2984,데이터_품목별!$E$3:$E$2984,"06",데이터_품목별!$A$3:$A$2984,"2025.04") -> 779 | S11: =SUMIFS(데이터_품목별!$H$3:$H$2984,데이터_품목별!$E$3:$E$2984,"06",데이터_품목별!$A$3:$A$2984,"2025.05") -> 488 | T11: =SUMIFS(데이터_품목별!$H$3:$H$2984,데이터_품목별!$E$3:$E$2984,"06",데이터_품목별!$A$3:$A$2984,"2025.06") -> 355 | U11: =SUMIFS(데이터_품목별!$H$3:$H$2984,데이터_품목별!$E$3:$E$2984,"06",데이터_품목별!$A$3:$A$2984,"2025.07") -> 198 | V11: =SUMIFS(데이터_품목별!$H$3:$H$2984,데이터_품목별!$E$3:$E$2984,"06",데이터_품목별!$A$3:$A$2984,"2025.08") -> 367 | W11: =SUMIFS(데이터_품목별!$H$3:$H$2984,데이터_품목별!$E$3:$E$2984,"06",데이터_품목별!$A$3:$A$2984,"2025.09") -> 453 | X11: =SUMIFS(데이터_품목별!$H$3:$H$2984,데이터_품목별!$E$3:$E$2984,"06",데이터_품목별!$A$3:$A$2984,"2025.10") -> 567 | Y11: =SUMIFS(데이터_품목별!$H$3:$H$2984,데이터_품목별!$E$3:$E$2984,"06",데이터_품목별!$A$3:$A$2984,"2025.11") -> 262 | Z11: =SUMIFS(데이터_품목별!$H$3:$H$2984,데이터_품목별!$E$3:$E$2984,"06",데이터_품목별!$A$3:$A$2984,"2025.12") -> 593 | AA11: =SUMIFS(데이터_품목별!$H$3:$H$2984,데이터_품목별!$E$3:$E$2984,"06",데이터_품목별!$A$3:$A$2984,"2026.01") -> 350 | AB11: =SUMIFS(데이터_품목별!$H$3:$H$2984,데이터_품목별!$E$3:$E$2984,"06",데이터_품목별!$A$3:$A$2984,"2026.02") -> 191 | AC11: =SUMIFS(데이터_품목별!$H$3:$H$2984,데이터_품목별!$E$3:$E$2984,"06",데이터_품목별!$A$3:$A$2984,"2026.03") -> 754 | AD11: =SUMIFS(데이터_품목별!$H$3:$H$2984,데이터_품목별!$E$3:$E$2984,"06",데이터_품목별!$A$3:$A$2984,"2026.04") -> 474 | AE11: =SUMIFS(데이터_품목별!$H$3:$H$2984,데이터_품목별!$E$3:$E$2984,"06",데이터_품목별!$A$3:$A$2984,"2026.05") -> 355 | AF11: =SUMIFS(데이터_품목별!$H$3:$H$2984,데이터_품목별!$E$3:$E$2984,"06",데이터_품목별!$A$3:$A$2984,"2026.06") -> 331 | AG11: =SUMIFS(데이터_품목별!$H$3:$H$2984,데이터_품목별!$E$3:$E$2984,"06",데이터_품목별!$A$3:$A$2984,"2026.07") -> 181
A12: 07 | B12: 식용의 채소ㆍ뿌리ㆍ괴경(塊莖) | C12: =SUMIFS(데이터_품목별!$H$3:$H$2984,데이터_품목별!$E$3:$E$2984,"07",데이터_품목별!$A$3:$A$2984,"2024.01") -> 10899 | D12: =SUMIFS(데이터_품목별!$H$3:$H$2984,데이터_품목별!$E$3:$E$2984,"07",데이터_품목별!$A$3:$A$2984,"2024.02") -> 9624 | E12: =SUMIFS(데이터_품목별!$H$3:$H$2984,데이터_품목별!$E$3:$E$2984,"07",데이터_품목별!$A$3:$A$2984,"2024.03") -> 10223 | F12: =SUMIFS(데이터_품목별!$H$3:$H$2984,데이터_품목별!$E$3:$E$2984,"07",데이터_품목별!$A$3:$A$2984,"2024.04") -> 10717 | G12: =SUMIFS(데이터_품목별!$H$3:$H$2984,데이터_품목별!$E$3:$E$2984,"07",데이터_품목별!$A$3:$A$2984,"2024.05") -> 10021 | H12: =SUMIFS(데이터_품목별!$H$3:$H$2984,데이터_품목별!$E$3:$E$2984,"07",데이터_품목별!$A$3:$A$2984,"2024.06") -> 10136 | I12: =SUMIFS(데이터_품목별!$H$3:$H$2984,데이터_품목별!$E$3:$E$2984,"07",데이터_품목별!$A$3:$A$2984,"2024.07") -> 9842 | J12: =SUMIFS(데이터_품목별!$H$3:$H$2984,데이터_품목별!$E$3:$E$2984,"07",데이터_품목별!$A$3:$A$2984,"2024.08") -> 8915 | K12: =SUMIFS(데이터_품목별!$H$3:$H$2984,데이터_품목별!$E$3:$E$2984,"07",데이터_품목별!$A$3:$A$2984,"2024.09") -> 8386 | L12: =SUMIFS(데이터_품목별!$H$3:$H$2984,데이터_품목별!$E$3:$E$2984,"07",데이터_품목별!$A$3:$A$2984,"2024.10") -> 9179 | M12: =SUMIFS(데이터_품목별!$H$3:$H$2984,데이터_품목별!$E$3:$E$2984,"07",데이터_품목별!$A$3:$A$2984,"2024.11") -> 11691 | N12: =SUMIFS(데이터_품목별!$H$3:$H$2984,데이터_품목별!$E$3:$E$2984,"07",데이터_품목별!$A$3:$A$2984,"2024.12") -> 12484 | O12: =SUMIFS(데이터_품목별!$H$3:$H$2984,데이터_품목별!$E$3:$E$2984,"07",데이터_품목별!$A$3:$A$2984,"2025.01") -> 9802 | P12: =SUMIFS(데이터_품목별!$H$3:$H$2984,데이터_품목별!$E$3:$E$2984,"07",데이터_품목별!$A$3:$A$2984,"2025.02") -> 7535 | Q12: =SUMIFS(데이터_품목별!$H$3:$H$2984,데이터_품목별!$E$3:$E$2984,"07",데이터_품목별!$A$3:$A$2984,"2025.03") -> 8265 | R12: =SUMIFS(데이터_품목별!$H$3:$H$2984,데이터_품목별!$E$3:$E$2984,"07",데이터_품목별!$A$3:$A$2984,"2025.04") -> 9551 | S12: =SUMIFS(데이터_품목별!$H$3:$H$2984,데이터_품목별!$E$3:$E$2984,"07",데이터_품목별!$A$3:$A$2984,"2025.05") -> 9453 | T12: =SUMIFS(데이터_품목별!$H$3:$H$2984,데이터_품목별!$E$3:$E$2984,"07",데이터_품목별!$A$3:$A$2984,"2025.06") -> 10849 | U12: =SUMIFS(데이터_품목별!$H$3:$H$2984,데이터_품목별!$E$3:$E$2984,"07",데이터_품목별!$A$3:$A$2984,"2025.07") -> 9864 | V12: =SUMIFS(데이터_품목별!$H$3:$H$2984,데이터_품목별!$E$3:$E$2984,"07",데이터_품목별!$A$3:$A$2984,"2025.08") -> 8093 | W12: =SUMIFS(데이터_품목별!$H$3:$H$2984,데이터_품목별!$E$3:$E$2984,"07",데이터_품목별!$A$3:$A$2984,"2025.09") -> 9147 | X12: =SUMIFS(데이터_품목별!$H$3:$H$2984,데이터_품목별!$E$3:$E$2984,"07",데이터_품목별!$A$3:$A$2984,"2025.10") -> 8318 | Y12: =SUMIFS(데이터_품목별!$H$3:$H$2984,데이터_품목별!$E$3:$E$2984,"07",데이터_품목별!$A$3:$A$2984,"2025.11") -> 10784 | Z12: =SUMIFS(데이터_품목별!$H$3:$H$2984,데이터_품목별!$E$3:$E$2984,"07",데이터_품목별!$A$3:$A$2984,"2025.12") -> 11424 | AA12: =SUMIFS(데이터_품목별!$H$3:$H$2984,데이터_품목별!$E$3:$E$2984,"07",데이터_품목별!$A$3:$A$2984,"2026.01") -> 8479 | AB12: =SUMIFS(데이터_품목별!$H$3:$H$2984,데이터_품목별!$E$3:$E$2984,"07",데이터_품목별!$A$3:$A$2984,"2026.02") -> 7600 | AC12: =SUMIFS(데이터_품목별!$H$3:$H$2984,데이터_품목별!$E$3:$E$2984,"07",데이터_품목별!$A$3:$A$2984,"2026.03") -> 9466 | AD12: =SUMIFS(데이터_품목별!$H$3:$H$2984,데이터_품목별!$E$3:$E$2984,"07",데이터_품목별!$A$3:$A$2984,"2026.04") -> 9455 | AE12: =SUMIFS(데이터_품목별!$H$3:$H$2984,데이터_품목별!$E$3:$E$2984,"07",데이터_품목별!$A$3:$A$2984,"2026.05") -> 9549 | AF12: =SUMIFS(데이터_품목별!$H$3:$H$2984,데이터_품목별!$E$3:$E$2984,"07",데이터_품목별!$A$3:$A$2984,"2026.06") -> 10416 | AG12: =SUMIFS(데이터_품목별!$H$3:$H$2984,데이터_품목별!$E$3:$E$2984,"07",데이터_품목별!$A$3:$A$2984,"2026.07") -> 10777
A13: 08 | B13: 식용의 과실과 견과류, 감귤류ㆍ멜론의 껍질 | C13: =SUMIFS(데이터_품목별!$H$3:$H$2984,데이터_품목별!$E$3:$E$2984,"08",데이터_품목별!$A$3:$A$2984,"2024.01") -> 26827 | D13: =SUMIFS(데이터_품목별!$H$3:$H$2984,데이터_품목별!$E$3:$E$2984,"08",데이터_품목별!$A$3:$A$2984,"2024.02") -> 18098 | E13: =SUMIFS(데이터_품목별!$H$3:$H$2984,데이터_품목별!$E$3:$E$2984,"08",데이터_품목별!$A$3:$A$2984,"2024.03") -> 15298 | F13: =SUMIFS(데이터_품목별!$H$3:$H$2984,데이터_품목별!$E$3:$E$2984,"08",데이터_품목별!$A$3:$A$2984,"2024.04") -> 9432 | G13: =SUMIFS(데이터_품목별!$H$3:$H$2984,데이터_품목별!$E$3:$E$2984,"08",데이터_품목별!$A$3:$A$2984,"2024.05") -> 4065 | H13: =SUMIFS(데이터_품목별!$H$3:$H$2984,데이터_품목별!$E$3:$E$2984,"08",데이터_품목별!$A$3:$A$2984,"2024.06") -> 1876 | I13: =SUMIFS(데이터_품목별!$H$3:$H$2984,데이터_품목별!$E$3:$E$2984,"08",데이터_품목별!$A$3:$A$2984,"2024.07") -> 3771 | J13: =SUMIFS(데이터_품목별!$H$3:$H$2984,데이터_품목별!$E$3:$E$2984,"08",데이터_품목별!$A$3:$A$2984,"2024.08") -> 20601 | K13: =SUMIFS(데이터_품목별!$H$3:$H$2984,데이터_품목별!$E$3:$E$2984,"08",데이터_품목별!$A$3:$A$2984,"2024.09") -> 18766 | L13: =SUMIFS(데이터_품목별!$H$3:$H$2984,데이터_품목별!$E$3:$E$2984,"08",데이터_품목별!$A$3:$A$2984,"2024.10") -> 32322 | M13: =SUMIFS(데이터_품목별!$H$3:$H$2984,데이터_품목별!$E$3:$E$2984,"08",데이터_품목별!$A$3:$A$2984,"2024.11") -> 31188 | N13: =SUMIFS(데이터_품목별!$H$3:$H$2984,데이터_품목별!$E$3:$E$2984,"08",데이터_품목별!$A$3:$A$2984,"2024.12") -> 40052 | O13: =SUMIFS(데이터_품목별!$H$3:$H$2984,데이터_품목별!$E$3:$E$2984,"08",데이터_품목별!$A$3:$A$2984,"2025.01") -> 26837 | P13: =SUMIFS(데이터_품목별!$H$3:$H$2984,데이터_품목별!$E$3:$E$2984,"08",데이터_품목별!$A$3:$A$2984,"2025.02") -> 20385 | Q13: =SUMIFS(데이터_품목별!$H$3:$H$2984,데이터_품목별!$E$3:$E$2984,"08",데이터_품목별!$A$3:$A$2984,"2025.03") -> 16774 | R13: =SUMIFS(데이터_품목별!$H$3:$H$2984,데이터_품목별!$E$3:$E$2984,"08",데이터_품목별!$A$3:$A$2984,"2025.04") -> 11474 | S13: =SUMIFS(데이터_품목별!$H$3:$H$2984,데이터_품목별!$E$3:$E$2984,"08",데이터_품목별!$A$3:$A$2984,"2025.05") -> 4473 | T13: =SUMIFS(데이터_품목별!$H$3:$H$2984,데이터_품목별!$E$3:$E$2984,"08",데이터_품목별!$A$3:$A$2984,"2025.06") -> 1573 | U13: =SUMIFS(데이터_품목별!$H$3:$H$2984,데이터_품목별!$E$3:$E$2984,"08",데이터_품목별!$A$3:$A$2984,"2025.07") -> 5700 | V13: =SUMIFS(데이터_품목별!$H$3:$H$2984,데이터_품목별!$E$3:$E$2984,"08",데이터_품목별!$A$3:$A$2984,"2025.08") -> 16433 | W13: =SUMIFS(데이터_품목별!$H$3:$H$2984,데이터_품목별!$E$3:$E$2984,"08",데이터_품목별!$A$3:$A$2984,"2025.09") -> 26167 | X13: =SUMIFS(데이터_품목별!$H$3:$H$2984,데이터_품목별!$E$3:$E$2984,"08",데이터_품목별!$A$3:$A$2984,"2025.10") -> 31335 | Y13: =SUMIFS(데이터_품목별!$H$3:$H$2984,데이터_품목별!$E$3:$E$2984,"08",데이터_품목별!$A$3:$A$2984,"2025.11") -> 39022 | Z13: =SUMIFS(데이터_품목별!$H$3:$H$2984,데이터_품목별!$E$3:$E$2984,"08",데이터_품목별!$A$3:$A$2984,"2025.12") -> 52188 | AA13: =SUMIFS(데이터_품목별!$H$3:$H$2984,데이터_품목별!$E$3:$E$2984,"08",데이터_품목별!$A$3:$A$2984,"2026.01") -> 35911 | AB13: =SUMIFS(데이터_품목별!$H$3:$H$2984,데이터_품목별!$E$3:$E$2984,"08",데이터_품목별!$A$3:$A$2984,"2026.02") -> 21242 | AC13: =SUMIFS(데이터_품목별!$H$3:$H$2984,데이터_품목별!$E$3:$E$2984,"08",데이터_품목별!$A$3:$A$2984,"2026.03") -> 19244 | AD13: =SUMIFS(데이터_품목별!$H$3:$H$2984,데이터_품목별!$E$3:$E$2984,"08",데이터_품목별!$A$3:$A$2984,"2026.04") -> 13264 | AE13: =SUMIFS(데이터_품목별!$H$3:$H$2984,데이터_품목별!$E$3:$E$2984,"08",데이터_품목별!$A$3:$A$2984,"2026.05") -> 5460 | AF13: =SUMIFS(데이터_품목별!$H$3:$H$2984,데이터_품목별!$E$3:$E$2984,"08",데이터_품목별!$A$3:$A$2984,"2026.06") -> 2867 | AG13: =SUMIFS(데이터_품목별!$H$3:$H$2984,데이터_품목별!$E$3:$E$2984,"08",데이터_품목별!$A$3:$A$2984,"2026.07") -> 8301
A14: 09 | B14: 커피ㆍ차ㆍ마테(maté)ㆍ향신료 | C14: =SUMIFS(데이터_품목별!$H$3:$H$2984,데이터_품목별!$E$3:$E$2984,"09",데이터_품목별!$A$3:$A$2984,"2024.01") -> 3239 | D14: =SUMIFS(데이터_품목별!$H$3:$H$2984,데이터_품목별!$E$3:$E$2984,"09",데이터_품목별!$A$3:$A$2984,"2024.02") -> 3019 | E14: =SUMIFS(데이터_품목별!$H$3:$H$2984,데이터_품목별!$E$3:$E$2984,"09",데이터_품목별!$A$3:$A$2984,"2024.03") -> 3211 | F14: =SUMIFS(데이터_품목별!$H$3:$H$2984,데이터_품목별!$E$3:$E$2984,"09",데이터_품목별!$A$3:$A$2984,"2024.04") -> 3955 | G14: =SUMIFS(데이터_품목별!$H$3:$H$2984,데이터_품목별!$E$3:$E$2984,"09",데이터_품목별!$A$3:$A$2984,"2024.05") -> 2522 | H14: =SUMIFS(데이터_품목별!$H$3:$H$2984,데이터_품목별!$E$3:$E$2984,"09",데이터_품목별!$A$3:$A$2984,"2024.06") -> 3364 | I14: =SUMIFS(데이터_품목별!$H$3:$H$2984,데이터_품목별!$E$3:$E$2984,"09",데이터_품목별!$A$3:$A$2984,"2024.07") -> 2967 | J14: =SUMIFS(데이터_품목별!$H$3:$H$2984,데이터_품목별!$E$3:$E$2984,"09",데이터_품목별!$A$3:$A$2984,"2024.08") -> 14519 | K14: =SUMIFS(데이터_품목별!$H$3:$H$2984,데이터_품목별!$E$3:$E$2984,"09",데이터_품목별!$A$3:$A$2984,"2024.09") -> 2477 | L14: =SUMIFS(데이터_품목별!$H$3:$H$2984,데이터_품목별!$E$3:$E$2984,"09",데이터_품목별!$A$3:$A$2984,"2024.10") -> 4096 | M14: =SUMIFS(데이터_품목별!$H$3:$H$2984,데이터_품목별!$E$3:$E$2984,"09",데이터_품목별!$A$3:$A$2984,"2024.11") -> 4164 | N14: =SUMIFS(데이터_품목별!$H$3:$H$2984,데이터_품목별!$E$3:$E$2984,"09",데이터_품목별!$A$3:$A$2984,"2024.12") -> 4472 | O14: =SUMIFS(데이터_품목별!$H$3:$H$2984,데이터_품목별!$E$3:$E$2984,"09",데이터_품목별!$A$3:$A$2984,"2025.01") -> 2706 | P14: =SUMIFS(데이터_품목별!$H$3:$H$2984,데이터_품목별!$E$3:$E$2984,"09",데이터_품목별!$A$3:$A$2984,"2025.02") -> 3441 | Q14: =SUMIFS(데이터_품목별!$H$3:$H$2984,데이터_품목별!$E$3:$E$2984,"09",데이터_품목별!$A$3:$A$2984,"2025.03") -> 3800 | R14: =SUMIFS(데이터_품목별!$H$3:$H$2984,데이터_품목별!$E$3:$E$2984,"09",데이터_품목별!$A$3:$A$2984,"2025.04") -> 3039 | S14: =SUMIFS(데이터_품목별!$H$3:$H$2984,데이터_품목별!$E$3:$E$2984,"09",데이터_품목별!$A$3:$A$2984,"2025.05") -> 2987 | T14: =SUMIFS(데이터_품목별!$H$3:$H$2984,데이터_품목별!$E$3:$E$2984,"09",데이터_품목별!$A$3:$A$2984,"2025.06") -> 4653 | U14: =SUMIFS(데이터_품목별!$H$3:$H$2984,데이터_품목별!$E$3:$E$2984,"09",데이터_품목별!$A$3:$A$2984,"2025.07") -> 3774 | V14: =SUMIFS(데이터_품목별!$H$3:$H$2984,데이터_품목별!$E$3:$E$2984,"09",데이터_품목별!$A$3:$A$2984,"2025.08") -> 2742 | W14: =SUMIFS(데이터_품목별!$H$3:$H$2984,데이터_품목별!$E$3:$E$2984,"09",데이터_품목별!$A$3:$A$2984,"2025.09") -> 5367 | X14: =SUMIFS(데이터_품목별!$H$3:$H$2984,데이터_품목별!$E$3:$E$2984,"09",데이터_품목별!$A$3:$A$2984,"2025.10") -> 7608 | Y14: =SUMIFS(데이터_품목별!$H$3:$H$2984,데이터_품목별!$E$3:$E$2984,"09",데이터_품목별!$A$3:$A$2984,"2025.11") -> 3788 | Z14: =SUMIFS(데이터_품목별!$H$3:$H$2984,데이터_품목별!$E$3:$E$2984,"09",데이터_품목별!$A$3:$A$2984,"2025.12") -> 4454 | AA14: =SUMIFS(데이터_품목별!$H$3:$H$2984,데이터_품목별!$E$3:$E$2984,"09",데이터_품목별!$A$3:$A$2984,"2026.01") -> 4119 | AB14: =SUMIFS(데이터_품목별!$H$3:$H$2984,데이터_품목별!$E$3:$E$2984,"09",데이터_품목별!$A$3:$A$2984,"2026.02") -> 3374 | AC14: =SUMIFS(데이터_품목별!$H$3:$H$2984,데이터_품목별!$E$3:$E$2984,"09",데이터_품목별!$A$3:$A$2984,"2026.03") -> 3919 | AD14: =SUMIFS(데이터_품목별!$H$3:$H$2984,데이터_품목별!$E$3:$E$2984,"09",데이터_품목별!$A$3:$A$2984,"2026.04") -> 3934 | AE14: =SUMIFS(데이터_품목별!$H$3:$H$2984,데이터_품목별!$E$3:$E$2984,"09",데이터_품목별!$A$3:$A$2984,"2026.05") -> 2820 | AF14: =SUMIFS(데이터_품목별!$H$3:$H$2984,데이터_품목별!$E$3:$E$2984,"09",데이터_품목별!$A$3:$A$2984,"2026.06") -> 3563 | AG14: =SUMIFS(데이터_품목별!$H$3:$H$2984,데이터_품목별!$E$3:$E$2984,"09",데이터_품목별!$A$3:$A$2984,"2026.07") -> 4266
A15: 10 | B15: 곡물 | C15: =SUMIFS(데이터_품목별!$H$3:$H$2984,데이터_품목별!$E$3:$E$2984,"10",데이터_품목별!$A$3:$A$2984,"2024.01") -> 918 | D15: =SUMIFS(데이터_품목별!$H$3:$H$2984,데이터_품목별!$E$3:$E$2984,"10",데이터_품목별!$A$3:$A$2984,"2024.02") -> 1127 | E15: =SUMIFS(데이터_품목별!$H$3:$H$2984,데이터_품목별!$E$3:$E$2984,"10",데이터_품목별!$A$3:$A$2984,"2024.03") -> 1122 | F15: =SUMIFS(데이터_품목별!$H$3:$H$2984,데이터_품목별!$E$3:$E$2984,"10",데이터_품목별!$A$3:$A$2984,"2024.04") -> 12352 | G15: =SUMIFS(데이터_품목별!$H$3:$H$2984,데이터_품목별!$E$3:$E$2984,"10",데이터_품목별!$A$3:$A$2984,"2024.05") -> 16818 | H15: =SUMIFS(데이터_품목별!$H$3:$H$2984,데이터_품목별!$E$3:$E$2984,"10",데이터_품목별!$A$3:$A$2984,"2024.06") -> 678 | I15: =SUMIFS(데이터_품목별!$H$3:$H$2984,데이터_품목별!$E$3:$E$2984,"10",데이터_품목별!$A$3:$A$2984,"2024.07") -> 785 | J15: =SUMIFS(데이터_품목별!$H$3:$H$2984,데이터_품목별!$E$3:$E$2984,"10",데이터_품목별!$A$3:$A$2984,"2024.08") -> 900 | K15: =SUMIFS(데이터_품목별!$H$3:$H$2984,데이터_품목별!$E$3:$E$2984,"10",데이터_품목별!$A$3:$A$2984,"2024.09") -> 9911 | L15: =SUMIFS(데이터_품목별!$H$3:$H$2984,데이터_품목별!$E$3:$E$2984,"10",데이터_품목별!$A$3:$A$2984,"2024.10") -> 1222 | M15: =SUMIFS(데이터_품목별!$H$3:$H$2984,데이터_품목별!$E$3:$E$2984,"10",데이터_품목별!$A$3:$A$2984,"2024.11") -> 7463 | N15: =SUMIFS(데이터_품목별!$H$3:$H$2984,데이터_품목별!$E$3:$E$2984,"10",데이터_품목별!$A$3:$A$2984,"2024.12") -> 13100 | O15: =SUMIFS(데이터_품목별!$H$3:$H$2984,데이터_품목별!$E$3:$E$2984,"10",데이터_품목별!$A$3:$A$2984,"2025.01") -> 3159 | P15: =SUMIFS(데이터_품목별!$H$3:$H$2984,데이터_품목별!$E$3:$E$2984,"10",데이터_품목별!$A$3:$A$2984,"2025.02") -> 1211 | Q15: =SUMIFS(데이터_품목별!$H$3:$H$2984,데이터_품목별!$E$3:$E$2984,"10",데이터_품목별!$A$3:$A$2984,"2025.03") -> 1418 | R15: =SUMIFS(데이터_품목별!$H$3:$H$2984,데이터_품목별!$E$3:$E$2984,"10",데이터_품목별!$A$3:$A$2984,"2025.04") -> 16113 | S15: =SUMIFS(데이터_품목별!$H$3:$H$2984,데이터_품목별!$E$3:$E$2984,"10",데이터_품목별!$A$3:$A$2984,"2025.05") -> 10296 | T15: =SUMIFS(데이터_품목별!$H$3:$H$2984,데이터_품목별!$E$3:$E$2984,"10",데이터_품목별!$A$3:$A$2984,"2025.06") -> 895 | U15: =SUMIFS(데이터_품목별!$H$3:$H$2984,데이터_품목별!$E$3:$E$2984,"10",데이터_품목별!$A$3:$A$2984,"2025.07") -> 816 | V15: =SUMIFS(데이터_품목별!$H$3:$H$2984,데이터_품목별!$E$3:$E$2984,"10",데이터_품목별!$A$3:$A$2984,"2025.08") -> 11882 | W15: =SUMIFS(데이터_품목별!$H$3:$H$2984,데이터_품목별!$E$3:$E$2984,"10",데이터_품목별!$A$3:$A$2984,"2025.09") -> 26421 | X15: =SUMIFS(데이터_품목별!$H$3:$H$2984,데이터_품목별!$E$3:$E$2984,"10",데이터_품목별!$A$3:$A$2984,"2025.10") -> 1287 | Y15: =SUMIFS(데이터_품목별!$H$3:$H$2984,데이터_품목별!$E$3:$E$2984,"10",데이터_품목별!$A$3:$A$2984,"2025.11") -> 4092 | Z15: =SUMIFS(데이터_품목별!$H$3:$H$2984,데이터_품목별!$E$3:$E$2984,"10",데이터_품목별!$A$3:$A$2984,"2025.12") -> 9768 | AA15: =SUMIFS(데이터_품목별!$H$3:$H$2984,데이터_품목별!$E$3:$E$2984,"10",데이터_품목별!$A$3:$A$2984,"2026.01") -> 1131 | AB15: =SUMIFS(데이터_품목별!$H$3:$H$2984,데이터_품목별!$E$3:$E$2984,"10",데이터_품목별!$A$3:$A$2984,"2026.02") -> 1272 | AC15: =SUMIFS(데이터_품목별!$H$3:$H$2984,데이터_품목별!$E$3:$E$2984,"10",데이터_품목별!$A$3:$A$2984,"2026.03") -> 1430 | AD15: =SUMIFS(데이터_품목별!$H$3:$H$2984,데이터_품목별!$E$3:$E$2984,"10",데이터_품목별!$A$3:$A$2984,"2026.04") -> 1380 | AE15: =SUMIFS(데이터_품목별!$H$3:$H$2984,데이터_품목별!$E$3:$E$2984,"10",데이터_품목별!$A$3:$A$2984,"2026.05") -> 17308 | AF15: =SUMIFS(데이터_품목별!$H$3:$H$2984,데이터_품목별!$E$3:$E$2984,"10",데이터_품목별!$A$3:$A$2984,"2026.06") -> 1052 | AG15: =SUMIFS(데이터_품목별!$H$3:$H$2984,데이터_품목별!$E$3:$E$2984,"10",데이터_품목별!$A$3:$A$2984,"2026.07") -> 871
A16: 11 | B16: 제분공업의 생산품과 맥아, 전분, 이눌린(inulin), 밀의 글루텐(gluten) | C16: =SUMIFS(데이터_품목별!$H$3:$H$2984,데이터_품목별!$E$3:$E$2984,"11",데이터_품목별!$A$3:$A$2984,"2024.01") -> 4158 | D16: =SUMIFS(데이터_품목별!$H$3:$H$2984,데이터_품목별!$E$3:$E$2984,"11",데이터_품목별!$A$3:$A$2984,"2024.02") -> 4179 | E16: =SUMIFS(데이터_품목별!$H$3:$H$2984,데이터_품목별!$E$3:$E$2984,"11",데이터_품목별!$A$3:$A$2984,"2024.03") -> 4391 | F16: =SUMIFS(데이터_품목별!$H$3:$H$2984,데이터_품목별!$E$3:$E$2984,"11",데이터_품목별!$A$3:$A$2984,"2024.04") -> 4642 | G16: =SUMIFS(데이터_품목별!$H$3:$H$2984,데이터_품목별!$E$3:$E$2984,"11",데이터_품목별!$A$3:$A$2984,"2024.05") -> 4495 | H16: =SUMIFS(데이터_품목별!$H$3:$H$2984,데이터_품목별!$E$3:$E$2984,"11",데이터_품목별!$A$3:$A$2984,"2024.06") -> 3892 | I16: =SUMIFS(데이터_품목별!$H$3:$H$2984,데이터_품목별!$E$3:$E$2984,"11",데이터_품목별!$A$3:$A$2984,"2024.07") -> 7128 | J16: =SUMIFS(데이터_품목별!$H$3:$H$2984,데이터_품목별!$E$3:$E$2984,"11",데이터_품목별!$A$3:$A$2984,"2024.08") -> 3412 | K16: =SUMIFS(데이터_품목별!$H$3:$H$2984,데이터_품목별!$E$3:$E$2984,"11",데이터_품목별!$A$3:$A$2984,"2024.09") -> 3558 | L16: =SUMIFS(데이터_품목별!$H$3:$H$2984,데이터_품목별!$E$3:$E$2984,"11",데이터_품목별!$A$3:$A$2984,"2024.10") -> 3562 | M16: =SUMIFS(데이터_품목별!$H$3:$H$2984,데이터_품목별!$E$3:$E$2984,"11",데이터_품목별!$A$3:$A$2984,"2024.11") -> 4060 | N16: =SUMIFS(데이터_품목별!$H$3:$H$2984,데이터_품목별!$E$3:$E$2984,"11",데이터_품목별!$A$3:$A$2984,"2024.12") -> 4123 | O16: =SUMIFS(데이터_품목별!$H$3:$H$2984,데이터_품목별!$E$3:$E$2984,"11",데이터_품목별!$A$3:$A$2984,"2025.01") -> 3474 | P16: =SUMIFS(데이터_품목별!$H$3:$H$2984,데이터_품목별!$E$3:$E$2984,"11",데이터_품목별!$A$3:$A$2984,"2025.02") -> 3611 | Q16: =SUMIFS(데이터_품목별!$H$3:$H$2984,데이터_품목별!$E$3:$E$2984,"11",데이터_품목별!$A$3:$A$2984,"2025.03") -> 3860 | R16: =SUMIFS(데이터_품목별!$H$3:$H$2984,데이터_품목별!$E$3:$E$2984,"11",데이터_품목별!$A$3:$A$2984,"2025.04") -> 3788 | S16: =SUMIFS(데이터_품목별!$H$3:$H$2984,데이터_품목별!$E$3:$E$2984,"11",데이터_품목별!$A$3:$A$2984,"2025.05") -> 3390 | T16: =SUMIFS(데이터_품목별!$H$3:$H$2984,데이터_품목별!$E$3:$E$2984,"11",데이터_품목별!$A$3:$A$2984,"2025.06") -> 3253 | U16: =SUMIFS(데이터_품목별!$H$3:$H$2984,데이터_품목별!$E$3:$E$2984,"11",데이터_품목별!$A$3:$A$2984,"2025.07") -> 3183 | V16: =SUMIFS(데이터_품목별!$H$3:$H$2984,데이터_품목별!$E$3:$E$2984,"11",데이터_품목별!$A$3:$A$2984,"2025.08") -> 3356 | W16: =SUMIFS(데이터_품목별!$H$3:$H$2984,데이터_품목별!$E$3:$E$2984,"11",데이터_품목별!$A$3:$A$2984,"2025.09") -> 3988 | X16: =SUMIFS(데이터_품목별!$H$3:$H$2984,데이터_품목별!$E$3:$E$2984,"11",데이터_품목별!$A$3:$A$2984,"2025.10") -> 3118 | Y16: =SUMIFS(데이터_품목별!$H$3:$H$2984,데이터_품목별!$E$3:$E$2984,"11",데이터_품목별!$A$3:$A$2984,"2025.11") -> 3830 | Z16: =SUMIFS(데이터_품목별!$H$3:$H$2984,데이터_품목별!$E$3:$E$2984,"11",데이터_품목별!$A$3:$A$2984,"2025.12") -> 3658 | AA16: =SUMIFS(데이터_품목별!$H$3:$H$2984,데이터_품목별!$E$3:$E$2984,"11",데이터_품목별!$A$3:$A$2984,"2026.01") -> 3379 | AB16: =SUMIFS(데이터_품목별!$H$3:$H$2984,데이터_품목별!$E$3:$E$2984,"11",데이터_품목별!$A$3:$A$2984,"2026.02") -> 2930 | AC16: =SUMIFS(데이터_품목별!$H$3:$H$2984,데이터_품목별!$E$3:$E$2984,"11",데이터_품목별!$A$3:$A$2984,"2026.03") -> 3112 | AD16: =SUMIFS(데이터_품목별!$H$3:$H$2984,데이터_품목별!$E$3:$E$2984,"11",데이터_품목별!$A$3:$A$2984,"2026.04") -> 3832 | AE16: =SUMIFS(데이터_품목별!$H$3:$H$2984,데이터_품목별!$E$3:$E$2984,"11",데이터_품목별!$A$3:$A$2984,"2026.05") -> 3756 | AF16: =SUMIFS(데이터_품목별!$H$3:$H$2984,데이터_품목별!$E$3:$E$2984,"11",데이터_품목별!$A$3:$A$2984,"2026.06") -> 3394 | AG16: =SUMIFS(데이터_품목별!$H$3:$H$2984,데이터_품목별!$E$3:$E$2984,"11",데이터_품목별!$A$3:$A$2984,"2026.07") -> 3393
A17: 12 | B17: 채유(採油)에 적합한 종자와 과실, 각종 종자와 과실, 공업용ㆍ의약용 식물, 짚과 사료용 식물 | C17: =SUMIFS(데이터_품목별!$H$3:$H$2984,데이터_품목별!$E$3:$E$2984,"12",데이터_품목별!$A$3:$A$2984,"2024.01") -> 46869 | D17: =SUMIFS(데이터_품목별!$H$3:$H$2984,데이터_품목별!$E$3:$E$2984,"12",데이터_품목별!$A$3:$A$2984,"2024.02") -> 34253 | E17: =SUMIFS(데이터_품목별!$H$3:$H$2984,데이터_품목별!$E$3:$E$2984,"12",데이터_품목별!$A$3:$A$2984,"2024.03") -> 59486 | F17: =SUMIFS(데이터_품목별!$H$3:$H$2984,데이터_품목별!$E$3:$E$2984,"12",데이터_품목별!$A$3:$A$2984,"2024.04") -> 69205 | G17: =SUMIFS(데이터_품목별!$H$3:$H$2984,데이터_품목별!$E$3:$E$2984,"12",데이터_품목별!$A$3:$A$2984,"2024.05") -> 65553 | H17: =SUMIFS(데이터_품목별!$H$3:$H$2984,데이터_품목별!$E$3:$E$2984,"12",데이터_품목별!$A$3:$A$2984,"2024.06") -> 76729 | I17: =SUMIFS(데이터_품목별!$H$3:$H$2984,데이터_품목별!$E$3:$E$2984,"12",데이터_품목별!$A$3:$A$2984,"2024.07") -> 65994 | J17: =SUMIFS(데이터_품목별!$H$3:$H$2984,데이터_품목별!$E$3:$E$2984,"12",데이터_품목별!$A$3:$A$2984,"2024.08") -> 43277 | K17: =SUMIFS(데이터_품목별!$H$3:$H$2984,데이터_품목별!$E$3:$E$2984,"12",데이터_품목별!$A$3:$A$2984,"2024.09") -> 43879 | L17: =SUMIFS(데이터_품목별!$H$3:$H$2984,데이터_품목별!$E$3:$E$2984,"12",데이터_품목별!$A$3:$A$2984,"2024.10") -> 42772 | M17: =SUMIFS(데이터_품목별!$H$3:$H$2984,데이터_품목별!$E$3:$E$2984,"12",데이터_품목별!$A$3:$A$2984,"2024.11") -> 35093 | N17: =SUMIFS(데이터_품목별!$H$3:$H$2984,데이터_품목별!$E$3:$E$2984,"12",데이터_품목별!$A$3:$A$2984,"2024.12") -> 55279 | O17: =SUMIFS(데이터_품목별!$H$3:$H$2984,데이터_품목별!$E$3:$E$2984,"12",데이터_품목별!$A$3:$A$2984,"2025.01") -> 53582 | P17: =SUMIFS(데이터_품목별!$H$3:$H$2984,데이터_품목별!$E$3:$E$2984,"12",데이터_품목별!$A$3:$A$2984,"2025.02") -> 66717 | Q17: =SUMIFS(데이터_품목별!$H$3:$H$2984,데이터_품목별!$E$3:$E$2984,"12",데이터_품목별!$A$3:$A$2984,"2025.03") -> 65893 | R17: =SUMIFS(데이터_품목별!$H$3:$H$2984,데이터_품목별!$E$3:$E$2984,"12",데이터_품목별!$A$3:$A$2984,"2025.04") -> 67258 | S17: =SUMIFS(데이터_품목별!$H$3:$H$2984,데이터_품목별!$E$3:$E$2984,"12",데이터_품목별!$A$3:$A$2984,"2025.05") -> 62557 | T17: =SUMIFS(데이터_품목별!$H$3:$H$2984,데이터_품목별!$E$3:$E$2984,"12",데이터_품목별!$A$3:$A$2984,"2025.06") -> 67749 | U17: =SUMIFS(데이터_품목별!$H$3:$H$2984,데이터_품목별!$E$3:$E$2984,"12",데이터_품목별!$A$3:$A$2984,"2025.07") -> 80340 | V17: =SUMIFS(데이터_품목별!$H$3:$H$2984,데이터_품목별!$E$3:$E$2984,"12",데이터_품목별!$A$3:$A$2984,"2025.08") -> 53404 | W17: =SUMIFS(데이터_품목별!$H$3:$H$2984,데이터_품목별!$E$3:$E$2984,"12",데이터_품목별!$A$3:$A$2984,"2025.09") -> 51340 | X17: =SUMIFS(데이터_품목별!$H$3:$H$2984,데이터_품목별!$E$3:$E$2984,"12",데이터_품목별!$A$3:$A$2984,"2025.10") -> 45710 | Y17: =SUMIFS(데이터_품목별!$H$3:$H$2984,데이터_품목별!$E$3:$E$2984,"12",데이터_품목별!$A$3:$A$2984,"2025.11") -> 39225 | Z17: =SUMIFS(데이터_품목별!$H$3:$H$2984,데이터_품목별!$E$3:$E$2984,"12",데이터_품목별!$A$3:$A$2984,"2025.12") -> 51279 | AA17: =SUMIFS(데이터_품목별!$H$3:$H$2984,데이터_품목별!$E$3:$E$2984,"12",데이터_품목별!$A$3:$A$2984,"2026.01") -> 57382 | AB17: =SUMIFS(데이터_품목별!$H$3:$H$2984,데이터_품목별!$E$3:$E$2984,"12",데이터_품목별!$A$3:$A$2984,"2026.02") -> 43667 | AC17: =SUMIFS(데이터_품목별!$H$3:$H$2984,데이터_품목별!$E$3:$E$2984,"12",데이터_품목별!$A$3:$A$2984,"2026.03") -> 68663 | AD17: =SUMIFS(데이터_품목별!$H$3:$H$2984,데이터_품목별!$E$3:$E$2984,"12",데이터_품목별!$A$3:$A$2984,"2026.04") -> 63480 | AE17: =SUMIFS(데이터_품목별!$H$3:$H$2984,데이터_품목별!$E$3:$E$2984,"12",데이터_품목별!$A$3:$A$2984,"2026.05") -> 45299 | AF17: =SUMIFS(데이터_품목별!$H$3:$H$2984,데이터_품목별!$E$3:$E$2984,"12",데이터_품목별!$A$3:$A$2984,"2026.06") -> 86416 | AG17: =SUMIFS(데이터_품목별!$H$3:$H$2984,데이터_품목별!$E$3:$E$2984,"12",데이터_품목별!$A$3:$A$2984,"2026.07") -> 48580
A18: 13 | B18: 락(lac), 검ㆍ수지ㆍ그 밖의 식물성 수액과 추출물(extract) | C18: =SUMIFS(데이터_품목별!$H$3:$H$2984,데이터_품목별!$E$3:$E$2984,"13",데이터_품목별!$A$3:$A$2984,"2024.01") -> 8023 | D18: =SUMIFS(데이터_품목별!$H$3:$H$2984,데이터_품목별!$E$3:$E$2984,"13",데이터_품목별!$A$3:$A$2984,"2024.02") -> 8140 | E18: =SUMIFS(데이터_품목별!$H$3:$H$2984,데이터_품목별!$E$3:$E$2984,"13",데이터_품목별!$A$3:$A$2984,"2024.03") -> 8869 | F18: =SUMIFS(데이터_품목별!$H$3:$H$2984,데이터_품목별!$E$3:$E$2984,"13",데이터_품목별!$A$3:$A$2984,"2024.04") -> 10839 | G18: =SUMIFS(데이터_품목별!$H$3:$H$2984,데이터_품목별!$E$3:$E$2984,"13",데이터_품목별!$A$3:$A$2984,"2024.05") -> 6798 | H18: =SUMIFS(데이터_품목별!$H$3:$H$2984,데이터_품목별!$E$3:$E$2984,"13",데이터_품목별!$A$3:$A$2984,"2024.06") -> 7385 | I18: =SUMIFS(데이터_품목별!$H$3:$H$2984,데이터_품목별!$E$3:$E$2984,"13",데이터_품목별!$A$3:$A$2984,"2024.07") -> 8785 | J18: =SUMIFS(데이터_품목별!$H$3:$H$2984,데이터_품목별!$E$3:$E$2984,"13",데이터_품목별!$A$3:$A$2984,"2024.08") -> 6593 | K18: =SUMIFS(데이터_품목별!$H$3:$H$2984,데이터_품목별!$E$3:$E$2984,"13",데이터_품목별!$A$3:$A$2984,"2024.09") -> 7369 | L18: =SUMIFS(데이터_품목별!$H$3:$H$2984,데이터_품목별!$E$3:$E$2984,"13",데이터_품목별!$A$3:$A$2984,"2024.10") -> 9146 | M18: =SUMIFS(데이터_품목별!$H$3:$H$2984,데이터_품목별!$E$3:$E$2984,"13",데이터_품목별!$A$3:$A$2984,"2024.11") -> 8760 | N18: =SUMIFS(데이터_품목별!$H$3:$H$2984,데이터_품목별!$E$3:$E$2984,"13",데이터_품목별!$A$3:$A$2984,"2024.12") -> 7306 | O18: =SUMIFS(데이터_품목별!$H$3:$H$2984,데이터_품목별!$E$3:$E$2984,"13",데이터_품목별!$A$3:$A$2984,"2025.01") -> 8220 | P18: =SUMIFS(데이터_품목별!$H$3:$H$2984,데이터_품목별!$E$3:$E$2984,"13",데이터_품목별!$A$3:$A$2984,"2025.02") -> 7993 | Q18: =SUMIFS(데이터_품목별!$H$3:$H$2984,데이터_품목별!$E$3:$E$2984,"13",데이터_품목별!$A$3:$A$2984,"2025.03") -> 9338 | R18: =SUMIFS(데이터_품목별!$H$3:$H$2984,데이터_품목별!$E$3:$E$2984,"13",데이터_품목별!$A$3:$A$2984,"2025.04") -> 11130 | S18: =SUMIFS(데이터_품목별!$H$3:$H$2984,데이터_품목별!$E$3:$E$2984,"13",데이터_품목별!$A$3:$A$2984,"2025.05") -> 7373 | T18: =SUMIFS(데이터_품목별!$H$3:$H$2984,데이터_품목별!$E$3:$E$2984,"13",데이터_품목별!$A$3:$A$2984,"2025.06") -> 6657 | U18: =SUMIFS(데이터_품목별!$H$3:$H$2984,데이터_품목별!$E$3:$E$2984,"13",데이터_품목별!$A$3:$A$2984,"2025.07") -> 7852 | V18: =SUMIFS(데이터_품목별!$H$3:$H$2984,데이터_품목별!$E$3:$E$2984,"13",데이터_품목별!$A$3:$A$2984,"2025.08") -> 6351 | W18: =SUMIFS(데이터_품목별!$H$3:$H$2984,데이터_품목별!$E$3:$E$2984,"13",데이터_품목별!$A$3:$A$2984,"2025.09") -> 6981 | X18: =SUMIFS(데이터_품목별!$H$3:$H$2984,데이터_품목별!$E$3:$E$2984,"13",데이터_품목별!$A$3:$A$2984,"2025.10") -> 6921 | Y18: =SUMIFS(데이터_품목별!$H$3:$H$2984,데이터_품목별!$E$3:$E$2984,"13",데이터_품목별!$A$3:$A$2984,"2025.11") -> 8443 | Z18: =SUMIFS(데이터_품목별!$H$3:$H$2984,데이터_품목별!$E$3:$E$2984,"13",데이터_품목별!$A$3:$A$2984,"2025.12") -> 7785 | AA18: =SUMIFS(데이터_품목별!$H$3:$H$2984,데이터_품목별!$E$3:$E$2984,"13",데이터_품목별!$A$3:$A$2984,"2026.01") -> 7416 | AB18: =SUMIFS(데이터_품목별!$H$3:$H$2984,데이터_품목별!$E$3:$E$2984,"13",데이터_품목별!$A$3:$A$2984,"2026.02") -> 6002 | AC18: =SUMIFS(데이터_품목별!$H$3:$H$2984,데이터_품목별!$E$3:$E$2984,"13",데이터_품목별!$A$3:$A$2984,"2026.03") -> 8622 | AD18: =SUMIFS(데이터_품목별!$H$3:$H$2984,데이터_품목별!$E$3:$E$2984,"13",데이터_품목별!$A$3:$A$2984,"2026.04") -> 7845 | AE18: =SUMIFS(데이터_품목별!$H$3:$H$2984,데이터_품목별!$E$3:$E$2984,"13",데이터_품목별!$A$3:$A$2984,"2026.05") -> 8815 | AF18: =SUMIFS(데이터_품목별!$H$3:$H$2984,데이터_품목별!$E$3:$E$2984,"13",데이터_품목별!$A$3:$A$2984,"2026.06") -> 8562 | AG18: =SUMIFS(데이터_품목별!$H$3:$H$2984,데이터_품목별!$E$3:$E$2984,"13",데이터_품목별!$A$3:$A$2984,"2026.07") -> 6421
A19: 14 | B19: 식물성 편조물(編組物)용 재료와 다른 류로 분류되지 않은 식물성 생산품 | C19: =SUMIFS(데이터_품목별!$H$3:$H$2984,데이터_품목별!$E$3:$E$2984,"14",데이터_품목별!$A$3:$A$2984,"2024.01") -> 88 | D19: =SUMIFS(데이터_품목별!$H$3:$H$2984,데이터_품목별!$E$3:$E$2984,"14",데이터_품목별!$A$3:$A$2984,"2024.02") -> 12 | E19: =SUMIFS(데이터_품목별!$H$3:$H$2984,데이터_품목별!$E$3:$E$2984,"14",데이터_품목별!$A$3:$A$2984,"2024.03") -> 28 | F19: =SUMIFS(데이터_품목별!$H$3:$H$2984,데이터_품목별!$E$3:$E$2984,"14",데이터_품목별!$A$3:$A$2984,"2024.04") -> 73 | G19: =SUMIFS(데이터_품목별!$H$3:$H$2984,데이터_품목별!$E$3:$E$2984,"14",데이터_품목별!$A$3:$A$2984,"2024.05") -> 22 | H19: =SUMIFS(데이터_품목별!$H$3:$H$2984,데이터_품목별!$E$3:$E$2984,"14",데이터_품목별!$A$3:$A$2984,"2024.06") -> 35 | I19: =SUMIFS(데이터_품목별!$H$3:$H$2984,데이터_품목별!$E$3:$E$2984,"14",데이터_품목별!$A$3:$A$2984,"2024.07") -> 80 | J19: =SUMIFS(데이터_품목별!$H$3:$H$2984,데이터_품목별!$E$3:$E$2984,"14",데이터_품목별!$A$3:$A$2984,"2024.08") -> 22 | K19: =SUMIFS(데이터_품목별!$H$3:$H$2984,데이터_품목별!$E$3:$E$2984,"14",데이터_품목별!$A$3:$A$2984,"2024.09") -> 23 | L19: =SUMIFS(데이터_품목별!$H$3:$H$2984,데이터_품목별!$E$3:$E$2984,"14",데이터_품목별!$A$3:$A$2984,"2024.10") -> 18 | M19: =SUMIFS(데이터_품목별!$H$3:$H$2984,데이터_품목별!$E$3:$E$2984,"14",데이터_품목별!$A$3:$A$2984,"2024.11") -> 41 | N19: =SUMIFS(데이터_품목별!$H$3:$H$2984,데이터_품목별!$E$3:$E$2984,"14",데이터_품목별!$A$3:$A$2984,"2024.12") -> 39 | O19: =SUMIFS(데이터_품목별!$H$3:$H$2984,데이터_품목별!$E$3:$E$2984,"14",데이터_품목별!$A$3:$A$2984,"2025.01") -> 14 | P19: =SUMIFS(데이터_품목별!$H$3:$H$2984,데이터_품목별!$E$3:$E$2984,"14",데이터_품목별!$A$3:$A$2984,"2025.02") -> 35 | Q19: =SUMIFS(데이터_품목별!$H$3:$H$2984,데이터_품목별!$E$3:$E$2984,"14",데이터_품목별!$A$3:$A$2984,"2025.03") -> 17 | R19: =SUMIFS(데이터_품목별!$H$3:$H$2984,데이터_품목별!$E$3:$E$2984,"14",데이터_품목별!$A$3:$A$2984,"2025.04") -> 10 | S19: =SUMIFS(데이터_품목별!$H$3:$H$2984,데이터_품목별!$E$3:$E$2984,"14",데이터_품목별!$A$3:$A$2984,"2025.05") -> 28 | T19: =SUMIFS(데이터_품목별!$H$3:$H$2984,데이터_품목별!$E$3:$E$2984,"14",데이터_품목별!$A$3:$A$2984,"2025.06") -> 19 | U19: =SUMIFS(데이터_품목별!$H$3:$H$2984,데이터_품목별!$E$3:$E$2984,"14",데이터_품목별!$A$3:$A$2984,"2025.07") -> 44 | V19: =SUMIFS(데이터_품목별!$H$3:$H$2984,데이터_품목별!$E$3:$E$2984,"14",데이터_품목별!$A$3:$A$2984,"2025.08") -> 36 | W19: =SUMIFS(데이터_품목별!$H$3:$H$2984,데이터_품목별!$E$3:$E$2984,"14",데이터_품목별!$A$3:$A$2984,"2025.09") -> 17 | X19: =SUMIFS(데이터_품목별!$H$3:$H$2984,데이터_품목별!$E$3:$E$2984,"14",데이터_품목별!$A$3:$A$2984,"2025.10") -> 8 | Y19: =SUMIFS(데이터_품목별!$H$3:$H$2984,데이터_품목별!$E$3:$E$2984,"14",데이터_품목별!$A$3:$A$2984,"2025.11") -> 8 | Z19: =SUMIFS(데이터_품목별!$H$3:$H$2984,데이터_품목별!$E$3:$E$2984,"14",데이터_품목별!$A$3:$A$2984,"2025.12") -> 63 | AA19: =SUMIFS(데이터_품목별!$H$3:$H$2984,데이터_품목별!$E$3:$E$2984,"14",데이터_품목별!$A$3:$A$2984,"2026.01") -> 53 | AB19: =SUMIFS(데이터_품목별!$H$3:$H$2984,데이터_품목별!$E$3:$E$2984,"14",데이터_품목별!$A$3:$A$2984,"2026.02") -> 8 | AC19: =SUMIFS(데이터_품목별!$H$3:$H$2984,데이터_품목별!$E$3:$E$2984,"14",데이터_품목별!$A$3:$A$2984,"2026.03") -> 60 | AD19: =SUMIFS(데이터_품목별!$H$3:$H$2984,데이터_품목별!$E$3:$E$2984,"14",데이터_품목별!$A$3:$A$2984,"2026.04") -> 58 | AE19: =SUMIFS(데이터_품목별!$H$3:$H$2984,데이터_품목별!$E$3:$E$2984,"14",데이터_품목별!$A$3:$A$2984,"2026.05") -> 21 | AF19: =SUMIFS(데이터_품목별!$H$3:$H$2984,데이터_품목별!$E$3:$E$2984,"14",데이터_품목별!$A$3:$A$2984,"2026.06") -> 58 | AG19: =SUMIFS(데이터_품목별!$H$3:$H$2984,데이터_품목별!$E$3:$E$2984,"14",데이터_품목별!$A$3:$A$2984,"2026.07") -> 44
A20: 15 | B20: 동물성ㆍ식물성ㆍ미생물성 지방과 기름 및이들의 분해생산물, 조제한 식용 지방과 동물성ㆍ식물성 왁스 | C20: =SUMIFS(데이터_품목별!$H$3:$H$2984,데이터_품목별!$E$3:$E$2984,"15",데이터_품목별!$A$3:$A$2984,"2024.01") -> 6136 | D20: =SUMIFS(데이터_품목별!$H$3:$H$2984,데이터_품목별!$E$3:$E$2984,"15",데이터_품목별!$A$3:$A$2984,"2024.02") -> 11664 | E20: =SUMIFS(데이터_품목별!$H$3:$H$2984,데이터_품목별!$E$3:$E$2984,"15",데이터_품목별!$A$3:$A$2984,"2024.03") -> 13811 | F20: =SUMIFS(데이터_품목별!$H$3:$H$2984,데이터_품목별!$E$3:$E$2984,"15",데이터_품목별!$A$3:$A$2984,"2024.04") -> 11193 | G20: =SUMIFS(데이터_품목별!$H$3:$H$2984,데이터_품목별!$E$3:$E$2984,"15",데이터_품목별!$A$3:$A$2984,"2024.05") -> 16929 | H20: =SUMIFS(데이터_품목별!$H$3:$H$2984,데이터_품목별!$E$3:$E$2984,"15",데이터_품목별!$A$3:$A$2984,"2024.06") -> 21574 | I20: =SUMIFS(데이터_품목별!$H$3:$H$2984,데이터_품목별!$E$3:$E$2984,"15",데이터_품목별!$A$3:$A$2984,"2024.07") -> 32853 | J20: =SUMIFS(데이터_품목별!$H$3:$H$2984,데이터_품목별!$E$3:$E$2984,"15",데이터_품목별!$A$3:$A$2984,"2024.08") -> 23842 | K20: =SUMIFS(데이터_품목별!$H$3:$H$2984,데이터_품목별!$E$3:$E$2984,"15",데이터_품목별!$A$3:$A$2984,"2024.09") -> 23446 | L20: =SUMIFS(데이터_품목별!$H$3:$H$2984,데이터_품목별!$E$3:$E$2984,"15",데이터_품목별!$A$3:$A$2984,"2024.10") -> 16046 | M20: =SUMIFS(데이터_품목별!$H$3:$H$2984,데이터_품목별!$E$3:$E$2984,"15",데이터_품목별!$A$3:$A$2984,"2024.11") -> 9574 | N20: =SUMIFS(데이터_품목별!$H$3:$H$2984,데이터_품목별!$E$3:$E$2984,"15",데이터_품목별!$A$3:$A$2984,"2024.12") -> 30530 | O20: =SUMIFS(데이터_품목별!$H$3:$H$2984,데이터_품목별!$E$3:$E$2984,"15",데이터_품목별!$A$3:$A$2984,"2025.01") -> 36907 | P20: =SUMIFS(데이터_품목별!$H$3:$H$2984,데이터_품목별!$E$3:$E$2984,"15",데이터_품목별!$A$3:$A$2984,"2025.02") -> 21126 | Q20: =SUMIFS(데이터_품목별!$H$3:$H$2984,데이터_품목별!$E$3:$E$2984,"15",데이터_품목별!$A$3:$A$2984,"2025.03") -> 28244 | R20: =SUMIFS(데이터_품목별!$H$3:$H$2984,데이터_품목별!$E$3:$E$2984,"15",데이터_품목별!$A$3:$A$2984,"2025.04") -> 37230 | S20: =SUMIFS(데이터_품목별!$H$3:$H$2984,데이터_품목별!$E$3:$E$2984,"15",데이터_품목별!$A$3:$A$2984,"2025.05") -> 38282 | T20: =SUMIFS(데이터_품목별!$H$3:$H$2984,데이터_품목별!$E$3:$E$2984,"15",데이터_품목별!$A$3:$A$2984,"2025.06") -> 39548 | U20: =SUMIFS(데이터_품목별!$H$3:$H$2984,데이터_품목별!$E$3:$E$2984,"15",데이터_품목별!$A$3:$A$2984,"2025.07") -> 31028 | V20: =SUMIFS(데이터_품목별!$H$3:$H$2984,데이터_품목별!$E$3:$E$2984,"15",데이터_품목별!$A$3:$A$2984,"2025.08") -> 30037 | W20: =SUMIFS(데이터_품목별!$H$3:$H$2984,데이터_품목별!$E$3:$E$2984,"15",데이터_품목별!$A$3:$A$2984,"2025.09") -> 21190 | X20: =SUMIFS(데이터_품목별!$H$3:$H$2984,데이터_품목별!$E$3:$E$2984,"15",데이터_품목별!$A$3:$A$2984,"2025.10") -> 52534 | Y20: =SUMIFS(데이터_품목별!$H$3:$H$2984,데이터_품목별!$E$3:$E$2984,"15",데이터_품목별!$A$3:$A$2984,"2025.11") -> 17414 | Z20: =SUMIFS(데이터_품목별!$H$3:$H$2984,데이터_품목별!$E$3:$E$2984,"15",데이터_품목별!$A$3:$A$2984,"2025.12") -> 24038 | AA20: =SUMIFS(데이터_품목별!$H$3:$H$2984,데이터_품목별!$E$3:$E$2984,"15",데이터_품목별!$A$3:$A$2984,"2026.01") -> 8924 | AB20: =SUMIFS(데이터_품목별!$H$3:$H$2984,데이터_품목별!$E$3:$E$2984,"15",데이터_품목별!$A$3:$A$2984,"2026.02") -> 13541 | AC20: =SUMIFS(데이터_품목별!$H$3:$H$2984,데이터_품목별!$E$3:$E$2984,"15",데이터_품목별!$A$3:$A$2984,"2026.03") -> 33218 | AD20: =SUMIFS(데이터_품목별!$H$3:$H$2984,데이터_품목별!$E$3:$E$2984,"15",데이터_품목별!$A$3:$A$2984,"2026.04") -> 21090 | AE20: =SUMIFS(데이터_품목별!$H$3:$H$2984,데이터_품목별!$E$3:$E$2984,"15",데이터_품목별!$A$3:$A$2984,"2026.05") -> 47886 | AF20: =SUMIFS(데이터_품목별!$H$3:$H$2984,데이터_품목별!$E$3:$E$2984,"15",데이터_품목별!$A$3:$A$2984,"2026.06") -> 46150 | AG20: =SUMIFS(데이터_품목별!$H$3:$H$2984,데이터_품목별!$E$3:$E$2984,"15",데이터_품목별!$A$3:$A$2984,"2026.07") -> 25316
A21: 16 | B21: 육류ㆍ어류ㆍ갑각류ㆍ연체동물이나 그 밖의 수생(水生) 무척추동물 또는 곤충의 조제품 | C21: =SUMIFS(데이터_품목별!$H$3:$H$2984,데이터_품목별!$E$3:$E$2984,"16",데이터_품목별!$A$3:$A$2984,"2024.01") -> 25872 | D21: =SUMIFS(데이터_품목별!$H$3:$H$2984,데이터_품목별!$E$3:$E$2984,"16",데이터_품목별!$A$3:$A$2984,"2024.02") -> 22662 | E21: =SUMIFS(데이터_품목별!$H$3:$H$2984,데이터_품목별!$E$3:$E$2984,"16",데이터_품목별!$A$3:$A$2984,"2024.03") -> 28939 | F21: =SUMIFS(데이터_품목별!$H$3:$H$2984,데이터_품목별!$E$3:$E$2984,"16",데이터_품목별!$A$3:$A$2984,"2024.04") -> 31625 | G21: =SUMIFS(데이터_품목별!$H$3:$H$2984,데이터_품목별!$E$3:$E$2984,"16",데이터_품목별!$A$3:$A$2984,"2024.05") -> 35932 | H21: =SUMIFS(데이터_품목별!$H$3:$H$2984,데이터_품목별!$E$3:$E$2984,"16",데이터_품목별!$A$3:$A$2984,"2024.06") -> 27850 | I21: =SUMIFS(데이터_품목별!$H$3:$H$2984,데이터_품목별!$E$3:$E$2984,"16",데이터_품목별!$A$3:$A$2984,"2024.07") -> 26468 | J21: =SUMIFS(데이터_품목별!$H$3:$H$2984,데이터_품목별!$E$3:$E$2984,"16",데이터_품목별!$A$3:$A$2984,"2024.08") -> 24249 | K21: =SUMIFS(데이터_품목별!$H$3:$H$2984,데이터_품목별!$E$3:$E$2984,"16",데이터_품목별!$A$3:$A$2984,"2024.09") -> 23688 | L21: =SUMIFS(데이터_품목별!$H$3:$H$2984,데이터_품목별!$E$3:$E$2984,"16",데이터_품목별!$A$3:$A$2984,"2024.10") -> 26069 | M21: =SUMIFS(데이터_품목별!$H$3:$H$2984,데이터_품목별!$E$3:$E$2984,"16",데이터_품목별!$A$3:$A$2984,"2024.11") -> 29708 | N21: =SUMIFS(데이터_품목별!$H$3:$H$2984,데이터_품목별!$E$3:$E$2984,"16",데이터_품목별!$A$3:$A$2984,"2024.12") -> 27344 | O21: =SUMIFS(데이터_품목별!$H$3:$H$2984,데이터_품목별!$E$3:$E$2984,"16",데이터_품목별!$A$3:$A$2984,"2025.01") -> 20531 | P21: =SUMIFS(데이터_품목별!$H$3:$H$2984,데이터_품목별!$E$3:$E$2984,"16",데이터_품목별!$A$3:$A$2984,"2025.02") -> 25083 | Q21: =SUMIFS(데이터_품목별!$H$3:$H$2984,데이터_품목별!$E$3:$E$2984,"16",데이터_품목별!$A$3:$A$2984,"2025.03") -> 24969 | R21: =SUMIFS(데이터_품목별!$H$3:$H$2984,데이터_품목별!$E$3:$E$2984,"16",데이터_품목별!$A$3:$A$2984,"2025.04") -> 29657 | S21: =SUMIFS(데이터_품목별!$H$3:$H$2984,데이터_품목별!$E$3:$E$2984,"16",데이터_품목별!$A$3:$A$2984,"2025.05") -> 27367 | T21: =SUMIFS(데이터_품목별!$H$3:$H$2984,데이터_품목별!$E$3:$E$2984,"16",데이터_품목별!$A$3:$A$2984,"2025.06") -> 27363 | U21: =SUMIFS(데이터_품목별!$H$3:$H$2984,데이터_품목별!$E$3:$E$2984,"16",데이터_품목별!$A$3:$A$2984,"2025.07") -> 29198 | V21: =SUMIFS(데이터_품목별!$H$3:$H$2984,데이터_품목별!$E$3:$E$2984,"16",데이터_품목별!$A$3:$A$2984,"2025.08") -> 23685 | W21: =SUMIFS(데이터_품목별!$H$3:$H$2984,데이터_품목별!$E$3:$E$2984,"16",데이터_품목별!$A$3:$A$2984,"2025.09") -> 29295 | X21: =SUMIFS(데이터_품목별!$H$3:$H$2984,데이터_품목별!$E$3:$E$2984,"16",데이터_품목별!$A$3:$A$2984,"2025.10") -> 27705 | Y21: =SUMIFS(데이터_품목별!$H$3:$H$2984,데이터_품목별!$E$3:$E$2984,"16",데이터_품목별!$A$3:$A$2984,"2025.11") -> 29243 | Z21: =SUMIFS(데이터_품목별!$H$3:$H$2984,데이터_품목별!$E$3:$E$2984,"16",데이터_품목별!$A$3:$A$2984,"2025.12") -> 28030 | AA21: =SUMIFS(데이터_품목별!$H$3:$H$2984,데이터_품목별!$E$3:$E$2984,"16",데이터_품목별!$A$3:$A$2984,"2026.01") -> 25326 | AB21: =SUMIFS(데이터_품목별!$H$3:$H$2984,데이터_품목별!$E$3:$E$2984,"16",데이터_품목별!$A$3:$A$2984,"2026.02") -> 19869 | AC21: =SUMIFS(데이터_품목별!$H$3:$H$2984,데이터_품목별!$E$3:$E$2984,"16",데이터_품목별!$A$3:$A$2984,"2026.03") -> 27253 | AD21: =SUMIFS(데이터_품목별!$H$3:$H$2984,데이터_품목별!$E$3:$E$2984,"16",데이터_품목별!$A$3:$A$2984,"2026.04") -> 31816 | AE21: =SUMIFS(데이터_품목별!$H$3:$H$2984,데이터_품목별!$E$3:$E$2984,"16",데이터_품목별!$A$3:$A$2984,"2026.05") -> 31142 | AF21: =SUMIFS(데이터_품목별!$H$3:$H$2984,데이터_품목별!$E$3:$E$2984,"16",데이터_품목별!$A$3:$A$2984,"2026.06") -> 32160 | AG21: =SUMIFS(데이터_품목별!$H$3:$H$2984,데이터_품목별!$E$3:$E$2984,"16",데이터_품목별!$A$3:$A$2984,"2026.07") -> 28121
A22: 17 | B22: 당류(糖類)와 설탕과자 | C22: =SUMIFS(데이터_품목별!$H$3:$H$2984,데이터_품목별!$E$3:$E$2984,"17",데이터_품목별!$A$3:$A$2984,"2024.01") -> 31537 | D22: =SUMIFS(데이터_품목별!$H$3:$H$2984,데이터_품목별!$E$3:$E$2984,"17",데이터_품목별!$A$3:$A$2984,"2024.02") -> 28636 | E22: =SUMIFS(데이터_품목별!$H$3:$H$2984,데이터_품목별!$E$3:$E$2984,"17",데이터_품목별!$A$3:$A$2984,"2024.03") -> 21228 | F22: =SUMIFS(데이터_품목별!$H$3:$H$2984,데이터_품목별!$E$3:$E$2984,"17",데이터_품목별!$A$3:$A$2984,"2024.04") -> 24029 | G22: =SUMIFS(데이터_품목별!$H$3:$H$2984,데이터_품목별!$E$3:$E$2984,"17",데이터_품목별!$A$3:$A$2984,"2024.05") -> 26921 | H22: =SUMIFS(데이터_품목별!$H$3:$H$2984,데이터_품목별!$E$3:$E$2984,"17",데이터_품목별!$A$3:$A$2984,"2024.06") -> 27142 | I22: =SUMIFS(데이터_품목별!$H$3:$H$2984,데이터_품목별!$E$3:$E$2984,"17",데이터_품목별!$A$3:$A$2984,"2024.07") -> 32829 | J22: =SUMIFS(데이터_품목별!$H$3:$H$2984,데이터_품목별!$E$3:$E$2984,"17",데이터_품목별!$A$3:$A$2984,"2024.08") -> 31191 | K22: =SUMIFS(데이터_품목별!$H$3:$H$2984,데이터_품목별!$E$3:$E$2984,"17",데이터_품목별!$A$3:$A$2984,"2024.09") -> 32888 | L22: =SUMIFS(데이터_품목별!$H$3:$H$2984,데이터_품목별!$E$3:$E$2984,"17",데이터_품목별!$A$3:$A$2984,"2024.10") -> 34901 | M22: =SUMIFS(데이터_품목별!$H$3:$H$2984,데이터_품목별!$E$3:$E$2984,"17",데이터_품목별!$A$3:$A$2984,"2024.11") -> 32849 | N22: =SUMIFS(데이터_품목별!$H$3:$H$2984,데이터_품목별!$E$3:$E$2984,"17",데이터_품목별!$A$3:$A$2984,"2024.12") -> 31956 | O22: =SUMIFS(데이터_품목별!$H$3:$H$2984,데이터_품목별!$E$3:$E$2984,"17",데이터_품목별!$A$3:$A$2984,"2025.01") -> 19752 | P22: =SUMIFS(데이터_품목별!$H$3:$H$2984,데이터_품목별!$E$3:$E$2984,"17",데이터_품목별!$A$3:$A$2984,"2025.02") -> 22146 | Q22: =SUMIFS(데이터_품목별!$H$3:$H$2984,데이터_품목별!$E$3:$E$2984,"17",데이터_품목별!$A$3:$A$2984,"2025.03") -> 22873 | R22: =SUMIFS(데이터_품목별!$H$3:$H$2984,데이터_품목별!$E$3:$E$2984,"17",데이터_품목별!$A$3:$A$2984,"2025.04") -> 25733 | S22: =SUMIFS(데이터_품목별!$H$3:$H$2984,데이터_품목별!$E$3:$E$2984,"17",데이터_품목별!$A$3:$A$2984,"2025.05") -> 23976 | T22: =SUMIFS(데이터_품목별!$H$3:$H$2984,데이터_품목별!$E$3:$E$2984,"17",데이터_품목별!$A$3:$A$2984,"2025.06") -> 26243 | U22: =SUMIFS(데이터_품목별!$H$3:$H$2984,데이터_품목별!$E$3:$E$2984,"17",데이터_품목별!$A$3:$A$2984,"2025.07") -> 28492 | V22: =SUMIFS(데이터_품목별!$H$3:$H$2984,데이터_품목별!$E$3:$E$2984,"17",데이터_품목별!$A$3:$A$2984,"2025.08") -> 24279 | W22: =SUMIFS(데이터_품목별!$H$3:$H$2984,데이터_품목별!$E$3:$E$2984,"17",데이터_품목별!$A$3:$A$2984,"2025.09") -> 29459 | X22: =SUMIFS(데이터_품목별!$H$3:$H$2984,데이터_품목별!$E$3:$E$2984,"17",데이터_품목별!$A$3:$A$2984,"2025.10") -> 27166 | Y22: =SUMIFS(데이터_품목별!$H$3:$H$2984,데이터_품목별!$E$3:$E$2984,"17",데이터_품목별!$A$3:$A$2984,"2025.11") -> 27148 | Z22: =SUMIFS(데이터_품목별!$H$3:$H$2984,데이터_품목별!$E$3:$E$2984,"17",데이터_품목별!$A$3:$A$2984,"2025.12") -> 25088 | AA22: =SUMIFS(데이터_품목별!$H$3:$H$2984,데이터_품목별!$E$3:$E$2984,"17",데이터_품목별!$A$3:$A$2984,"2026.01") -> 20862 | AB22: =SUMIFS(데이터_품목별!$H$3:$H$2984,데이터_품목별!$E$3:$E$2984,"17",데이터_품목별!$A$3:$A$2984,"2026.02") -> 16290 | AC22: =SUMIFS(데이터_품목별!$H$3:$H$2984,데이터_품목별!$E$3:$E$2984,"17",데이터_품목별!$A$3:$A$2984,"2026.03") -> 22399 | AD22: =SUMIFS(데이터_품목별!$H$3:$H$2984,데이터_품목별!$E$3:$E$2984,"17",데이터_품목별!$A$3:$A$2984,"2026.04") -> 23892 | AE22: =SUMIFS(데이터_품목별!$H$3:$H$2984,데이터_품목별!$E$3:$E$2984,"17",데이터_품목별!$A$3:$A$2984,"2026.05") -> 21255 | AF22: =SUMIFS(데이터_품목별!$H$3:$H$2984,데이터_품목별!$E$3:$E$2984,"17",데이터_품목별!$A$3:$A$2984,"2026.06") -> 19818 | AG22: =SUMIFS(데이터_품목별!$H$3:$H$2984,데이터_품목별!$E$3:$E$2984,"17",데이터_품목별!$A$3:$A$2984,"2026.07") -> 24623
