Workbook

Sheet 0_안내
A1: 수출입 실적 통합 분석 (2025.01 ~ 2026.07)
A2: 업로드하신 5개 원본 파일(총괄·품목별·성질별·신성질별·국가별)을 한 파일로 모으고, 원본은 수정하지 않은 채 분석 시트를 추가했습니다.
A4: 시트 구성
A5: 시트 | B5: 내용 | C5: 비고
A6: 수출입 총괄 | B6: 2025.01~2026.07 월별 총괄 (원본 그대로) | C6: 원본 · 수정 없음
A7: 수출입 실적(품목별) | B7: HS 2단위 품목별 수출입 (원본 그대로) | C7: 원본 · 수정 없음
A8: 수출입 실적(성질별) | B8: 성질별 수출 (원본 그대로) | C8: 원본 · 수정 없음
A9: 수출입 실적(신성질별) | B9: 신성질별 수출입 (원본 그대로) | C9: 원본 · 수정 없음
A10: 수출입 실적(국가별) | B10: 국가별 수출입 (원본 그대로) | C10: 원본 · 수정 없음
A11: 데이터_총괄 외 4개 | B11: 원본의 텍스트 숫자를 VALUE 수식으로 숫자화한 정제 시트 | C11: 전부 수식 · 직접 입력 금지
A12: 분석1_정합성검증 | B12: 개별항목 합 vs 총합 9종 검증 | C12: 품목별 시트의 체계적 차이 확인
A13: 분석2_월별추이 | B13: 19개월 추이 · 전월비 · 전년동월비 · 일평균 · 단가 · 12개월 이동합
A14: 분석3_전년동기비교 | B14: 2026.1~7 vs 2025.1~7 (총괄 · 성질별 · 신성질별 수출입)
A15: 분석4_품목별(HS) | B15: HS류별 동기 비교 · 기여도 · 무역수지 | C15: 상위 8개 월별 표 포함
A16: 분석5_국가별 | B16: 상위 40개국 + 기타 · 점유율 · 무역수지 | C16: 집중도 추이 포함
A17: 분석6_그래프 | B17: 그래프 13종 + 보조표
A18: 분석7_해설 | B18: 핵심 수치표와 해석 · 한계 | C18: 먼저 읽으시면 좋습니다
A20: 읽는 순서 제안
A21: ① 분석7_해설 — 무엇이 어떻게 변했는지 먼저 확인
A22: ② 분석1_정합성검증 — 숫자를 믿어도 되는지 확인 (품목별 시트 주의사항 포함)
A23: ③ 분석2 → 분석3 → 분석4·5 — 총량에서 품목·국가로 좁혀 가며 확인
A24: ④ 분석6_그래프 — 그림으로 확인
A26: ※ 모든 분석 셀은 원본을 참조하는 수식입니다. 원본 시트에 다음 달 데이터를 같은 형식으로 추가하고 정제 시트의 참조 범위를 늘리면 분석 전체가 그대로 갱신됩니다.

Sheet 수출입 총괄
A1: 수출입 총괄
A3: 검색조건 조회기간: 202501 ~ 202607 , 통계기준: 수리일, 중량단위: 톤
I4: 단위:건, 톤(TON), 천 달러
A5: 기간 | B5: 조업일수 | C5: 수출 건수 | D5: 수출 중량 | E5: 수출 금액 | F5: 수입 건수 | G5: 수입중량 | H5: 수입금액 | I5: 무역수지
A6: 총계 | B6: 425.0 | C6: 21,702,845 | D6: 308,412,746.2 | E6: 1,304,392,880 | F6: 88,995,973 | G6: 858,381,643.6 | H6: 1,059,198,512 | I6: 245,194,368
A7: 2025.01 | B7: 20.0 | C7: 924,441 | D7: 14,986,301.7 | E7: 49,176,984 | F7: 3,847,092 | G7: 47,927,337.6 | H7: 51,172,292 | I7: -1,995,308
A8: 2025.02 | B8: 22.0 | C8: 1,014,431 | D8: 16,151,895.1 | E8: 52,292,301 | F8: 3,982,365 | G8: 41,535,200.5 | H8: 48,328,741 | I8: 3,963,560
A9: 2025.03 | B9: 22.0 | C9: 1,236,266 | D9: 15,702,059.6 | E9: 58,064,562 | F9: 4,558,238 | G9: 41,960,252.6 | H9: 53,341,032 | I9: 4,723,530
A10: 2025.04 | B10: 24.0 | C10: 1,088,160 | D10: 17,527,804.9 | E10: 58,035,745 | F10: 4,601,632 | G10: 45,256,630.0 | H10: 53,232,716 | I10: 4,803,029
A11: 2025.05 | B11: 21.5 | C11: 1,034,785 | D11: 16,573,462.9 | E11: 57,261,063 | F11: 4,586,252 | G11: 43,030,473.8 | H11: 50,345,116 | I11: 6,915,946
A12: 2025.06 | B12: 21.0 | C12: 1,328,545 | D12: 16,221,157.0 | E12: 59,833,797 | F12: 4,272,361 | G12: 42,728,885.3 | H12: 50,825,746 | I12: 9,008,051
A13: 2025.07 | B13: 25.0 | C13: 1,177,196 | D13: 17,580,838.3 | E13: 60,724,322 | F13: 4,754,616 | G13: 47,540,216.0 | H13: 54,210,371 | I13: 6,513,951
A14: 2025.08 | B14: 22.5 | C14: 1,058,881 | D14: 17,118,673.9 | E14: 58,259,332 | F14: 4,524,180 | G14: 48,641,920.6 | H14: 51,856,624 | I14: 6,402,708
A15: 2025.09 | B15: 24.0 | C15: 1,451,822 | D15: 18,076,703.2 | E15: 65,904,118 | F15: 4,986,893 | G15: 47,278,338.2 | H15: 56,419,614 | I15: 9,484,504
A16: 2025.10 | B16: 20.0 | C16: 1,040,165 | D16: 16,017,317.9 | E16: 59,511,578 | F16: 4,655,160 | G16: 47,575,893.6 | H16: 53,510,827 | I16: 6,000,751
... A25: 2026.07 | B25: 24.0 | C25: 1,111,934 | D25: 17,660,680.7 | E25: 98,959,099 | F25: 5,158,848 | G25: 51,144,176.2 | H25: 68,567,473 | I25: 30,391,625

Sheet 수출입 실적(품목별)
A1: 수출입 실적(품목별)
A3: 검색조건 통계항목 : 품목별, 품목명 : 전체, 하위품목 유무 : 무, 조회기간 : 202501 ~ 202607 , 통계기준 : 수리일, 중량단위 : 톤
H4: 단위:톤(TON), 천 달러
A5: 기간 | B5: HS코드 | C5: 품목명 | D5: 수출 중량 | E5: 수출 금액 | F5: 수입 중량 | G5: 수입 금액 | H5: 무역수지
A6: 총계 | D6: 307,894,107.1 | E6: 1,303,893,423 | F6: 857,408,459.5 | G6: 1,058,814,212 | H6: 245,079,211
A7: 2025.01 | B7: 01 | C7: 살아 있는 동물 | D7: 3.4 | E7: 511 | F7: 44.7 | G7: 4,460 | H7: -3,948
A8: 2025.01 | B8: 02 | C8: 육과 식용 설육(屑肉) | D8: 4,211.3 | E8: 5,868 | F8: 128,765.3 | G8: 728,984 | H8: -723,116
A9: 2025.01 | B9: 03 | C9: 어류ㆍ갑각류ㆍ연체동물과 그 밖의 수생(水生) 무척추동물 | D9: 32,173.3 | E9: 98,077 | F9: 100,376.1 | G9: 406,964 | H9: -308,888
A10: 2025.01 | B10: 04 | C10: 낙농품, 새의 알, 천연꿀, 다른 류로 분류되지 않은 식용인 동물성 생산품 | D10: 3,019.3 | E10: 6,510 | F10: 26,697.6 | G10: 110,511 | H10: -104,002
A11: 2025.01 | B11: 05 | C11: 다른 류로 분류되지 않은 동물성 생산품 | D11: 1,109.0 | E11: 2,877 | F11: 4,815.5 | G11: 20,120 | H11: -17,243
A12: 2025.01 | B12: 06 | C12: 살아 있는 수목과 그 밖의 식물, 인경(鱗莖)ㆍ뿌리와 이와 유사한 물품, 절화(切花)와 장식용 잎 | D12: 126.8 | E12: 418 | F12: 6,543.0 | G12: 13,617 | H12: -13,199
A13: 2025.01 | B13: 07 | C13: 식용의 채소ㆍ뿌리ㆍ괴경(塊莖) | D13: 3,458.9 | E13: 9,802 | F13: 92,844.8 | G13: 75,650 | H13: -65,848
A14: 2025.01 | B14: 08 | C14: 식용의 과실과 견과류, 감귤류ㆍ멜론의 껍질 | D14: 2,811.1 | E14: 26,837 | F14: 61,028.0 | G14: 144,994 | H14: -118,157
A15: 2025.01 | B15: 09 | C15: 커피ㆍ차ㆍ마테(maté)ㆍ향신료 | D15: 367.7 | E15: 2,706 | F15: 16,153.9 | G15: 109,715 | H15: -107,009
A16: 2025.01 | B16: 10 | C16: 곡물 | D16: 1,786.8 | E16: 3,159 | F16: 1,324,476.1 | G16: 363,115 | H16: -359,956
A17: 2025.01 | B17: 11 | C17: 제분공업의 생산품과 맥아, 전분, 이눌린(inulin), 밀의 글루텐(gluten) | D17: 4,838.7 | E17: 3,474 | F17: 27,034.5 | G17: 23,263 | H17: -19,789
A18: 2025.01 | B18: 12 | C18: 채유(採油)에 적합한 종자와 과실, 각종 종자와 과실, 공업용ㆍ의약용 식물, 짚과 사료용 식물 | D18: 2,129.8 | E18: 53,582 | F18: 255,381.1 | G18: 141,767 | H18: -88,185
... A1832: 2026.07 | B1832: 97 | C1832: 예술품ㆍ수집품ㆍ골동품 | D1832: 17.6 | E1832: 15,110 | F1832: 37.5 | G1832: 20,791 | H1832: -5,681

Sheet 수출입 실적(성질별)
A1: 수출입 실적(성질별)
A3: 검색조건 통계항목 : 성질별, 성질명 : 수출, 전체, 세부성질 유무 : 무, 조회기간 : 202501 ~ 202607 , 통계기준 : 수리일, 중량단위 : 톤
E4: 단위:톤(TON), 천 달러
A5: 기간 | B5: 수출입구분 | C5: 성질명 | D5: 중량 | E5: 금액
A6: 총계 | D6: 308,412,746.2 | E6: 1,304,392,880
A7: 2025.01 | B7: 수출 | C7: 1. 식료 및 직접소비재 | D7: 291,911.0 | E7: 845,494
A8: 2025.01 | B8: 수출 | C8: 2. 원료 및 연료 | D8: 5,564,057.8 | E8: 4,217,118
A9: 2025.01 | B9: 수출 | C9: 3. 경공업품 | D9: 850,551.9 | E9: 2,443,890
A10: 2025.01 | B10: 수출 | C10: 가. 섬유원료 | D10: 51,662.0 | E10: 77,004
A11: 2025.01 | B11: 수출 | C11: 나. 섬유사 | D11: 17,074.6 | E11: 58,470
A12: 2025.01 | B12: 수출 | C12: 다. 직 물 | D12: 27,683.3 | E12: 259,146
A13: 2025.01 | B13: 수출 | C13: 라. 기타 섬유제품 | D13: 19,915.9 | E13: 158,212
A14: 2025.01 | B14: 수출 | C14: 마. 의 류 | D14: 4,976.6 | E14: 125,396
A15: 2025.01 | B15: 수출 | C15: 바. 목제품 | D15: 14,907.5 | E15: 81,070
A16: 2025.01 | B16: 수출 | C16: 사. 가죽, 고무 및 신발류 | D16: 70,212.9 | E16: 381,884
A17: 2025.01 | B17: 수출 | C17: 아. 귀금속 및 보석류 | D17: 388.5 | E17: 267,386
A18: 2025.01 | B18: 수출 | C18: 자. 기타 비금속 광물제품 | D18: 312,313.3 | E18: 192,040
... A405: 2026.07 | B405: 수출 | C405: 바. 기 타 | D405: 89,360.5 | E405: 2,725,433

Sheet 수출입 실적(신성질별)
A1: 수출입 실적(신성질별)
A3: 검색조건 통계항목 : 신성질별, 신성질명 : 전체, 세부성질 유무 : 무, 조회기간 : 202501 ~ 202607 , 통계기준 : 수리일, 중량단위 : 톤
F4: 단위:톤(TON), 천 달러
A5: 기간 | B5: 신성질명 | C5: 수출 중량 | D5: 수출 금액 | E5: 수입 중량 | F5: 수입 금액
A6: 총계 | C6: 308,412,746.2 | D6: 1,304,392,880 | E6: 858,381,643.6 | F6: 1,059,198,512
A7: 2025.01 | B7: 1.소비재 | C7: 775,717.7 | D7: 6,837,296 | E7: 2,095,799.4 | F7: 6,754,074
A8: 2025.01 | B8: 가.직접소비재 | C8: 218,831.1 | D8: 769,987 | E8: 1,737,509.5 | F8: 2,716,917
A9: 2025.01 | B9: 나.내구소비재 | C9: 416,256.9 | D9: 4,694,972 | E9: 202,111.2 | F9: 1,801,934
A10: 2025.01 | B10: 다.비내구소비재 | C10: 137,978.4 | D10: 1,369,159 | E10: 156,178.8 | F10: 2,235,223
A11: 2025.01 | B11: 라.간이세율적용분 | C11: 2,651.3 | D11: 3,178 | E11: 0.0 | F11: 0
A12: 2025.01 | B12: 2.원자재 | C12: 12,560,803.9 | D12: 14,770,147 | E12: 45,022,913.6 | F12: 25,300,265
A13: 2025.01 | B13: 가.동식물성 연·원료 | C13: 339,279.8 | D13: 419,822 | E13: 2,705,305.3 | F13: 1,396,963
A14: 2025.01 | B14: 나.섬유류 | C14: 110,571.4 | D14: 522,157 | E14: 98,221.0 | F14: 300,209
A15: 2025.01 | B15: 다.광산물 | C15: 5,415,324.4 | D15: 4,080,925 | E15: 38,763,299.2 | F15: 16,767,335
A16: 2025.01 | B16: 라.철강 및 금속제품 | C16: 2,638,368.0 | D16: 3,130,056 | E16: 1,571,574.4 | F16: 2,485,479
A17: 2025.01 | B17: 마.화학공업제품 | C17: 4,054,430.2 | D17: 6,605,881 | E17: 1,881,480.5 | F17: 4,343,104
A18: 2025.01 | B18: 바.기타 원자재 | C18: 2,830.1 | D18: 11,305 | E18: 3,033.2 | F18: 7,176
... A329: 2026.07 | B329: 라.IT부품 | C329: 33,481.3 | D329: 42,761,535 | E329: 33,712.5 | F329: 11,667,986

Sheet 수출입 실적(국가별)
A1: 수출입 실적(국가별)
A3: 검색조건 통계항목 : 국가별, 국가명 : 전체, 조회기간 : 202501 ~ 202607 , 통계기준 : 수리일
G4: 단위:건, 천 달러
A5: 기간 | B5: 국가 | C5: 수출 건수 | D5: 수출 금액 | E5: 수입 건수 | F5: 수입 금액 | G5: 무역수지
A6: 총계 | C6: 21,702,845 | D6: 1,304,392,880 | E6: 88,995,973 | F6: 1,059,198,512 | G6: 245,194,368
A7: 2025.01 | B7: 미국 | C7: 193,178 | D7: 9,282,567 | E7: 1,416,582 | F7: 5,839,341 | G7: 3,443,226
A8: 2025.01 | B8: 중국 | C8: 91,388 | D8: 9,204,172 | E8: 1,225,173 | F8: 11,208,793 | G8: -2,004,621
A9: 2025.01 | B9: 베트남 | C9: 57,209 | D9: 4,356,972 | E9: 145,132 | F9: 2,564,727 | G9: 1,792,245
A10: 2025.01 | B10: 대만 | C10: 34,078 | D10: 2,438,188 | E10: 20,022 | F10: 2,227,887 | G10: 210,301
A11: 2025.01 | B11: 일본 | C11: 146,929 | D11: 2,363,797 | E11: 344,783 | F11: 3,587,345 | G11: -1,223,548
A12: 2025.01 | B12: 홍콩 | C12: 18,142 | D12: 1,685,484 | E12: 145,075 | F12: 183,373 | G12: 1,502,111
A13: 2025.01 | B13: 인도 | C13: 18,165 | D13: 1,463,921 | E13: 10,408 | F13: 535,824 | G13: 928,097
A14: 2025.01 | B14: 싱가포르 | C14: 42,253 | D14: 1,162,020 | E14: 18,404 | F14: 1,027,832 | G14: 134,187
A15: 2025.01 | B15: 멕시코 | C15: 15,031 | D15: 947,164 | E15: 6,035 | F15: 767,989 | G15: 179,176
A16: 2025.01 | B16: 말레이시아 | C16: 26,784 | D16: 921,582 | E16: 10,823 | F16: 1,350,979 | G16: -429,397
A17: 2025.01 | B17: 호주 | C17: 15,080 | D17: 909,427 | E17: 46,098 | F17: 2,906,682 | G17: -1,997,255
A18: 2025.01 | B18: 필리핀 | C18: 25,805 | D18: 880,737 | E18: 5,154 | F18: 229,072 | G18: 651,665
... A4481: 2026.07 | B4481: 세인트 헬레나 | C4481: 0 | D4481: 0 | E4481: 1 | F4481: 13 | G4481: -13

Sheet 데이터_총괄
A1: 이 시트의 모든 셀은 원본 시트를 참조하는 수식입니다. 원본은 숫자가 텍스트(쉼표 포함)로 저장되어 있어 VALUE/SUBSTITUTE로 숫자화했습니다. 직접 입력하지 마세요.
A2: 기간 | B2: 연도 | C2: 월 | D2: 조업일수 | E2: 수출 건수 | F2: 수출 중량 | G2: 수출 금액 | H2: 수입 건수 | I2: 수입 중량 | J2: 수입 금액 | K2: 무역수지
A3: =TRIM('수출입 총괄'!A7) -> 2025.01 | B3: =IFERROR(VALUE(LEFT(A3,4)),"") -> 2025 | C3: =IFERROR(VALUE(RIGHT(A3,2)),"") -> 1 | D3: =IFERROR(VALUE(SUBSTITUTE(TRIM('수출입 총괄'!B7),",","")),"") -> 20 | E3: =IFERROR(VALUE(SUBSTITUTE(TRIM('수출입 총괄'!C7),",","")),"") -> 924441 | F3: =IFERROR(VALUE(SUBSTITUTE(TRIM('수출입 총괄'!D7),",","")),"") -> 14986302 | G3: =IFERROR(VALUE(SUBSTITUTE(TRIM('수출입 총괄'!E7),",","")),"") -> 49176984 | H3: =IFERROR(VALUE(SUBSTITUTE(TRIM('수출입 총괄'!F7),",","")),"") -> 3847092 | I3: =IFERROR(VALUE(SUBSTITUTE(TRIM('수출입 총괄'!G7),",","")),"") -> 47927338 | J3: =IFERROR(VALUE(SUBSTITUTE(TRIM('수출입 총괄'!H7),",","")),"") -> 51172292 | K3: =IFERROR(VALUE(SUBSTITUTE(TRIM('수출입 총괄'!I7),",","")),"") -> -1995308
A4: =TRIM('수출입 총괄'!A8) -> 2025.02 | B4: =IFERROR(VALUE(LEFT(A4,4)),"") -> 2025 | C4: =IFERROR(VALUE(RIGHT(A4,2)),"") -> 2 | D4: =IFERROR(VALUE(SUBSTITUTE(TRIM('수출입 총괄'!B8),",","")),"") -> 22 | E4: =IFERROR(VALUE(SUBSTITUTE(TRIM('수출입 총괄'!C8),",","")),"") -> 1014431 | F4: =IFERROR(VALUE(SUBSTITUTE(TRIM('수출입 총괄'!D8),",","")),"") -> 16151895 | G4: =IFERROR(VALUE(SUBSTITUTE(TRIM('수출입 총괄'!E8),",","")),"") -> 52292301 | H4: =IFERROR(VALUE(SUBSTITUTE(TRIM('수출입 총괄'!F8),",","")),"") -> 3982365 | I4: =IFERROR(VALUE(SUBSTITUTE(TRIM('수출입 총괄'!G8),",","")),"") -> 41535200 | J4: =IFERROR(VALUE(SUBSTITUTE(TRIM('수출입 총괄'!H8),",","")),"") -> 48328741 | K4: =IFERROR(VALUE(SUBSTITUTE(TRIM('수출입 총괄'!I8),",","")),"") -> 3963560
A5: =TRIM('수출입 총괄'!A9) -> 2025.03 | B5: =IFERROR(VALUE(LEFT(A5,4)),"") -> 2025 | C5: =IFERROR(VALUE(RIGHT(A5,2)),"") -> 3 | D5: =IFERROR(VALUE(SUBSTITUTE(TRIM('수출입 총괄'!B9),",","")),"") -> 22 | E5: =IFERROR(VALUE(SUBSTITUTE(TRIM('수출입 총괄'!C9),",","")),"") -> 1236266 | F5: =IFERROR(VALUE(SUBSTITUTE(TRIM('수출입 총괄'!D9),",","")),"") -> 15702060 | G5: =IFERROR(VALUE(SUBSTITUTE(TRIM('수출입 총괄'!E9),",","")),"") -> 58064562 | H5: =IFERROR(VALUE(SUBSTITUTE(TRIM('수출입 총괄'!F9),",","")),"") -> 4558238 | I5: =IFERROR(VALUE(SUBSTITUTE(TRIM('수출입 총괄'!G9),",","")),"") -> 41960253 | J5: =IFERROR(VALUE(SUBSTITUTE(TRIM('수출입 총괄'!H9),",","")),"") -> 53341032 | K5: =IFERROR(VALUE(SUBSTITUTE(TRIM('수출입 총괄'!I9),",","")),"") -> 4723530
A6: =TRIM('수출입 총괄'!A10) -> 2025.04 | B6: =IFERROR(VALUE(LEFT(A6,4)),"") -> 2025 | C6: =IFERROR(VALUE(RIGHT(A6,2)),"") -> 4 | D6: =IFERROR(VALUE(SUBSTITUTE(TRIM('수출입 총괄'!B10),",","")),"") -> 24 | E6: =IFERROR(VALUE(SUBSTITUTE(TRIM('수출입 총괄'!C10),",","")),"") -> 1088160 | F6: =IFERROR(VALUE(SUBSTITUTE(TRIM('수출입 총괄'!D10),",","")),"") -> 17527805 | G6: =IFERROR(VALUE(SUBSTITUTE(TRIM('수출입 총괄'!E10),",","")),"") -> 58035745 | H6: =IFERROR(VALUE(SUBSTITUTE(TRIM('수출입 총괄'!F10),",","")),"") -> 4601632 | I6: =IFERROR(VALUE(SUBSTITUTE(TRIM('수출입 총괄'!G10),",","")),"") -> 45256630 | J6: =IFERROR(VALUE(SUBSTITUTE(TRIM('수출입 총괄'!H10),",","")),"") -> 53232716 | K6: =IFERROR(VALUE(SUBSTITUTE(TRIM('수출입 총괄'!I10),",","")),"") -> 4803029
A7: =TRIM('수출입 총괄'!A11) -> 2025.05 | B7: =IFERROR(VALUE(LEFT(A7,4)),"") -> 2025 | C7: =IFERROR(VALUE(RIGHT(A7,2)),"") -> 5 | D7: =IFERROR(VALUE(SUBSTITUTE(TRIM('수출입 총괄'!B11),",","")),"") -> 21.5 | E7: =IFERROR(VALUE(SUBSTITUTE(TRIM('수출입 총괄'!C11),",","")),"") -> 1034785 | F7: =IFERROR(VALUE(SUBSTITUTE(TRIM('수출입 총괄'!D11),",","")),"") -> 16573463 | G7: =IFERROR(VALUE(SUBSTITUTE(TRIM('수출입 총괄'!E11),",","")),"") -> 57261063 | H7: =IFERROR(VALUE(SUBSTITUTE(TRIM('수출입 총괄'!F11),",","")),"") -> 4586252 | I7: =IFERROR(VALUE(SUBSTITUTE(TRIM('수출입 총괄'!G11),",","")),"") -> 43030474 | J7: =IFERROR(VALUE(SUBSTITUTE(TRIM('수출입 총괄'!H11),",","")),"") -> 50345116 | K7: =IFERROR(VALUE(SUBSTITUTE(TRIM('수출입 총괄'!I11),",","")),"") -> 6915946
A8: =TRIM('수출입 총괄'!A12) -> 2025.06 | B8: =IFERROR(VALUE(LEFT(A8,4)),"") -> 2025 | C8: =IFERROR(VALUE(RIGHT(A8,2)),"") -> 6 | D8: =IFERROR(VALUE(SUBSTITUTE(TRIM('수출입 총괄'!B12),",","")),"") -> 21 | E8: =IFERROR(VALUE(SUBSTITUTE(TRIM('수출입 총괄'!C12),",","")),"") -> 1328545 | F8: =IFERROR(VALUE(SUBSTITUTE(TRIM('수출입 총괄'!D12),",","")),"") -> 16221157 | G8: =IFERROR(VALUE(SUBSTITUTE(TRIM('수출입 총괄'!E12),",","")),"") -> 59833797 | H8: =IFERROR(VALUE(SUBSTITUTE(TRIM('수출입 총괄'!F12),",","")),"") -> 4272361 | I8: =IFERROR(VALUE(SUBSTITUTE(TRIM('수출입 총괄'!G12),",","")),"") -> 42728885 | J8: =IFERROR(VALUE(SUBSTITUTE(TRIM('수출입 총괄'!H12),",","")),"") -> 50825746 | K8: =IFERROR(VALUE(SUBSTITUTE(TRIM('수출입 총괄'!I12),",","")),"") -> 9008051
A9: =TRIM('수출입 총괄'!A13) -> 2025.07 | B9: =IFERROR(VALUE(LEFT(A9,4)),"") -> 2025 | C9: =IFERROR(VALUE(RIGHT(A9,2)),"") -> 7 | D9: =IFERROR(VALUE(SUBSTITUTE(TRIM('수출입 총괄'!B13),",","")),"") -> 25 | E9: =IFERROR(VALUE(SUBSTITUTE(TRIM('수출입 총괄'!C13),",","")),"") -> 1177196 | F9: =IFERROR(VALUE(SUBSTITUTE(TRIM('수출입 총괄'!D13),",","")),"") -> 17580838 | G9: =IFERROR(VALUE(SUBSTITUTE(TRIM('수출입 총괄'!E13),",","")),"") -> 60724322 | H9: =IFERROR(VALUE(SUBSTITUTE(TRIM('수출입 총괄'!F13),",","")),"") -> 4754616 | I9: =IFERROR(VALUE(SUBSTITUTE(TRIM('수출입 총괄'!G13),",","")),"") -> 47540216 | J9: =IFERROR(VALUE(SUBSTITUTE(TRIM('수출입 총괄'!H13),",","")),"") -> 54210371 | K9: =IFERROR(VALUE(SUBSTITUTE(TRIM('수출입 총괄'!I13),",","")),"") -> 6513951
A10: =TRIM('수출입 총괄'!A14) -> 2025.08 | B10: =IFERROR(VALUE(LEFT(A10,4)),"") -> 2025 | C10: =IFERROR(VALUE(RIGHT(A10,2)),"") -> 8 | D10: =IFERROR(VALUE(SUBSTITUTE(TRIM('수출입 총괄'!B14),",","")),"") -> 22.5 | E10: =IFERROR(VALUE(SUBSTITUTE(TRIM('수출입 총괄'!C14),",","")),"") -> 1058881 | F10: =IFERROR(VALUE(SUBSTITUTE(TRIM('수출입 총괄'!D14),",","")),"") -> 17118674 | G10: =IFERROR(VALUE(SUBSTITUTE(TRIM('수출입 총괄'!E14),",","")),"") -> 58259332 | H10: =IFERROR(VALUE(SUBSTITUTE(TRIM('수출입 총괄'!F14),",","")),"") -> 4524180 | I10: =IFERROR(VALUE(SUBSTITUTE(TRIM('수출입 총괄'!G14),",","")),"") -> 48641921 | J10: =IFERROR(VALUE(SUBSTITUTE(TRIM('수출입 총괄'!H14),",","")),"") -> 51856624 | K10: =IFERROR(VALUE(SUBSTITUTE(TRIM('수출입 총괄'!I14),",","")),"") -> 6402708
A11: =TRIM('수출입 총괄'!A15) -> 2025.09 | B11: =IFERROR(VALUE(LEFT(A11,4)),"") -> 2025 | C11: =IFERROR(VALUE(RIGHT(A11,2)),"") -> 9 | D11: =IFERROR(VALUE(SUBSTITUTE(TRIM('수출입 총괄'!B15),",","")),"") -> 24 | E11: =IFERROR(VALUE(SUBSTITUTE(TRIM('수출입 총괄'!C15),",","")),"") -> 1451822 | F11: =IFERROR(VALUE(SUBSTITUTE(TRIM('수출입 총괄'!D15),",","")),"") -> 18076703 | G11: =IFERROR(VALUE(SUBSTITUTE(TRIM('수출입 총괄'!E15),",","")),"") -> 65904118 | H11: =IFERROR(VALUE(SUBSTITUTE(TRIM('수출입 총괄'!F15),",","")),"") -> 4986893 | I11: =IFERROR(VALUE(SUBSTITUTE(TRIM('수출입 총괄'!G15),",","")),"") -> 47278338 | J11: =IFERROR(VALUE(SUBSTITUTE(TRIM('수출입 총괄'!H15),",","")),"") -> 56419614 | K11: =IFERROR(VALUE(SUBSTITUTE(TRIM('수출입 총괄'!I15),",","")),"") -> 9484504
A12: =TRIM('수출입 총괄'!A16) -> 2025.10 | B12: =IFERROR(VALUE(LEFT(A12,4)),"") -> 2025 | C12: =IFERROR(VALUE(RIGHT(A12,2)),"") -> 10 | D12: =IFERROR(VALUE(SUBSTITUTE(TRIM('수출입 총괄'!B16),",","")),"") -> 20 | E12: =IFERROR(VALUE(SUBSTITUTE(TRIM('수출입 총괄'!C16),",","")),"") -> 1040165 | F12: =IFERROR(VALUE(SUBSTITUTE(TRIM('수출입 총괄'!D16),",","")),"") -> 16017318 | G12: =IFERROR(VALUE(SUBSTITUTE(TRIM('수출입 총괄'!E16),",","")),"") -> 59511578 | H12: =IFERROR(VALUE(SUBSTITUTE(TRIM('수출입 총괄'!F16),",","")),"") -> 4655160 | I12: =IFERROR(VALUE(SUBSTITUTE(TRIM('수출입 총괄'!G16),",","")),"") -> 47575894 | J12: =IFERROR(VALUE(SUBSTITUTE(TRIM('수출입 총괄'!H16),",","")),"") -> 53510827 | K12: =IFERROR(VALUE(SUBSTITUTE(TRIM('수출입 총괄'!I16),",","")),"") -> 6000751
A13: =TRIM('수출입 총괄'!A17) -> 2025.11 | B13: =IFERROR(VALUE(LEFT(A13,4)),"") -> 2025 | C13: =IFERROR(VALUE(RIGHT(A13,2)),"") -> 11 | D13: =IFERROR(VALUE(SUBSTITUTE(TRIM('수출입 총괄'!B17),",","")),"") -> 22.5 | E13: =IFERROR(VALUE(SUBSTITUTE(TRIM('수출입 총괄'!C17),",","")),"") -> 1152460 | F13: =IFERROR(VALUE(SUBSTITUTE(TRIM('수출입 총괄'!D17),",","")),"") -> 14605096 | G13: =IFERROR(VALUE(SUBSTITUTE(TRIM('수출입 총괄'!E17),",","")),"") -> 60752618 | H13: =IFERROR(VALUE(SUBSTITUTE(TRIM('수출입 총괄'!F17),",","")),"") -> 4883281 | I13: =IFERROR(VALUE(SUBSTITUTE(TRIM('수출입 총괄'!G17),",","")),"") -> 43553039 | J13: =IFERROR(VALUE(SUBSTITUTE(TRIM('수출입 총괄'!H17),",","")),"") -> 51284605 | K13: =IFERROR(VALUE(SUBSTITUTE(TRIM('수출입 총괄'!I17),",","")),"") -> 9468013
A14: =TRIM('수출입 총괄'!A18) -> 2025.12 | B14: =IFERROR(VALUE(LEFT(A14,4)),"") -> 2025 | C14: =IFERROR(VALUE(RIGHT(A14,2)),"") -> 12 | D14: =IFERROR(VALUE(SUBSTITUTE(TRIM('수출입 총괄'!B18),",","")),"") -> 24 | E14: =IFERROR(VALUE(SUBSTITUTE(TRIM('수출입 총괄'!C18),",","")),"") -> 1275309 | F14: =IFERROR(VALUE(SUBSTITUTE(TRIM('수출입 총괄'!D18),",","")),"") -> 17977896 | G14: =IFERROR(VALUE(SUBSTITUTE(TRIM('수출입 총괄'!E18),",","")),"") -> 69513624 | H14: =IFERROR(VALUE(SUBSTITUTE(TRIM('수출입 총괄'!F18),",","")),"") -> 4883706 | I14: =IFERROR(VALUE(SUBSTITUTE(TRIM('수출입 총괄'!G18),",","")),"") -> 47510406 | J14: =IFERROR(VALUE(SUBSTITUTE(TRIM('수출입 총괄'!H18),",","")),"") -> 57367684 | K14: =IFERROR(VALUE(SUBSTITUTE(TRIM('수출입 총괄'!I18),",","")),"") -> 12145941
... A21: =TRIM('수출입 총괄'!A25) -> 2026.07 | B21: =IFERROR(VALUE(LEFT(A21,4)),"") -> 2026 | C21: =IFERROR(VALUE(RIGHT(A21,2)),"") -> 7 | D21: =IFERROR(VALUE(SUBSTITUTE(TRIM('수출입 총괄'!B25),",","")),"") -> 24 | E21: =IFERROR(VALUE(SUBSTITUTE(TRIM('수출입 총괄'!C25),",","")),"") -> 1111934 | F21: =IFERROR(VALUE(SUBSTITUTE(TRIM('수출입 총괄'!D25),",","")),"") -> 17660681 | G21: =IFERROR(VALUE(SUBSTITUTE(TRIM('수출입 총괄'!E25),",","")),"") -> 98959099 | H21: =IFERROR(VALUE(SUBSTITUTE(TRIM('수출입 총괄'!F25),",","")),"") -> 5158848 | I21: =IFERROR(VALUE(SUBSTITUTE(TRIM('수출입 총괄'!G25),",","")),"") -> 51144176 | J21: =IFERROR(VALUE(SUBSTITUTE(TRIM('수출입 총괄'!H25),",","")),"") -> 68567473 | K21: =IFERROR(VALUE(SUBSTITUTE(TRIM('수출입 총괄'!I25),",","")),"") -> 30391625

Sheet 데이터_성질별
A1: 이 시트의 모든 셀은 원본 시트를 참조하는 수식입니다. 원본은 숫자가 텍스트(쉼표 포함)로 저장되어 있어 VALUE/SUBSTITUTE로 숫자화했습니다. 직접 입력하지 마세요.
A2: 기간 | B2: 연도 | C2: 월 | D2: 성질명 | E2: 수출 중량 | F2: 수출 금액
A3: =TRIM('수출입 실적(성질별)'!A7) -> 2025.01 | B3: =IFERROR(VALUE(LEFT(A3,4)),"") -> 2025 | C3: =IFERROR(VALUE(RIGHT(A3,2)),"") -> 1 | D3: =TRIM('수출입 실적(성질별)'!C7) -> 1. 식료 및 직접소비재 | E3: =IFERROR(VALUE(SUBSTITUTE(TRIM('수출입 실적(성질별)'!D7),",","")),"") -> 291911 | F3: =IFERROR(VALUE(SUBSTITUTE(TRIM('수출입 실적(성질별)'!E7),",","")),"") -> 845494
A4: =TRIM('수출입 실적(성질별)'!A8) -> 2025.01 | B4: =IFERROR(VALUE(LEFT(A4,4)),"") -> 2025 | C4: =IFERROR(VALUE(RIGHT(A4,2)),"") -> 1 | D4: =TRIM('수출입 실적(성질별)'!C8) -> 2. 원료 및 연료 | E4: =IFERROR(VALUE(SUBSTITUTE(TRIM('수출입 실적(성질별)'!D8),",","")),"") -> 5564057.8 | F4: =IFERROR(VALUE(SUBSTITUTE(TRIM('수출입 실적(성질별)'!E8),",","")),"") -> 4217118
A5: =TRIM('수출입 실적(성질별)'!A9) -> 2025.01 | B5: =IFERROR(VALUE(LEFT(A5,4)),"") -> 2025 | C5: =IFERROR(VALUE(RIGHT(A5,2)),"") -> 1 | D5: =TRIM('수출입 실적(성질별)'!C9) -> 3. 경공업품 | E5: =IFERROR(VALUE(SUBSTITUTE(TRIM('수출입 실적(성질별)'!D9),",","")),"") -> 850551.9 | F5: =IFERROR(VALUE(SUBSTITUTE(TRIM('수출입 실적(성질별)'!E9),",","")),"") -> 2443890
A6: =TRIM('수출입 실적(성질별)'!A10) -> 2025.01 | B6: =IFERROR(VALUE(LEFT(A6,4)),"") -> 2025 | C6: =IFERROR(VALUE(RIGHT(A6,2)),"") -> 1 | D6: =TRIM('수출입 실적(성질별)'!C10) -> 가. 섬유원료 | E6: =IFERROR(VALUE(SUBSTITUTE(TRIM('수출입 실적(성질별)'!D10),",","")),"") -> 51662 | F6: =IFERROR(VALUE(SUBSTITUTE(TRIM('수출입 실적(성질별)'!E10),",","")),"") -> 77004
A7: =TRIM('수출입 실적(성질별)'!A11) -> 2025.01 | B7: =IFERROR(VALUE(LEFT(A7,4)),"") -> 2025 | C7: =IFERROR(VALUE(RIGHT(A7,2)),"") -> 1 | D7: =TRIM('수출입 실적(성질별)'!C11) -> 나. 섬유사 | E7: =IFERROR(VALUE(SUBSTITUTE(TRIM('수출입 실적(성질별)'!D11),",","")),"") -> 17074.6 | F7: =IFERROR(VALUE(SUBSTITUTE(TRIM('수출입 실적(성질별)'!E11),",","")),"") -> 58470
A8: =TRIM('수출입 실적(성질별)'!A12) -> 2025.01 | B8: =IFERROR(VALUE(LEFT(A8,4)),"") -> 2025 | C8: =IFERROR(VALUE(RIGHT(A8,2)),"") -> 1 | D8: =TRIM('수출입 실적(성질별)'!C12) -> 다. 직 물 | E8: =IFERROR(VALUE(SUBSTITUTE(TRIM('수출입 실적(성질별)'!D12),",","")),"") -> 27683.3 | F8: =IFERROR(VALUE(SUBSTITUTE(TRIM('수출입 실적(성질별)'!E12),",","")),"") -> 259146
A9: =TRIM('수출입 실적(성질별)'!A13) -> 2025.01 | B9: =IFERROR(VALUE(LEFT(A9,4)),"") -> 2025 | C9: =IFERROR(VALUE(RIGHT(A9,2)),"") -> 1 | D9: =TRIM('수출입 실적(성질별)'!C13) -> 라. 기타 섬유제품 | E9: =IFERROR(VALUE(SUBSTITUTE(TRIM('수출입 실적(성질별)'!D13),",","")),"") -> 19915.9 | F9: =IFERROR(VALUE(SUBSTITUTE(TRIM('수출입 실적(성질별)'!E13),",","")),"") -> 158212
A10: =TRIM('수출입 실적(성질별)'!A14) -> 2025.01 | B10: =IFERROR(VALUE(LEFT(A10,4)),"") -> 2025 | C10: =IFERROR(VALUE(RIGHT(A10,2)),"") -> 1 | D10: =TRIM('수출입 실적(성질별)'!C14) -> 마. 의 류 | E10: =IFERROR(VALUE(SUBSTITUTE(TRIM('수출입 실적(성질별)'!D14),",","")),"") -> 4976.6 | F10: =IFERROR(VALUE(SUBSTITUTE(TRIM('수출입 실적(성질별)'!E14),",","")),"") -> 125396
A11: =TRIM('수출입 실적(성질별)'!A15) -> 2025.01 | B11: =IFERROR(VALUE(LEFT(A11,4)),"") -> 2025 | C11: =IFERROR(VALUE(RIGHT(A11,2)),"") -> 1 | D11: =TRIM('수출입 실적(성질별)'!C15) -> 바. 목제품 | E11: =IFERROR(VALUE(SUBSTITUTE(TRIM('수출입 실적(성질별)'!D15),",","")),"") -> 14907.5 | F11: =IFERROR(VALUE(SUBSTITUTE(TRIM('수출입 실적(성질별)'!E15),",","")),"") -> 81070
A12: =TRIM('수출입 실적(성질별)'!A16) -> 2025.01 | B12: =IFERROR(VALUE(LEFT(A12,4)),"") -> 2025 | C12: =IFERROR(VALUE(RIGHT(A12,2)),"") -> 1 | D12: =TRIM('수출입 실적(성질별)'!C16) -> 사. 가죽, 고무 및 신발류 | E12: =IFERROR(VALUE(SUBSTITUTE(TRIM('수출입 실적(성질별)'!D16),",","")),"") -> 70212.9 | F12: =IFERROR(VALUE(SUBSTITUTE(TRIM('수출입 실적(성질별)'!E16),",","")),"") -> 381884
A13: =TRIM('수출입 실적(성질별)'!A17) -> 2025.01 | B13: =IFERROR(VALUE(LEFT(A13,4)),"") -> 2025 | C13: =IFERROR(VALUE(RIGHT(A13,2)),"") -> 1 | D13: =TRIM('수출입 실적(성질별)'!C17) -> 아. 귀금속 및 보석류 | E13: =IFERROR(VALUE(SUBSTITUTE(TRIM('수출입 실적(성질별)'!D17),",","")),"") -> 388.5 | F13: =IFERROR(VALUE(SUBSTITUTE(TRIM('수출입 실적(성질별)'!E17),",","")),"") -> 267386
A14: =TRIM('수출입 실적(성질별)'!A18) -> 2025.01 | B14: =IFERROR(VALUE(LEFT(A14,4)),"") -> 2025 | C14: =IFERROR(VALUE(RIGHT(A14,2)),"") -> 1 | D14: =TRIM('수출입 실적(성질별)'!C18) -> 자. 기타 비금속 광물제품 | E14: =IFERROR(VALUE(SUBSTITUTE(TRIM('수출입 실적(성질별)'!D18),",","")),"") -> 312313.3 | F14: =IFERROR(VALUE(SUBSTITUTE(TRIM('수출입 실적(성질별)'!E18),",","")),"") -> 192040
... A401: =TRIM('수출입 실적(성질별)'!A405) -> 2026.07 | B401: =IFERROR(VALUE(LEFT(A401,4)),"") -> 2026 | C401: =IFERROR(VALUE(RIGHT(A401,2)),"") -> 7 | D401: =TRIM('수출입 실적(성질별)'!C405) -> 바. 기 타 | E401: =IFERROR(VALUE(SUBSTITUTE(TRIM('수출입 실적(성질별)'!D405),",","")),"") -> 89360.5 | F401: =IFERROR(VALUE(SUBSTITUTE(TRIM('수출입 실적(성질별)'!E405),",","")),"") -> 2725433

Sheet 데이터_신성질별
A1: 이 시트의 모든 셀은 원본 시트를 참조하는 수식입니다. 원본은 숫자가 텍스트(쉼표 포함)로 저장되어 있어 VALUE/SUBSTITUTE로 숫자화했습니다. 직접 입력하지 마세요.
A2: 기간 | B2: 연도 | C2: 월 | D2: 신성질명 | E2: 수출 중량 | F2: 수출 금액 | G2: 수입 중량 | H2: 수입 금액
A3: =TRIM('수출입 실적(신성질별)'!A7) -> 2025.01 | B3: =IFERROR(VALUE(LEFT(A3,4)),"") -> 2025 | C3: =IFERROR(VALUE(RIGHT(A3,2)),"") -> 1 | D3: =TRIM('수출입 실적(신성질별)'!B7) -> 1.소비재 | E3: =IFERROR(VALUE(SUBSTITUTE(TRIM('수출입 실적(신성질별)'!C7),",","")),"") -> 775717.7 | F3: =IFERROR(VALUE(SUBSTITUTE(TRIM('수출입 실적(신성질별)'!D7),",","")),"") -> 6837296 | G3: =IFERROR(VALUE(SUBSTITUTE(TRIM('수출입 실적(신성질별)'!E7),",","")),"") -> 2095799.4 | H3: =IFERROR(VALUE(SUBSTITUTE(TRIM('수출입 실적(신성질별)'!F7),",","")),"") -> 6754074
A4: =TRIM('수출입 실적(신성질별)'!A8) -> 2025.01 | B4: =IFERROR(VALUE(LEFT(A4,4)),"") -> 2025 | C4: =IFERROR(VALUE(RIGHT(A4,2)),"") -> 1 | D4: =TRIM('수출입 실적(신성질별)'!B8) -> 가.직접소비재 | E4: =IFERROR(VALUE(SUBSTITUTE(TRIM('수출입 실적(신성질별)'!C8),",","")),"") -> 218831.1 | F4: =IFERROR(VALUE(SUBSTITUTE(TRIM('수출입 실적(신성질별)'!D8),",","")),"") -> 769987 | G4: =IFERROR(VALUE(SUBSTITUTE(TRIM('수출입 실적(신성질별)'!E8),",","")),"") -> 1737509.5 | H4: =IFERROR(VALUE(SUBSTITUTE(TRIM('수출입 실적(신성질별)'!F8),",","")),"") -> 2716917
A5: =TRIM('수출입 실적(신성질별)'!A9) -> 2025.01 | B5: =IFERROR(VALUE(LEFT(A5,4)),"") -> 2025 | C5: =IFERROR(VALUE(RIGHT(A5,2)),"") -> 1 | D5: =TRIM('수출입 실적(신성질별)'!B9) -> 나.내구소비재 | E5: =IFERROR(VALUE(SUBSTITUTE(TRIM('수출입 실적(신성질별)'!C9),",","")),"") -> 416256.9 | F5: =IFERROR(VALUE(SUBSTITUTE(TRIM('수출입 실적(신성질별)'!D9),",","")),"") -> 4694972 | G5: =IFERROR(VALUE(SUBSTITUTE(TRIM('수출입 실적(신성질별)'!E9),",","")),"") -> 202111.2 | H5: =IFERROR(VALUE(SUBSTITUTE(TRIM('수출입 실적(신성질별)'!F9),",","")),"") -> 1801934
A6: =TRIM('수출입 실적(신성질별)'!A10) -> 2025.01 | B6: =IFERROR(VALUE(LEFT(A6,4)),"") -> 2025 | C6: =IFERROR(VALUE(RIGHT(A6,2)),"") -> 1 | D6: =TRIM('수출입 실적(신성질별)'!B10) -> 다.비내구소비재 | E6: =IFERROR(VALUE(SUBSTITUTE(TRIM('수출입 실적(신성질별)'!C10),",","")),"") -> 137978.4 | F6: =IFERROR(VALUE(SUBSTITUTE(TRIM('수출입 실적(신성질별)'!D10),",","")),"") -> 1369159 | G6: =IFERROR(VALUE(SUBSTITUTE(TRIM('수출입 실적(신성질별)'!E10),",","")),"") -> 156178.8 | H6: =IFERROR(VALUE(SUBSTITUTE(TRIM('수출입 실적(신성질별)'!F10),",","")),"") -> 2235223
A7: =TRIM('수출입 실적(신성질별)'!A11) -> 2025.01 | B7: =IFERROR(VALUE(LEFT(A7,4)),"") -> 2025 | C7: =IFERROR(VALUE(RIGHT(A7,2)),"") -> 1 | D7: =TRIM('수출입 실적(신성질별)'!B11) -> 라.간이세율적용분 | E7: =IFERROR(VALUE(SUBSTITUTE(TRIM('수출입 실적(신성질별)'!C11),",","")),"") -> 2651.3 | F7: =IFERROR(VALUE(SUBSTITUTE(TRIM('수출입 실적(신성질별)'!D11),",","")),"") -> 3178 | G7: =IFERROR(VALUE(SUBSTITUTE(TRIM('수출입 실적(신성질별)'!E11),",","")),"") -> 0 | H7: =IFERROR(VALUE(SUBSTITUTE(TRIM('수출입 실적(신성질별)'!F11),",","")),"") -> 0
A8: =TRIM('수출입 실적(신성질별)'!A12) -> 2025.01 | B8: =IFERROR(VALUE(LEFT(A8,4)),"") -> 2025 | C8: =IFERROR(VALUE(RIGHT(A8,2)),"") -> 1 | D8: =TRIM('수출입 실적(신성질별)'!B12) -> 2.원자재 | E8: =IFERROR(VALUE(SUBSTITUTE(TRIM('수출입 실적(신성질별)'!C12),",","")),"") -> 12560804 | F8: =IFERROR(VALUE(SUBSTITUTE(TRIM('수출입 실적(신성질별)'!D12),",","")),"") -> 14770147 | G8: =IFERROR(VALUE(SUBSTITUTE(TRIM('수출입 실적(신성질별)'!E12),",","")),"") -> 45022914 | H8: =IFERROR(VALUE(SUBSTITUTE(TRIM('수출입 실적(신성질별)'!F12),",","")),"") -> 25300265
A9: =TRIM('수출입 실적(신성질별)'!A13) -> 2025.01 | B9: =IFERROR(VALUE(LEFT(A9,4)),"") -> 2025 | C9: =IFERROR(VALUE(RIGHT(A9,2)),"") -> 1 | D9: =TRIM('수출입 실적(신성질별)'!B13) -> 가.동식물성 연·원료 | E9: =IFERROR(VALUE(SUBSTITUTE(TRIM('수출입 실적(신성질별)'!C13),",","")),"") -> 339279.8 | F9: =IFERROR(VALUE(SUBSTITUTE(TRIM('수출입 실적(신성질별)'!D13),",","")),"") -> 419822 | G9: =IFERROR(VALUE(SUBSTITUTE(TRIM('수출입 실적(신성질별)'!E13),",","")),"") -> 2705305.3 | H9: =IFERROR(VALUE(SUBSTITUTE(TRIM('수출입 실적(신성질별)'!F13),",","")),"") -> 1396963
A10: =TRIM('수출입 실적(신성질별)'!A14) -> 2025.01 | B10: =IFERROR(VALUE(LEFT(A10,4)),"") -> 2025 | C10: =IFERROR(VALUE(RIGHT(A10,2)),"") -> 1 | D10: =TRIM('수출입 실적(신성질별)'!B14) -> 나.섬유류 | E10: =IFERROR(VALUE(SUBSTITUTE(TRIM('수출입 실적(신성질별)'!C14),",","")),"") -> 110571.4 | F10: =IFERROR(VALUE(SUBSTITUTE(TRIM('수출입 실적(신성질별)'!D14),",","")),"") -> 522157 | G10: =IFERROR(VALUE(SUBSTITUTE(TRIM('수출입 실적(신성질별)'!E14),",","")),"") -> 98221 | H10: =IFERROR(VALUE(SUBSTITUTE(TRIM('수출입 실적(신성질별)'!F14),",","")),"") -> 300209
A11: =TRIM('수출입 실적(신성질별)'!A15) -> 2025.01 | B11: =IFERROR(VALUE(LEFT(A11,4)),"") -> 2025 | C11: =IFERROR(VALUE(RIGHT(A11,2)),"") -> 1 | D11: =TRIM('수출입 실적(신성질별)'!B15) -> 다.광산물 | E11: =IFERROR(VALUE(SUBSTITUTE(TRIM('수출입 실적(신성질별)'!C15),",","")),"") -> 5415324.4 | F11: =IFERROR(VALUE(SUBSTITUTE(TRIM('수출입 실적(신성질별)'!D15),",","")),"") -> 4080925 | G11: =IFERROR(VALUE(SUBSTITUTE(TRIM('수출입 실적(신성질별)'!E15),",","")),"") -> 38763299 | H11: =IFERROR(VALUE(SUBSTITUTE(TRIM('수출입 실적(신성질별)'!F15),",","")),"") -> 16767335
A12: =TRIM('수출입 실적(신성질별)'!A16) -> 2025.01 | B12: =IFERROR(VALUE(LEFT(A12,4)),"") -> 2025 | C12: =IFERROR(VALUE(RIGHT(A12,2)),"") -> 1 | D12: =TRIM('수출입 실적(신성질별)'!B16) -> 라.철강 및 금속제품 | E12: =IFERROR(VALUE(SUBSTITUTE(TRIM('수출입 실적(신성질별)'!C16),",","")),"") -> 2638368 | F12: =IFERROR(VALUE(SUBSTITUTE(TRIM('수출입 실적(신성질별)'!D16),",","")),"") -> 3130056 | G12: =IFERROR(VALUE(SUBSTITUTE(TRIM('수출입 실적(신성질별)'!E16),",","")),"") -> 1571574.4 | H12: =IFERROR(VALUE(SUBSTITUTE(TRIM('수출입 실적(신성질별)'!F16),",","")),"") -> 2485479
A13: =TRIM('수출입 실적(신성질별)'!A17) -> 2025.01 | B13: =IFERROR(VALUE(LEFT(A13,4)),"") -> 2025 | C13: =IFERROR(VALUE(RIGHT(A13,2)),"") -> 1 | D13: =TRIM('수출입 실적(신성질별)'!B17) -> 마.화학공업제품 | E13: =IFERROR(VALUE(SUBSTITUTE(TRIM('수출입 실적(신성질별)'!C17),",","")),"") -> 4054430.2 | F13: =IFERROR(VALUE(SUBSTITUTE(TRIM('수출입 실적(신성질별)'!D17),",","")),"") -> 6605881 | G13: =IFERROR(VALUE(SUBSTITUTE(TRIM('수출입 실적(신성질별)'!E17),",","")),"") -> 1881480.5 | H13: =IFERROR(VALUE(SUBSTITUTE(TRIM('수출입 실적(신성질별)'!F17),",","")),"") -> 4343104
A14: =TRIM('수출입 실적(신성질별)'!A18) -> 2025.01 | B14: =IFERROR(VALUE(LEFT(A14,4)),"") -> 2025 | C14: =IFERROR(VALUE(RIGHT(A14,2)),"") -> 1 | D14: =TRIM('수출입 실적(신성질별)'!B18) -> 바.기타 원자재 | E14: =IFERROR(VALUE(SUBSTITUTE(TRIM('수출입 실적(신성질별)'!C18),",","")),"") -> 2830.1 | F14: =IFERROR(VALUE(SUBSTITUTE(TRIM('수출입 실적(신성질별)'!D18),",","")),"") -> 11305 | G14: =IFERROR(VALUE(SUBSTITUTE(TRIM('수출입 실적(신성질별)'!E18),",","")),"") -> 3033.2 | H14: =IFERROR(VALUE(SUBSTITUTE(TRIM('수출입 실적(신성질별)'!F18),",","")),"") -> 7176
... A325: =TRIM('수출입 실적(신성질별)'!A329) -> 2026.07 | B325: =IFERROR(VALUE(LEFT(A325,4)),"") -> 2026 | C325: =IFERROR(VALUE(RIGHT(A325,2)),"") -> 7 | D325: =TRIM('수출입 실적(신성질별)'!B329) -> 라.IT부품 | E325: =IFERROR(VALUE(SUBSTITUTE(TRIM('수출입 실적(신성질별)'!C329),",","")),"") -> 33481.3 | F325: =IFERROR(VALUE(SUBSTITUTE(TRIM('수출입 실적(신성질별)'!D329),",","")),"") -> 42761535 | G325: =IFERROR(VALUE(SUBSTITUTE(TRIM('수출입 실적(신성질별)'!E329),",","")),"") -> 33712.5 | H325: =IFERROR(VALUE(SUBSTITUTE(TRIM('수출입 실적(신성질별)'!F329),",","")),"") -> 11667986

Sheet 데이터_품목별
A1: 이 시트의 모든 셀은 원본 시트를 참조하는 수식입니다. 원본은 숫자가 텍스트(쉼표 포함)로 저장되어 있어 VALUE/SUBSTITUTE로 숫자화했습니다. 직접 입력하지 마세요.
A2: 기간 | B2: 연도 | C2: 월 | D2: HS코드 | E2: 품목명 | F2: 수출 금액 | G2: 수입 금액 | H2: 무역수지
A3: =TRIM('수출입 실적(품목별)'!A7) -> 2025.01 | B3: =IFERROR(VALUE(LEFT(A3,4)),"") -> 2025 | C3: =IFERROR(VALUE(RIGHT(A3,2)),"") -> 1 | D3: =TRIM('수출입 실적(품목별)'!B7) -> 01 | E3: =TRIM('수출입 실적(품목별)'!C7) -> 살아 있는 동물 | F3: =IFERROR(VALUE(SUBSTITUTE(TRIM('수출입 실적(품목별)'!E7),",","")),"") -> 511 | G3: =IFERROR(VALUE(SUBSTITUTE(TRIM('수출입 실적(품목별)'!G7),",","")),"") -> 4460 | H3: =IFERROR(VALUE(SUBSTITUTE(TRIM('수출입 실적(품목별)'!H7),",","")),"") -> -3948
A4: =TRIM('수출입 실적(품목별)'!A8) -> 2025.01 | B4: =IFERROR(VALUE(LEFT(A4,4)),"") -> 2025 | C4: =IFERROR(VALUE(RIGHT(A4,2)),"") -> 1 | D4: =TRIM('수출입 실적(품목별)'!B8) -> 02 | E4: =TRIM('수출입 실적(품목별)'!C8) -> 육과 식용 설육(屑肉) | F4: =IFERROR(VALUE(SUBSTITUTE(TRIM('수출입 실적(품목별)'!E8),",","")),"") -> 5868 | G4: =IFERROR(VALUE(SUBSTITUTE(TRIM('수출입 실적(품목별)'!G8),",","")),"") -> 728984 | H4: =IFERROR(VALUE(SUBSTITUTE(TRIM('수출입 실적(품목별)'!H8),",","")),"") -> -723116
A5: =TRIM('수출입 실적(품목별)'!A9) -> 2025.01 | B5: =IFERROR(VALUE(LEFT(A5,4)),"") -> 2025 | C5: =IFERROR(VALUE(RIGHT(A5,2)),"") -> 1 | D5: =TRIM('수출입 실적(품목별)'!B9) -> 03 | E5: =TRIM('수출입 실적(품목별)'!C9) -> 어류ㆍ갑각류ㆍ연체동물과 그 밖의 수생(水生) 무척추동물 | F5: =IFERROR(VALUE(SUBSTITUTE(TRIM('수출입 실적(품목별)'!E9),",","")),"") -> 98077 | G5: =IFERROR(VALUE(SUBSTITUTE(TRIM('수출입 실적(품목별)'!G9),",","")),"") -> 406964 | H5: =IFERROR(VALUE(SUBSTITUTE(TRIM('수출입 실적(품목별)'!H9),",","")),"") -> -308888
A6: =TRIM('수출입 실적(품목별)'!A10) -> 2025.01 | B6: =IFERROR(VALUE(LEFT(A6,4)),"") -> 2025 | C6: =IFERROR(VALUE(RIGHT(A6,2)),"") -> 1 | D6: =TRIM('수출입 실적(품목별)'!B10) -> 04 | E6: =TRIM('수출입 실적(품목별)'!C10) -> 낙농품, 새의 알, 천연꿀, 다른 류로 분류되지 않은 식용인 동물성 생산품 | F6: =IFERROR(VALUE(SUBSTITUTE(TRIM('수출입 실적(품목별)'!E10),",","")),"") -> 6510 | G6: =IFERROR(VALUE(SUBSTITUTE(TRIM('수출입 실적(품목별)'!G10),",","")),"") -> 110511 | H6: =IFERROR(VALUE(SUBSTITUTE(TRIM('수출입 실적(품목별)'!H10),",","")),"") -> -104002
A7: =TRIM('수출입 실적(품목별)'!A11) -> 2025.01 | B7: =IFERROR(VALUE(LEFT(A7,4)),"") -> 2025 | C7: =IFERROR(VALUE(RIGHT(A7,2)),"") -> 1 | D7: =TRIM('수출입 실적(품목별)'!B11) -> 05 | E7: =TRIM('수출입 실적(품목별)'!C11) -> 다른 류로 분류되지 않은 동물성 생산품 | F7: =IFERROR(VALUE(SUBSTITUTE(TRIM('수출입 실적(품목별)'!E11),",","")),"") -> 2877 | G7: =IFERROR(VALUE(SUBSTITUTE(TRIM('수출입 실적(품목별)'!G11),",","")),"") -> 20120 | H7: =IFERROR(VALUE(SUBSTITUTE(TRIM('수출입 실적(품목별)'!H11),",","")),"") -> -17243
A8: =TRIM('수출입 실적(품목별)'!A12) -> 2025.01 | B8: =IFERROR(VALUE(LEFT(A8,4)),"") -> 2025 | C8: =IFERROR(VALUE(RIGHT(A8,2)),"") -> 1 | D8: =TRIM('수출입 실적(품목별)'!B12) -> 06 | E8: =TRIM('수출입 실적(품목별)'!C12) -> 살아 있는 수목과 그 밖의 식물, 인경(鱗莖)ㆍ뿌리와 이와 유사한 물품, 절화(切花)와 장식용 잎 | F8: =IFERROR(VALUE(SUBSTITUTE(TRIM('수출입 실적(품목별)'!E12),",","")),"") -> 418 | G8: =IFERROR(VALUE(SUBSTITUTE(TRIM('수출입 실적(품목별)'!G12),",","")),"") -> 13617 | H8: =IFERROR(VALUE(SUBSTITUTE(TRIM('수출입 실적(품목별)'!H12),",","")),"") -> -13199
A9: =TRIM('수출입 실적(품목별)'!A13) -> 2025.01 | B9: =IFERROR(VALUE(LEFT(A9,4)),"") -> 2025 | C9: =IFERROR(VALUE(RIGHT(A9,2)),"") -> 1 | D9: =TRIM('수출입 실적(품목별)'!B13) -> 07 | E9: =TRIM('수출입 실적(품목별)'!C13) -> 식용의 채소ㆍ뿌리ㆍ괴경(塊莖) | F9: =IFERROR(VALUE(SUBSTITUTE(TRIM('수출입 실적(품목별)'!E13),",","")),"") -> 9802 | G9: =IFERROR(VALUE(SUBSTITUTE(TRIM('수출입 실적(품목별)'!G13),",","")),"") -> 75650 | H9: =IFERROR(VALUE(SUBSTITUTE(TRIM('수출입 실적(품목별)'!H13),",","")),"") -> -65848
A10: =TRIM('수출입 실적(품목별)'!A14) -> 2025.01 | B10: =IFERROR(VALUE(LEFT(A10,4)),"") -> 2025 | C10: =IFERROR(VALUE(RIGHT(A10,2)),"") -> 1 | D10: =TRIM('수출입 실적(품목별)'!B14) -> 08 | E10: =TRIM('수출입 실적(품목별)'!C14) -> 식용의 과실과 견과류, 감귤류ㆍ멜론의 껍질 | F10: =IFERROR(VALUE(SUBSTITUTE(TRIM('수출입 실적(품목별)'!E14),",","")),"") -> 26837 | G10: =IFERROR(VALUE(SUBSTITUTE(TRIM('수출입 실적(품목별)'!G14),",","")),"") -> 144994 | H10: =IFERROR(VALUE(SUBSTITUTE(TRIM('수출입 실적(품목별)'!H14),",","")),"") -> -118157
A11: =TRIM('수출입 실적(품목별)'!A15) -> 2025.01 | B11: =IFERROR(VALUE(LEFT(A11,4)),"") -> 2025 | C11: =IFERROR(VALUE(RIGHT(A11,2)),"") -> 1 | D11: =TRIM('수출입 실적(품목별)'!B15) -> 09 | E11: =TRIM('수출입 실적(품목별)'!C15) -> 커피ㆍ차ㆍ마테(maté)ㆍ향신료 | F11: =IFERROR(VALUE(SUBSTITUTE(TRIM('수출입 실적(품목별)'!E15),",","")),"") -> 2706 | G11: =IFERROR(VALUE(SUBSTITUTE(TRIM('수출입 실적(품목별)'!G15),",","")),"") -> 109715 | H11: =IFERROR(VALUE(SUBSTITUTE(TRIM('수출입 실적(품목별)'!H15),",","")),"") -> -107009
A12: =TRIM('수출입 실적(품목별)'!A16) -> 2025.01 | B12: =IFERROR(VALUE(LEFT(A12,4)),"") -> 2025 | C12: =IFERROR(VALUE(RIGHT(A12,2)),"") -> 1 | D12: =TRIM('수출입 실적(품목별)'!B16) -> 10 | E12: =TRIM('수출입 실적(품목별)'!C16) -> 곡물 | F12: =IFERROR(VALUE(SUBSTITUTE(TRIM('수출입 실적(품목별)'!E16),",","")),"") -> 3159 | G12: =IFERROR(VALUE(SUBSTITUTE(TRIM('수출입 실적(품목별)'!G16),",","")),"") -> 363115 | H12: =IFERROR(VALUE(SUBSTITUTE(TRIM('수출입 실적(품목별)'!H16),",","")),"") -> -359956
A13: =TRIM('수출입 실적(품목별)'!A17) -> 2025.01 | B13: =IFERROR(VALUE(LEFT(A13,4)),"") -> 2025 | C13: =IFERROR(VALUE(RIGHT(A13,2)),"") -> 1 | D13: =TRIM('수출입 실적(품목별)'!B17) -> 11 | E13: =TRIM('수출입 실적(품목별)'!C17) -> 제분공업의 생산품과 맥아, 전분, 이눌린(inulin), 밀의 글루텐(gluten) | F13: =IFERROR(VALUE(SUBSTITUTE(TRIM('수출입 실적(품목별)'!E17),",","")),"") -> 3474 | G13: =IFERROR(VALUE(SUBSTITUTE(TRIM('수출입 실적(품목별)'!G17),",","")),"") -> 23263 | H13: =IFERROR(VALUE(SUBSTITUTE(TRIM('수출입 실적(품목별)'!H17),",","")),"") -> -19789
A14: =TRIM('수출입 실적(품목별)'!A18) -> 2025.01 | B14: =IFERROR(VALUE(LEFT(A14,4)),"") -> 2025 | C14: =IFERROR(VALUE(RIGHT(A14,2)),"") -> 1 | D14: =TRIM('수출입 실적(품목별)'!B18) -> 12 | E14: =TRIM('수출입 실적(품목별)'!C18) -> 채유(採油)에 적합한 종자와 과실, 각종 종자와 과실, 공업용ㆍ의약용 식물, 짚과 사료용 식물 | F14: =IFERROR(VALUE(SUBSTITUTE(TRIM('수출입 실적(품목별)'!E18),",","")),"") -> 53582 | G14: =IFERROR(VALUE(SUBSTITUTE(TRIM('수출입 실적(품목별)'!G18),",","")),"") -> 141767 | H14: =IFERROR(VALUE(SUBSTITUTE(TRIM('수출입 실적(품목별)'!H18),",","")),"") -> -88185
... A1828: =TRIM('수출입 실적(품목별)'!A1832) -> 2026.07 | B1828: =IFERROR(VALUE(LEFT(A1828,4)),"") -> 2026 | C1828: =IFERROR(VALUE(RIGHT(A1828,2)),"") -> 7 | D1828: =TRIM('수출입 실적(품목별)'!B1832) -> 97 | E1828: =TRIM('수출입 실적(품목별)'!C1832) -> 예술품ㆍ수집품ㆍ골동품 | F1828: =IFERROR(VALUE(SUBSTITUTE(TRIM('수출입 실적(품목별)'!E1832),",","")),"") -> 15110 | G1828: =IFERROR(VALUE(SUBSTITUTE(TRIM('수출입 실적(품목별)'!G1832),",","")),"") -> 20791 | H1828: =IFERROR(VALUE(SUBSTITUTE(TRIM('수출입 실적(품목별)'!H1832),",","")),"") -> -5681

Sheet 데이터_국가별
A1: 이 시트의 모든 셀은 원본 시트를 참조하는 수식입니다. 원본은 숫자가 텍스트(쉼표 포함)로 저장되어 있어 VALUE/SUBSTITUTE로 숫자화했습니다. 직접 입력하지 마세요.
A2: 기간 | B2: 연도 | C2: 월 | D2: 국가 | E2: 수출 금액 | F2: 수입 금액 | G2: 무역수지
A3: =TRIM('수출입 실적(국가별)'!A7) -> 2025.01 | B3: =IFERROR(VALUE(LEFT(A3,4)),"") -> 2025 | C3: =IFERROR(VALUE(RIGHT(A3,2)),"") -> 1 | D3: =TRIM('수출입 실적(국가별)'!B7) -> 미국 | E3: =IFERROR(VALUE(SUBSTITUTE(TRIM('수출입 실적(국가별)'!D7),",","")),"") -> 9282567 | F3: =IFERROR(VALUE(SUBSTITUTE(TRIM('수출입 실적(국가별)'!F7),",","")),"") -> 5839341 | G3: =IFERROR(VALUE(SUBSTITUTE(TRIM('수출입 실적(국가별)'!G7),",","")),"") -> 3443226
A4: =TRIM('수출입 실적(국가별)'!A8) -> 2025.01 | B4: =IFERROR(VALUE(LEFT(A4,4)),"") -> 2025 | C4: =IFERROR(VALUE(RIGHT(A4,2)),"") -> 1 | D4: =TRIM('수출입 실적(국가별)'!B8) -> 중국 | E4: =IFERROR(VALUE(SUBSTITUTE(TRIM('수출입 실적(국가별)'!D8),",","")),"") -> 9204172 | F4: =IFERROR(VALUE(SUBSTITUTE(TRIM('수출입 실적(국가별)'!F8),",","")),"") -> 11208793 | G4: =IFERROR(VALUE(SUBSTITUTE(TRIM('수출입 실적(국가별)'!G8),",","")),"") -> -2004621
A5: =TRIM('수출입 실적(국가별)'!A9) -> 2025.01 | B5: =IFERROR(VALUE(LEFT(A5,4)),"") -> 2025 | C5: =IFERROR(VALUE(RIGHT(A5,2)),"") -> 1 | D5: =TRIM('수출입 실적(국가별)'!B9) -> 베트남 | E5: =IFERROR(VALUE(SUBSTITUTE(TRIM('수출입 실적(국가별)'!D9),",","")),"") -> 4356972 | F5: =IFERROR(VALUE(SUBSTITUTE(TRIM('수출입 실적(국가별)'!F9),",","")),"") -> 2564727 | G5: =IFERROR(VALUE(SUBSTITUTE(TRIM('수출입 실적(국가별)'!G9),",","")),"") -> 1792245
A6: =TRIM('수출입 실적(국가별)'!A10) -> 2025.01 | B6: =IFERROR(VALUE(LEFT(A6,4)),"") -> 2025 | C6: =IFERROR(VALUE(RIGHT(A6,2)),"") -> 1 | D6: =TRIM('수출입 실적(국가별)'!B10) -> 대만 | E6: =IFERROR(VALUE(SUBSTITUTE(TRIM('수출입 실적(국가별)'!D10),",","")),"") -> 2438188 | F6: =IFERROR(VALUE(SUBSTITUTE(TRIM('수출입 실적(국가별)'!F10),",","")),"") -> 2227887 | G6: =IFERROR(VALUE(SUBSTITUTE(TRIM('수출입 실적(국가별)'!G10),",","")),"") -> 210301
A7: =TRIM('수출입 실적(국가별)'!A11) -> 2025.01 | B7: =IFERROR(VALUE(LEFT(A7,4)),"") -> 2025 | C7: =IFERROR(VALUE(RIGHT(A7,2)),"") -> 1 | D7: =TRIM('수출입 실적(국가별)'!B11) -> 일본 | E7: =IFERROR(VALUE(SUBSTITUTE(TRIM('수출입 실적(국가별)'!D11),",","")),"") -> 2363797 | F7: =IFERROR(VALUE(SUBSTITUTE(TRIM('수출입 실적(국가별)'!F11),",","")),"") -> 3587345 | G7: =IFERROR(VALUE(SUBSTITUTE(TRIM('수출입 실적(국가별)'!G11),",","")),"") -> -1223548
A8: =TRIM('수출입 실적(국가별)'!A12) -> 2025.01 | B8: =IFERROR(VALUE(LEFT(A8,4)),"") -> 2025 | C8: =IFERROR(VALUE(RIGHT(A8,2)),"") -> 1 | D8: =TRIM('수출입 실적(국가별)'!B12) -> 홍콩 | E8: =IFERROR(VALUE(SUBSTITUTE(TRIM('수출입 실적(국가별)'!D12),",","")),"") -> 1685484 | F8: =IFERROR(VALUE(SUBSTITUTE(TRIM('수출입 실적(국가별)'!F12),",","")),"") -> 183373 | G8: =IFERROR(VALUE(SUBSTITUTE(TRIM('수출입 실적(국가별)'!G12),",","")),"") -> 1502111
A9: =TRIM('수출입 실적(국가별)'!A13) -> 2025.01 | B9: =IFERROR(VALUE(LEFT(A9,4)),"") -> 2025 | C9: =IFERROR(VALUE(RIGHT(A9,2)),"") -> 1 | D9: =TRIM('수출입 실적(국가별)'!B13) -> 인도 | E9: =IFERROR(VALUE(SUBSTITUTE(TRIM('수출입 실적(국가별)'!D13),",","")),"") -> 1463921 | F9: =IFERROR(VALUE(SUBSTITUTE(TRIM('수출입 실적(국가별)'!F13),",","")),"") -> 535824 | G9: =IFERROR(VALUE(SUBSTITUTE(TRIM('수출입 실적(국가별)'!G13),",","")),"") -> 928097
A10: =TRIM('수출입 실적(국가별)'!A14) -> 2025.01 | B10: =IFERROR(VALUE(LEFT(A10,4)),"") -> 2025 | C10: =IFERROR(VALUE(RIGHT(A10,2)),"") -> 1 | D10: =TRIM('수출입 실적(국가별)'!B14) -> 싱가포르 | E10: =IFERROR(VALUE(SUBSTITUTE(TRIM('수출입 실적(국가별)'!D14),",","")),"") -> 1162020 | F10: =IFERROR(VALUE(SUBSTITUTE(TRIM('수출입 실적(국가별)'!F14),",","")),"") -> 1027832 | G10: =IFERROR(VALUE(SUBSTITUTE(TRIM('수출입 실적(국가별)'!G14),",","")),"") -> 134187
A11: =TRIM('수출입 실적(국가별)'!A15) -> 2025.01 | B11: =IFERROR(VALUE(LEFT(A11,4)),"") -> 2025 | C11: =IFERROR(VALUE(RIGHT(A11,2)),"") -> 1 | D11: =TRIM('수출입 실적(국가별)'!B15) -> 멕시코 | E11: =IFERROR(VALUE(SUBSTITUTE(TRIM('수출입 실적(국가별)'!D15),",","")),"") -> 947164 | F11: =IFERROR(VALUE(SUBSTITUTE(TRIM('수출입 실적(국가별)'!F15),",","")),"") -> 767989 | G11: =IFERROR(VALUE(SUBSTITUTE(TRIM('수출입 실적(국가별)'!G15),",","")),"") -> 179176
A12: =TRIM('수출입 실적(국가별)'!A16) -> 2025.01 | B12: =IFERROR(VALUE(LEFT(A12,4)),"") -> 2025 | C12: =IFERROR(VALUE(RIGHT(A12,2)),"") -> 1 | D12: =TRIM('수출입 실적(국가별)'!B16) -> 말레이시아 | E12: =IFERROR(VALUE(SUBSTITUTE(TRIM('수출입 실적(국가별)'!D16),",","")),"") -> 921582 | F12: =IFERROR(VALUE(SUBSTITUTE(TRIM('수출입 실적(국가별)'!F16),",","")),"") -> 1350979 | G12: =IFERROR(VALUE(SUBSTITUTE(TRIM('수출입 실적(국가별)'!G16),",","")),"") -> -429397
A13: =TRIM('수출입 실적(국가별)'!A17) -> 2025.01 | B13: =IFERROR(VALUE(LEFT(A13,4)),"") -> 2025 | C13: =IFERROR(VALUE(RIGHT(A13,2)),"") -> 1 | D13: =TRIM('수출입 실적(국가별)'!B17) -> 호주 | E13: =IFERROR(VALUE(SUBSTITUTE(TRIM('수출입 실적(국가별)'!D17),",","")),"") -> 909427 | F13: =IFERROR(VALUE(SUBSTITUTE(TRIM('수출입 실적(국가별)'!F17),",","")),"") -> 2906682 | G13: =IFERROR(VALUE(SUBSTITUTE(TRIM('수출입 실적(국가별)'!G17),",","")),"") -> -1997255
A14: =TRIM('수출입 실적(국가별)'!A18) -> 2025.01 | B14: =IFERROR(VALUE(LEFT(A14,4)),"") -> 2025 | C14: =IFERROR(VALUE(RIGHT(A14,2)),"") -> 1 | D14: =TRIM('수출입 실적(국가별)'!B18) -> 필리핀 | E14: =IFERROR(VALUE(SUBSTITUTE(TRIM('수출입 실적(국가별)'!D18),",","")),"") -> 880737 | F14: =IFERROR(VALUE(SUBSTITUTE(TRIM('수출입 실적(국가별)'!F18),",","")),"") -> 229072 | G14: =IFERROR(VALUE(SUBSTITUTE(TRIM('수출입 실적(국가별)'!G18),",","")),"") -> 651665
... A4477: =TRIM('수출입 실적(국가별)'!A4481) -> 2026.07 | B4477: =IFERROR(VALUE(LEFT(A4477,4)),"") -> 2026 | C4477: =IFERROR(VALUE(RIGHT(A4477,2)),"") -> 7 | D4477: =TRIM('수출입 실적(국가별)'!B4481) -> 세인트 헬레나 | E4477: =IFERROR(VALUE(SUBSTITUTE(TRIM('수출입 실적(국가별)'!D4481),",","")),"") -> 0 | F4477: =IFERROR(VALUE(SUBSTITUTE(TRIM('수출입 실적(국가별)'!F4481),",","")),"") -> 13 | G4477: =IFERROR(VALUE(SUBSTITUTE(TRIM('수출입 실적(국가별)'!G4481),",","")),"") -> -13

Sheet 분석1_정합성검증
A1: ① 합계 정합성 검증 — 개별항목의 합 vs 총합 (5개 원본 시트 교차)
A2: 원본 5개 시트는 숫자가 텍스트로 저장되어 있어 「데이터_○○」 정제 시트(수식)를 거쳐 검증합니다. 원본 시트는 수정하지 않았습니다.
A3: 허용오차 : 원본이 반올림 제공되므로 아래 값 이내의 차이는 반올림 오차로 판정합니다. (노란색 = 입력 셀)
A4: 허용오차(중량, 톤) | B4: 1 | C4: 허용오차(금액, 천달러) | D4: 50 | E4: 국가별·품목별 허용오차 | F4: 500 | G4: 행 수가 많은 시트(국가별 4,475행·품목별 1,826행)는 반올림 누적이 커서 별도 허용오차를 둡니다.
A6: [검증 1] 「수출입 총괄」 총계행 vs 19개월(2025.01~2026.07) 합계
A7: 항목 | B7: 총계행(원본) | C7: 월별 합계 | D7: 차이 | E7: 판정
A8: 조업일수 | B8: =IFERROR(VALUE(SUBSTITUTE(TRIM('수출입 총괄'!B6),",","")),"") -> 425 | C8: =SUM(데이터_총괄!D3:D21) -> 425 | D8: =B8-C8 -> 0 | E8: =IF(ABS(D8)<=$B$4,"일치(반올림오차 이내)","불일치") -> 일치(반올림오차 이내)
A9: 수출 건수 | B9: =IFERROR(VALUE(SUBSTITUTE(TRIM('수출입 총괄'!C6),",","")),"") -> 21702845 | C9: =SUM(데이터_총괄!E3:E21) -> 21702845 | D9: =B9-C9 -> 0 | E9: =IF(ABS(D9)<=$D$4,"일치(반올림오차 이내)","불일치") -> 일치(반올림오차 이내)
A10: 수출 중량(톤) | B10: =IFERROR(VALUE(SUBSTITUTE(TRIM('수출입 총괄'!D6),",","")),"") -> 3.0841275e+08 | C10: =SUM(데이터_총괄!F3:F21) -> 3.0841275e+08 | D10: =B10-C10 -> -0.19999999 | E10: =IF(ABS(D10)<=$B$4,"일치(반올림오차 이내)","불일치") -> 일치(반올림오차 이내)
A11: 수출 금액(천$) | B11: =IFERROR(VALUE(SUBSTITUTE(TRIM('수출입 총괄'!E6),",","")),"") -> 1304392880 | C11: =SUM(데이터_총괄!G3:G21) -> 1304392880 | D11: =B11-C11 -> 0 | E11: =IF(ABS(D11)<=$D$4,"일치(반올림오차 이내)","불일치") -> 일치(반올림오차 이내)
A12: 수입 건수 | B12: =IFERROR(VALUE(SUBSTITUTE(TRIM('수출입 총괄'!F6),",","")),"") -> 88995973 | C12: =SUM(데이터_총괄!H3:H21) -> 88995973 | D12: =B12-C12 -> 0 | E12: =IF(ABS(D12)<=$D$4,"일치(반올림오차 이내)","불일치") -> 일치(반올림오차 이내)
A13: 수입 중량(톤) | B13: =IFERROR(VALUE(SUBSTITUTE(TRIM('수출입 총괄'!G6),",","")),"") -> 8.5838164e+08 | C13: =SUM(데이터_총괄!I3:I21) -> 8.5838164e+08 | D13: =B13-C13 -> -0.10000002 | E13: =IF(ABS(D13)<=$B$4,"일치(반올림오차 이내)","불일치") -> 일치(반올림오차 이내)
A14: 수입 금액(천$) | B14: =IFERROR(VALUE(SUBSTITUTE(TRIM('수출입 총괄'!H6),",","")),"") -> 1059198512 | C14: =SUM(데이터_총괄!J3:J21) -> 1059198513 | D14: =B14-C14 -> -1 | E14: =IF(ABS(D14)<=$D$4,"일치(반올림오차 이내)","불일치") -> 일치(반올림오차 이내)
A15: 무역수지(천$) | B15: =IFERROR(VALUE(SUBSTITUTE(TRIM('수출입 총괄'!I6),",","")),"") -> 245194368 | C15: =SUM(데이터_총괄!K3:K21) -> 245194366 | D15: =B15-C15 -> 2 | E15: =IF(ABS(D15)<=$D$4,"일치(반올림오차 이내)","불일치") -> 일치(반올림오차 이내)
A17: [검증 2] 무역수지 항등식 : 수출금액 − 수입금액 = 무역수지
A18: 기간 | B18: 수출금액 | C18: 수입금액 | D18: 계산값 | E18: 원본 무역수지 | F18: 차이 | G18: 판정
A19: =데이터_총괄!A3 -> 2025.01 | B19: =데이터_총괄!G3 -> 49176984 | C19: =데이터_총괄!J3 -> 51172292 | D19: =B19-C19 -> -1995308 | E19: =데이터_총괄!K3 -> -1995308 | F19: =D19-E19 -> 0 | G19: =IF(ABS(F19)<=$D$4,"일치","불일치") -> 일치
A20: =데이터_총괄!A4 -> 2025.02 | B20: =데이터_총괄!G4 -> 52292301 | C20: =데이터_총괄!J4 -> 48328741 | D20: =B20-C20 -> 3963560 | E20: =데이터_총괄!K4 -> 3963560 | F20: =D20-E20 -> 0 | G20: =IF(ABS(F20)<=$D$4,"일치","불일치") -> 일치
A21: =데이터_총괄!A5 -> 2025.03 | B21: =데이터_총괄!G5 -> 58064562 | C21: =데이터_총괄!J5 -> 53341032 | D21: =B21-C21 -> 4723530 | E21: =데이터_총괄!K5 -> 4723530 | F21: =D21-E21 -> 0 | G21: =IF(ABS(F21)<=$D$4,"일치","불일치") -> 일치
A22: =데이터_총괄!A6 -> 2025.04 | B22: =데이터_총괄!G6 -> 58035745 | C22: =데이터_총괄!J6 -> 53232716 | D22: =B22-C22 -> 4803029 | E22: =데이터_총괄!K6 -> 4803029 | F22: =D22-E22 -> 0 | G22: =IF(ABS(F22)<=$D$4,"일치","불일치") -> 일치
A23: =데이터_총괄!A7 -> 2025.05 | B23: =데이터_총괄!G7 -> 57261063 | C23: =데이터_총괄!J7 -> 50345116 | D23: =B23-C23 -> 6915947 | E23: =데이터_총괄!K7 -> 6915946 | F23: =D23-E23 -> 1 | G23: =IF(ABS(F23)<=$D$4,"일치","불일치") -> 일치
A24: =데이터_총괄!A8 -> 2025.06 | B24: =데이터_총괄!G8 -> 59833797 | C24: =데이터_총괄!J8 -> 50825746 | D24: =B24-C24 -> 9008051 | E24: =데이터_총괄!K8 -> 9008051 | F24: =D24-E24 -> 0 | G24: =IF(ABS(F24)<=$D$4,"일치","불일치") -> 일치
A25: =데이터_총괄!A9 -> 2025.07 | B25: =데이터_총괄!G9 -> 60724322 | C25: =데이터_총괄!J9 -> 54210371 | D25: =B25-C25 -> 6513951 | E25: =데이터_총괄!K9 -> 6513951 | F25: =D25-E25 -> 0 | G25: =IF(ABS(F25)<=$D$4,"일치","불일치") -> 일치
A26: =데이터_총괄!A10 -> 2025.08 | B26: =데이터_총괄!G10 -> 58259332 | C26: =데이터_총괄!J10 -> 51856624 | D26: =B26-C26 -> 6402708 | E26: =데이터_총괄!K10 -> 6402708 | F26: =D26-E26 -> 0 | G26: =IF(ABS(F26)<=$D$4,"일치","불일치") -> 일치
A27: =데이터_총괄!A11 -> 2025.09 | B27: =데이터_총괄!G11 -> 65904118 | C27: =데이터_총괄!J11 -> 56419614 | D27: =B27-C27 -> 9484504 | E27: =데이터_총괄!K11 -> 9484504 | F27: =D27-E27 -> 0 | G27: =IF(ABS(F27)<=$D$4,"일치","불일치") -> 일치
A28: =데이터_총괄!A12 -> 2025.10 | B28: =데이터_총괄!G12 -> 59511578 | C28: =데이터_총괄!J12 -> 53510827 | D28: =B28-C28 -> 6000751 | E28: =데이터_총괄!K12 -> 6000751 | F28: =D28-E28 -> 0 | G28: =IF(ABS(F28)<=$D$4,"일치","불일치") -> 일치
A29: =데이터_총괄!A13 -> 2025.11 | B29: =데이터_총괄!G13 -> 60752618 | C29: =데이터_총괄!J13 -> 51284605 | D29: =B29-C29 -> 9468013 | E29: =데이터_총괄!K13 -> 9468013 | F29: =D29-E29 -> 0 | G29: =IF(ABS(F29)<=$D$4,"일치","불일치") -> 일치
A30: =데이터_총괄!A14 -> 2025.12 | B30: =데이터_총괄!G14 -> 69513624 | C30: =데이터_총괄!J14 -> 57367684 | D30: =B30-C30 -> 12145940 | E30: =데이터_총괄!K14 -> 12145941 | F30: =D30-E30 -> -1 | G30: =IF(ABS(F30)<=$D$4,"일치","불일치") -> 일치
... A37: =데이터_총괄!A21 -> 2026.07 | B37: =데이터_총괄!G21 -> 98959099 | C37: =데이터_총괄!J21 -> 68567473 | D37: =B37-C37 -> 30391626 | E37: =데이터_총괄!K21 -> 30391625 | F37: =D37-E37 -> 1 | G37: =IF(ABS(F37)<=$D$4,"일치","불일치") -> 일치
A39: [검증 3] 「성질별」 대분류 4개 합 vs 「총괄」 수출 (월별)
A40: 기간 | B40: 성질별 금액 합 | C40: 총괄 수출금액 | D40: 차이 | E40: 판정 | F40: 성질별 중량 합 | G40: 총괄 수출중량 | H40: 차이 | I40: 판정
A41: =데이터_총괄!A3 -> 2025.01 | B41: =데이터_성질별!F3+데이터_성질별!F4+데이터_성질별!F5+데이터_성질별!F17 -> 49176984 | C41: =데이터_총괄!G3 -> 49176984 | D41: =B41-C41 -> 0 | E41: =IF(ABS(D41)<=$D$4,"일치","불일치") -> 일치 | F41: =데이터_성질별!E3+데이터_성질별!E4+데이터_성질별!E5+데이터_성질별!E17 -> 14986302 | G41: =데이터_총괄!F3 -> 14986302 | H41: =F41-G41 -> 0 | I41: =IF(ABS(H41)<=$B$4,"일치","불일치") -> 일치
A42: =데이터_총괄!A4 -> 2025.02 | B42: =데이터_성질별!F24+데이터_성질별!F25+데이터_성질별!F26+데이터_성질별!F38 -> 52292301 | C42: =데이터_총괄!G4 -> 52292301 | D42: =B42-C42 -> 0 | E42: =IF(ABS(D42)<=$D$4,"일치","불일치") -> 일치 | F42: =데이터_성질별!E24+데이터_성질별!E25+데이터_성질별!E26+데이터_성질별!E38 -> 16151895 | G42: =데이터_총괄!F4 -> 16151895 | H42: =F42-G42 -> -0.1 | I42: =IF(ABS(H42)<=$B$4,"일치","불일치") -> 일치
A43: =데이터_총괄!A5 -> 2025.03 | B43: =데이터_성질별!F45+데이터_성질별!F46+데이터_성질별!F47+데이터_성질별!F59 -> 58064561 | C43: =데이터_총괄!G5 -> 58064562 | D43: =B43-C43 -> -1 | E43: =IF(ABS(D43)<=$D$4,"일치","불일치") -> 일치 | F43: =데이터_성질별!E45+데이터_성질별!E46+데이터_성질별!E47+데이터_성질별!E59 -> 15702060 | G43: =데이터_총괄!F5 -> 15702060 | H43: =F43-G43 -> -0.1 | I43: =IF(ABS(H43)<=$B$4,"일치","불일치") -> 일치
A44: =데이터_총괄!A6 -> 2025.04 | B44: =데이터_성질별!F66+데이터_성질별!F67+데이터_성질별!F68+데이터_성질별!F80 -> 58035745 | C44: =데이터_총괄!G6 -> 58035745 | D44: =B44-C44 -> 0 | E44: =IF(ABS(D44)<=$D$4,"일치","불일치") -> 일치 | F44: =데이터_성질별!E66+데이터_성질별!E67+데이터_성질별!E68+데이터_성질별!E80 -> 17527805 | G44: =데이터_총괄!F6 -> 17527805 | H44: =F44-G44 -> 0 | I44: =IF(ABS(H44)<=$B$4,"일치","불일치") -> 일치
A45: =데이터_총괄!A7 -> 2025.05 | B45: =데이터_성질별!F87+데이터_성질별!F88+데이터_성질별!F89+데이터_성질별!F101 -> 57261063 | C45: =데이터_총괄!G7 -> 57261063 | D45: =B45-C45 -> 0 | E45: =IF(ABS(D45)<=$D$4,"일치","불일치") -> 일치 | F45: =데이터_성질별!E87+데이터_성질별!E88+데이터_성질별!E89+데이터_성질별!E101 -> 16573463 | G45: =데이터_총괄!F7 -> 16573463 | H45: =F45-G45 -> 0 | I45: =IF(ABS(H45)<=$B$4,"일치","불일치") -> 일치
A46: =데이터_총괄!A8 -> 2025.06 | B46: =데이터_성질별!F108+데이터_성질별!F109+데이터_성질별!F110+데이터_성질별!F122 -> 59833797 | C46: =데이터_총괄!G8 -> 59833797 | D46: =B46-C46 -> 0 | E46: =IF(ABS(D46)<=$D$4,"일치","불일치") -> 일치 | F46: =데이터_성질별!E108+데이터_성질별!E109+데이터_성질별!E110+데이터_성질별!E122 -> 16221157 | G46: =데이터_총괄!F8 -> 16221157 | H46: =F46-G46 -> 0.1 | I46: =IF(ABS(H46)<=$B$4,"일치","불일치") -> 일치
A47: =데이터_총괄!A9 -> 2025.07 | B47: =데이터_성질별!F129+데이터_성질별!F130+데이터_성질별!F131+데이터_성질별!F143 -> 60724322 | C47: =데이터_총괄!G9 -> 60724322 | D47: =B47-C47 -> 0 | E47: =IF(ABS(D47)<=$D$4,"일치","불일치") -> 일치 | F47: =데이터_성질별!E129+데이터_성질별!E130+데이터_성질별!E131+데이터_성질별!E143 -> 17580838 | G47: =데이터_총괄!F9 -> 17580838 | H47: =F47-G47 -> 0 | I47: =IF(ABS(H47)<=$B$4,"일치","불일치") -> 일치
A48: =데이터_총괄!A10 -> 2025.08 | B48: =데이터_성질별!F150+데이터_성질별!F151+데이터_성질별!F152+데이터_성질별!F164 -> 58259333 | C48: =데이터_총괄!G10 -> 58259332 | D48: =B48-C48 -> 1 | E48: =IF(ABS(D48)<=$D$4,"일치","불일치") -> 일치 | F48: =데이터_성질별!E150+데이터_성질별!E151+데이터_성질별!E152+데이터_성질별!E164 -> 17118674 | G48: =데이터_총괄!F10 -> 17118674 | H48: =F48-G48 -> 0 | I48: =IF(ABS(H48)<=$B$4,"일치","불일치") -> 일치
A49: =데이터_총괄!A11 -> 2025.09 | B49: =데이터_성질별!F171+데이터_성질별!F172+데이터_성질별!F173+데이터_성질별!F185 -> 65904118 | C49: =데이터_총괄!G11 -> 65904118 | D49: =B49-C49 -> 0 | E49: =IF(ABS(D49)<=$D$4,"일치","불일치") -> 일치 | F49: =데이터_성질별!E171+데이터_성질별!E172+데이터_성질별!E173+데이터_성질별!E185 -> 18076703 | G49: =데이터_총괄!F11 -> 18076703 | H49: =F49-G49 -> 0 | I49: =IF(ABS(H49)<=$B$4,"일치","불일치") -> 일치
A50: =데이터_총괄!A12 -> 2025.10 | B50: =데이터_성질별!F192+데이터_성질별!F193+데이터_성질별!F194+데이터_성질별!F206 -> 59511578 | C50: =데이터_총괄!G12 -> 59511578 | D50: =B50-C50 -> 0 | E50: =IF(ABS(D50)<=$D$4,"일치","불일치") -> 일치 | F50: =데이터_성질별!E192+데이터_성질별!E193+데이터_성질별!E194+데이터_성질별!E206 -> 16017318 | G50: =데이터_총괄!F12 -> 16017318 | H50: =F50-G50 -> 0.1 | I50: =IF(ABS(H50)<=$B$4,"일치","불일치") -> 일치
A51: =데이터_총괄!A13 -> 2025.11 | B51: =데이터_성질별!F213+데이터_성질별!F214+데이터_성질별!F215+데이터_성질별!F227 -> 60752617 | C51: =데이터_총괄!G13 -> 60752618 | D51: =B51-C51 -> -1 | E51: =IF(ABS(D51)<=$D$4,"일치","불일치") -> 일치 | F51: =데이터_성질별!E213+데이터_성질별!E214+데이터_성질별!E215+데이터_성질별!E227 -> 14605096 | G51: =데이터_총괄!F13 -> 14605096 | H51: =F51-G51 -> 0 | I51: =IF(ABS(H51)<=$B$4,"일치","불일치") -> 일치
A52: =데이터_총괄!A14 -> 2025.12 | B52: =데이터_성질별!F234+데이터_성질별!F235+데이터_성질별!F236+데이터_성질별!F248 -> 69513623 | C52: =데이터_총괄!G14 -> 69513624 | D52: =B52-C52 -> -1 | E52: =IF(ABS(D52)<=$D$4,"일치","불일치") -> 일치 | F52: =데이터_성질별!E234+데이터_성질별!E235+데이터_성질별!E236+데이터_성질별!E248 -> 17977896 | G52: =데이터_총괄!F14 -> 17977896 | H52: =F52-G52 -> -0.2 | I52: =IF(ABS(H52)<=$B$4,"일치","불일치") -> 일치
A53: =데이터_총괄!A15 -> 2026.01 | B53: =데이터_성질별!F255+데이터_성질별!F256+데이터_성질별!F257+데이터_성질별!F269 -> 65843937 | C53: =데이터_총괄!G15 -> 65843937 | D53: =B53-C53 -> 0 | E53: =IF(ABS(D53)<=$D$4,"일치","불일치") -> 일치 | F53: =데이터_성질별!E255+데이터_성질별!E256+데이터_성질별!E257+데이터_성질별!E269 -> 16739948 | G53: =데이터_총괄!F15 -> 16739948 | H53: =F53-G53 -> 0 | I53: =IF(ABS(H53)<=$B$4,"일치","불일치") -> 일치
A54: =데이터_총괄!A16 -> 2026.02 | B54: =데이터_성질별!F276+데이터_성질별!F277+데이터_성질별!F278+데이터_성질별!F290 -> 67642547 | C54: =데이터_총괄!G16 -> 67642547 | D54: =B54-C54 -> 0 | E54: =IF(ABS(D54)<=$D$4,"일치","불일치") -> 일치 | F54: =데이터_성질별!E276+데이터_성질별!E277+데이터_성질별!E278+데이터_성질별!E290 -> 15601518 | G54: =데이터_총괄!F16 -> 15601518 | H54: =F54-G54 -> 0.1 | I54: =IF(ABS(H54)<=$B$4,"일치","불일치") -> 일치
A55: =데이터_총괄!A17 -> 2026.03 | B55: =데이터_성질별!F297+데이터_성질별!F298+데이터_성질별!F299+데이터_성질별!F311 -> 87333128 | C55: =데이터_총괄!G17 -> 87333128 | D55: =B55-C55 -> 0 | E55: =IF(ABS(D55)<=$D$4,"일치","불일치") -> 일치 | F55: =데이터_성질별!E297+데이터_성질별!E298+데이터_성질별!E299+데이터_성질별!E311 -> 16180252 | G55: =데이터_총괄!F17 -> 16180252 | H55: =F55-G55 -> 0 | I55: =IF(ABS(H55)<=$B$4,"일치","불일치") -> 일치
A56: =데이터_총괄!A18 -> 2026.04 | B56: =데이터_성질별!F318+데이터_성질별!F319+데이터_성질별!F320+데이터_성질별!F332 -> 85751883 | C56: =데이터_총괄!G18 -> 85751883 | D56: =B56-C56 -> 0 | E56: =IF(ABS(D56)<=$D$4,"일치","불일치") -> 일치 | F56: =데이터_성질별!E318+데이터_성질별!E319+데이터_성질별!E320+데이터_성질별!E332 -> 14413704 | G56: =데이터_총괄!F18 -> 14413704 | H56: =F56-G56 -> 0 | I56: =IF(ABS(H56)<=$B$4,"일치","불일치") -> 일치
A57: =데이터_총괄!A19 -> 2026.05 | B57: =데이터_성질별!F339+데이터_성질별!F340+데이터_성질별!F341+데이터_성질별!F353 -> 87576084 | C57: =데이터_총괄!G19 -> 87576083 | D57: =B57-C57 -> 1 | E57: =IF(ABS(D57)<=$D$4,"일치","불일치") -> 일치 | F57: =데이터_성질별!E339+데이터_성질별!E340+데이터_성질별!E341+데이터_성질별!E353 -> 13589511 | G57: =데이터_총괄!F19 -> 13589511 | H57: =F57-G57 -> 0.1 | I57: =IF(ABS(H57)<=$B$4,"일치","불일치") -> 일치
A58: =데이터_총괄!A20 -> 2026.06 | B58: =데이터_성질별!F360+데이터_성질별!F361+데이터_성질별!F362+데이터_성질별!F374 -> 101956158 | C58: =데이터_총괄!G20 -> 101956159 | D58: =B58-C58 -> -1 | E58: =IF(ABS(D58)<=$D$4,"일치","불일치") -> 일치 | F58: =데이터_성질별!E360+데이터_성질별!E361+데이터_성질별!E362+데이터_성질별!E374 -> 15687926 | G58: =데이터_총괄!F20 -> 15687926 | H58: =F58-G58 -> -0.1 | I58: =IF(ABS(H58)<=$B$4,"일치","불일치") -> 일치
A59: =데이터_총괄!A21 -> 2026.07 | B59: =데이터_성질별!F381+데이터_성질별!F382+데이터_성질별!F383+데이터_성질별!F395 -> 98959100 | C59: =데이터_총괄!G21 -> 98959099 | D59: =B59-C59 -> 1 | E59: =IF(ABS(D59)<=$D$4,"일치","불일치") -> 일치 | F59: =데이터_성질별!E381+데이터_성질별!E382+데이터_성질별!E383+데이터_성질별!E395 -> 17660681 | G59: =데이터_총괄!F21 -> 17660681 | H59: =F59-G59 -> 0 | I59: =IF(ABS(H59)<=$B$4,"일치","불일치") -> 일치
A60: 19개월 누계 | B60: =SUM(B41:B59) -> 1304392879 | C60: =SUM(C41:C59) -> 1304392880 | D60: =B60-C60 -> -1 | E60: =IF(ABS(D60)<=$D$4,"일치","불일치") -> 일치 | F60: =SUM(F41:F59) -> 3.0841275e+08 | G60: =SUM(G41:G59) -> 3.0841275e+08 | H60: =F60-G60 -> -0.099999964 | I60: =IF(ABS(H60)<=$B$4,"일치","불일치") -> 일치
A62: [검증 4] 「성질별」 중분류 합 vs 대분류 (경공업품 가~카 / 중화학공업품 가~바)
A63: 기간 | B63: 3.경공업품 | C63: 중분류 합 | D63: 차이 | E63: 판정 | F63: 4.중화학공업품 | G63: 중분류 합 | H63: 차이 | I63: 판정
A64: =데이터_성질별!A3 -> 2025.01 | B64: =데이터_성질별!F5 -> 2443890 | C64: =SUM(데이터_성질별!F6:F16) -> 2443890 | D64: =B64-C64 -> 0 | E64: =IF(ABS(D64)<=$D$4,"일치","불일치") -> 일치 | F64: =데이터_성질별!F17 -> 41670482 | G64: =SUM(데이터_성질별!F18:F23) -> 41670482 | H64: =F64-G64 -> 0 | I64: =IF(ABS(H64)<=$D$4,"일치","불일치") -> 일치
A65: =데이터_성질별!A24 -> 2025.02 | B65: =데이터_성질별!F26 -> 2843243 | C65: =SUM(데이터_성질별!F27:F37) -> 2843242 | D65: =B65-C65 -> 1 | E65: =IF(ABS(D65)<=$D$4,"일치","불일치") -> 일치 | F65: =데이터_성질별!F38 -> 43812695 | G65: =SUM(데이터_성질별!F39:F44) -> 43812695 | H65: =F65-G65 -> 0 | I65: =IF(ABS(H65)<=$D$4,"일치","불일치") -> 일치
A66: =데이터_성질별!A45 -> 2025.03 | B66: =데이터_성질별!F47 -> 2767033 | C66: =SUM(데이터_성질별!F48:F58) -> 2767032 | D66: =B66-C66 -> 1 | E66: =IF(ABS(D66)<=$D$4,"일치","불일치") -> 일치 | F66: =데이터_성질별!F59 -> 50208489 | G66: =SUM(데이터_성질별!F60:F65) -> 50208490 | H66: =F66-G66 -> -1 | I66: =IF(ABS(H66)<=$D$4,"일치","불일치") -> 일치
A67: =데이터_성질별!A66 -> 2025.04 | B67: =데이터_성질별!F68 -> 3148358 | C67: =SUM(데이터_성질별!F69:F79) -> 3148359 | D67: =B67-C67 -> -1 | E67: =IF(ABS(D67)<=$D$4,"일치","불일치") -> 일치 | F67: =데이터_성질별!F80 -> 49234895 | G67: =SUM(데이터_성질별!F81:F86) -> 49234894 | H67: =F67-G67 -> 1 | I67: =IF(ABS(H67)<=$D$4,"일치","불일치") -> 일치
A68: =데이터_성질별!A87 -> 2025.05 | B68: =데이터_성질별!F89 -> 3029705 | C68: =SUM(데이터_성질별!F90:F100) -> 3029707 | D68: =B68-C68 -> -2 | E68: =IF(ABS(D68)<=$D$4,"일치","불일치") -> 일치 | F68: =데이터_성질별!F101 -> 48790323 | G68: =SUM(데이터_성질별!F102:F107) -> 48790322 | H68: =F68-G68 -> 1 | I68: =IF(ABS(H68)<=$D$4,"일치","불일치") -> 일치
A69: =데이터_성질별!A108 -> 2025.06 | B69: =데이터_성질별!F110 -> 2963407 | C69: =SUM(데이터_성질별!F111:F121) -> 2963406 | D69: =B69-C69 -> 1 | E69: =IF(ABS(D69)<=$D$4,"일치","불일치") -> 일치 | F69: =데이터_성질별!F122 -> 51243762 | G69: =SUM(데이터_성질별!F123:F128) -> 51243762 | H69: =F69-G69 -> 0 | I69: =IF(ABS(H69)<=$D$4,"일치","불일치") -> 일치
A70: =데이터_성질별!A129 -> 2025.07 | B70: =데이터_성질별!F131 -> 3056603 | C70: =SUM(데이터_성질별!F132:F142) -> 3056603 | D70: =B70-C70 -> 0 | E70: =IF(ABS(D70)<=$D$4,"일치","불일치") -> 일치 | F70: =데이터_성질별!F143 -> 51374607 | G70: =SUM(데이터_성질별!F144:F149) -> 51374608 | H70: =F70-G70 -> -1 | I70: =IF(ABS(H70)<=$D$4,"일치","불일치") -> 일치
A71: =데이터_성질별!A150 -> 2025.08 | B71: =데이터_성질별!F152 -> 2683825 | C71: =SUM(데이터_성질별!F153:F163) -> 2683825 | D71: =B71-C71 -> 0 | E71: =IF(ABS(D71)<=$D$4,"일치","불일치") -> 일치 | F71: =데이터_성질별!F164 -> 49624221 | G71: =SUM(데이터_성질별!F165:F170) -> 49624220 | H71: =F71-G71 -> 1 | I71: =IF(ABS(H71)<=$D$4,"일치","불일치") -> 일치
A72: =데이터_성질별!A171 -> 2025.09 | B72: =데이터_성질별!F173 -> 3031835 | C72: =SUM(데이터_성질별!F174:F184) -> 3031836 | D72: =B72-C72 -> -1 | E72: =IF(ABS(D72)<=$D$4,"일치","불일치") -> 일치 | F72: =데이터_성질별!F185 -> 56633281 | G72: =SUM(데이터_성질별!F186:F191) -> 56633279 | H72: =F72-G72 -> 2 | I72: =IF(ABS(H72)<=$D$4,"일치","불일치") -> 일치
A73: =데이터_성질별!A192 -> 2025.10 | B73: =데이터_성질별!F194 -> 2949713 | C73: =SUM(데이터_성질별!F195:F205) -> 2949713 | D73: =B73-C73 -> 0 | E73: =IF(ABS(D73)<=$D$4,"일치","불일치") -> 일치 | F73: =데이터_성질별!F206 -> 50942462 | G73: =SUM(데이터_성질별!F207:F212) -> 50942462 | H73: =F73-G73 -> 0 | I73: =IF(ABS(H73)<=$D$4,"일치","불일치") -> 일치
A74: =데이터_성질별!A213 -> 2025.11 | B74: =데이터_성질별!F215 -> 3211353 | C74: =SUM(데이터_성질별!F216:F226) -> 3211354 | D74: =B74-C74 -> -1 | E74: =IF(ABS(D74)<=$D$4,"일치","불일치") -> 일치 | F74: =데이터_성질별!F227 -> 52323214 | G74: =SUM(데이터_성질별!F228:F233) -> 52323215 | H74: =F74-G74 -> -1 | I74: =IF(ABS(H74)<=$D$4,"일치","불일치") -> 일치
A75: =데이터_성질별!A234 -> 2025.12 | B75: =데이터_성질별!F236 -> 3167101 | C75: =SUM(데이터_성질별!F237:F247) -> 3167101 | D75: =B75-C75 -> 0 | E75: =IF(ABS(D75)<=$D$4,"일치","불일치") -> 일치 | F75: =데이터_성질별!F248 -> 60006340 | G75: =SUM(데이터_성질별!F249:F254) -> 60006341 | H75: =F75-G75 -> -1 | I75: =IF(ABS(H75)<=$D$4,"일치","불일치") -> 일치
A76: =데이터_성질별!A255 -> 2026.01 | B76: =데이터_성질별!F257 -> 3082056 | C76: =SUM(데이터_성질별!F258:F268) -> 3082056 | D76: =B76-C76 -> 0 | E76: =IF(ABS(D76)<=$D$4,"일치","불일치") -> 일치 | F76: =데이터_성질별!F269 -> 57089106 | G76: =SUM(데이터_성질별!F270:F275) -> 57089105 | H76: =F76-G76 -> 1 | I76: =IF(ABS(H76)<=$D$4,"일치","불일치") -> 일치
A77: =데이터_성질별!A276 -> 2026.02 | B77: =데이터_성질별!F278 -> 3096567 | C77: =SUM(데이터_성질별!F279:F289) -> 3096566 | D77: =B77-C77 -> 1 | E77: =IF(ABS(D77)<=$D$4,"일치","불일치") -> 일치 | F77: =데이터_성질별!F290 -> 58704727 | G77: =SUM(데이터_성질별!F291:F296) -> 58704727 | H77: =F77-G77 -> 0 | I77: =IF(ABS(H77)<=$D$4,"일치","불일치") -> 일치
A78: =데이터_성질별!A297 -> 2026.03 | B78: =데이터_성질별!F299 -> 4111292 | C78: =SUM(데이터_성질별!F300:F310) -> 4111293 | D78: =B78-C78 -> -1 | E78: =IF(ABS(D78)<=$D$4,"일치","불일치") -> 일치 | F78: =데이터_성질별!F311 -> 74771554 | G78: =SUM(데이터_성질별!F312:F317) -> 74771555 | H78: =F78-G78 -> -1 | I78: =IF(ABS(H78)<=$D$4,"일치","불일치") -> 일치
A79: =데이터_성질별!A318 -> 2026.04 | B79: =데이터_성질별!F320 -> 3895477 | C79: =SUM(데이터_성질별!F321:F331) -> 3895476 | D79: =B79-C79 -> 1 | E79: =IF(ABS(D79)<=$D$4,"일치","불일치") -> 일치 | F79: =데이터_성질별!F332 -> 74317921 | G79: =SUM(데이터_성질별!F333:F338) -> 74317921 | H79: =F79-G79 -> 0 | I79: =IF(ABS(H79)<=$D$4,"일치","불일치") -> 일치
A80: =데이터_성질별!A339 -> 2026.05 | B80: =데이터_성질별!F341 -> 3869333 | C80: =SUM(데이터_성질별!F342:F352) -> 3869331 | D80: =B80-C80 -> 2 | E80: =IF(ABS(D80)<=$D$4,"일치","불일치") -> 일치 | F80: =데이터_성질별!F353 -> 76244252 | G80: =SUM(데이터_성질별!F354:F359) -> 76244252 | H80: =F80-G80 -> 0 | I80: =IF(ABS(H80)<=$D$4,"일치","불일치") -> 일치
A81: =데이터_성질별!A360 -> 2026.06 | B81: =데이터_성질별!F362 -> 4060373 | C81: =SUM(데이터_성질별!F363:F373) -> 4060371 | D81: =B81-C81 -> 2 | E81: =IF(ABS(D81)<=$D$4,"일치","불일치") -> 일치 | F81: =데이터_성질별!F374 -> 90134786 | G81: =SUM(데이터_성질별!F375:F380) -> 90134786 | H81: =F81-G81 -> 0 | I81: =IF(ABS(H81)<=$D$4,"일치","불일치") -> 일치
A82: =데이터_성질별!A381 -> 2026.07 | B82: =데이터_성질별!F383 -> 3778039 | C82: =SUM(데이터_성질별!F384:F394) -> 3778037 | D82: =B82-C82 -> 2 | E82: =IF(ABS(D82)<=$D$4,"일치","불일치") -> 일치 | F82: =데이터_성질별!F395 -> 87202818 | G82: =SUM(데이터_성질별!F396:F401) -> 87202817 | H82: =F82-G82 -> 1 | I82: =IF(ABS(H82)<=$D$4,"일치","불일치") -> 일치
A84: [검증 5] 「신성질별」 대분류 3개 합 vs 「총괄」 (수출·수입 양방향)
A85: 기간 | B85: 신성질별 수출 합 | C85: 총괄 수출금액 | D85: 차이 | E85: 판정 | F85: 신성질별 수입 합 | G85: 총괄 수입금액 | H85: 차이 | I85: 판정
A86: =데이터_신성질별!A3 -> 2025.01 | B86: =데이터_신성질별!F3+데이터_신성질별!F8+데이터_신성질별!F15 -> 49176983 | C86: =데이터_총괄!G3 -> 49176984 | D86: =B86-C86 -> -1 | E86: =IF(ABS(D86)<=$D$4,"일치","불일치") -> 일치 | F86: =데이터_신성질별!H3+데이터_신성질별!H8+데이터_신성질별!H15 -> 51172292 | G86: =데이터_총괄!J3 -> 51172292 | H86: =F86-G86 -> 0 | I86: =IF(ABS(H86)<=$D$4,"일치","불일치") -> 일치
A87: =데이터_신성질별!A20 -> 2025.02 | B87: =데이터_신성질별!F20+데이터_신성질별!F25+데이터_신성질별!F32 -> 52292302 | C87: =데이터_총괄!G4 -> 52292301 | D87: =B87-C87 -> 1 | E87: =IF(ABS(D87)<=$D$4,"일치","불일치") -> 일치 | F87: =데이터_신성질별!H20+데이터_신성질별!H25+데이터_신성질별!H32 -> 48328742 | G87: =데이터_총괄!J4 -> 48328741 | H87: =F87-G87 -> 1 | I87: =IF(ABS(H87)<=$D$4,"일치","불일치") -> 일치
A88: =데이터_신성질별!A37 -> 2025.03 | B88: =데이터_신성질별!F37+데이터_신성질별!F42+데이터_신성질별!F49 -> 58064562 | C88: =데이터_총괄!G5 -> 58064562 | D88: =B88-C88 -> 0 | E88: =IF(ABS(D88)<=$D$4,"일치","불일치") -> 일치 | F88: =데이터_신성질별!H37+데이터_신성질별!H42+데이터_신성질별!H49 -> 53341032 | G88: =데이터_총괄!J5 -> 53341032 | H88: =F88-G88 -> 0 | I88: =IF(ABS(H88)<=$D$4,"일치","불일치") -> 일치
A89: =데이터_신성질별!A54 -> 2025.04 | B89: =데이터_신성질별!F54+데이터_신성질별!F59+데이터_신성질별!F66 -> 58035746 | C89: =데이터_총괄!G6 -> 58035745 | D89: =B89-C89 -> 1 | E89: =IF(ABS(D89)<=$D$4,"일치","불일치") -> 일치 | F89: =데이터_신성질별!H54+데이터_신성질별!H59+데이터_신성질별!H66 -> 53232716 | G89: =데이터_총괄!J6 -> 53232716 | H89: =F89-G89 -> 0 | I89: =IF(ABS(H89)<=$D$4,"일치","불일치") -> 일치
A90: =데이터_신성질별!A71 -> 2025.05 | B90: =데이터_신성질별!F71+데이터_신성질별!F76+데이터_신성질별!F83 -> 57261063 | C90: =데이터_총괄!G7 -> 57261063 | D90: =B90-C90 -> 0 | E90: =IF(ABS(D90)<=$D$4,"일치","불일치") -> 일치 | F90: =데이터_신성질별!H71+데이터_신성질별!H76+데이터_신성질별!H83 -> 50345116 | G90: =데이터_총괄!J7 -> 50345116 | H90: =F90-G90 -> 0 | I90: =IF(ABS(H90)<=$D$4,"일치","불일치") -> 일치
A91: =데이터_신성질별!A88 -> 2025.06 | B91: =데이터_신성질별!F88+데이터_신성질별!F93+데이터_신성질별!F100 -> 59833797 | C91: =데이터_총괄!G8 -> 59833797 | D91: =B91-C91 -> 0 | E91: =IF(ABS(D91)<=$D$4,"일치","불일치") -> 일치 | F91: =데이터_신성질별!H88+데이터_신성질별!H93+데이터_신성질별!H100 -> 50825746 | G91: =데이터_총괄!J8 -> 50825746 | H91: =F91-G91 -> 0 | I91: =IF(ABS(H91)<=$D$4,"일치","불일치") -> 일치
A92: =데이터_신성질별!A105 -> 2025.07 | B92: =데이터_신성질별!F105+데이터_신성질별!F110+데이터_신성질별!F117 -> 60724323 | C92: =데이터_총괄!G9 -> 60724322 | D92: =B92-C92 -> 1 | E92: =IF(ABS(D92)<=$D$4,"일치","불일치") -> 일치 | F92: =데이터_신성질별!H105+데이터_신성질별!H110+데이터_신성질별!H117 -> 54210371 | G92: =데이터_총괄!J9 -> 54210371 | H92: =F92-G92 -> 0 | I92: =IF(ABS(H92)<=$D$4,"일치","불일치") -> 일치
A93: =데이터_신성질별!A122 -> 2025.08 | B93: =데이터_신성질별!F122+데이터_신성질별!F127+데이터_신성질별!F134 -> 58259332 | C93: =데이터_총괄!G10 -> 58259332 | D93: =B93-C93 -> 0 | E93: =IF(ABS(D93)<=$D$4,"일치","불일치") -> 일치 | F93: =데이터_신성질별!H122+데이터_신성질별!H127+데이터_신성질별!H134 -> 51856623 | G93: =데이터_총괄!J10 -> 51856624 | H93: =F93-G93 -> -1 | I93: =IF(ABS(H93)<=$D$4,"일치","불일치") -> 일치
A94: =데이터_신성질별!A139 -> 2025.09 | B94: =데이터_신성질별!F139+데이터_신성질별!F144+데이터_신성질별!F151 -> 65904118 | C94: =데이터_총괄!G11 -> 65904118 | D94: =B94-C94 -> 0 | E94: =IF(ABS(D94)<=$D$4,"일치","불일치") -> 일치 | F94: =데이터_신성질별!H139+데이터_신성질별!H144+데이터_신성질별!H151 -> 56419613 | G94: =데이터_총괄!J11 -> 56419614 | H94: =F94-G94 -> -1 | I94: =IF(ABS(H94)<=$D$4,"일치","불일치") -> 일치
A95: =데이터_신성질별!A156 -> 2025.10 | B95: =데이터_신성질별!F156+데이터_신성질별!F161+데이터_신성질별!F168 -> 59511578 | C95: =데이터_총괄!G12 -> 59511578 | D95: =B95-C95 -> 0 | E95: =IF(ABS(D95)<=$D$4,"일치","불일치") -> 일치 | F95: =데이터_신성질별!H156+데이터_신성질별!H161+데이터_신성질별!H168 -> 53510828 | G95: =데이터_총괄!J12 -> 53510827 | H95: =F95-G95 -> 1 | I95: =IF(ABS(H95)<=$D$4,"일치","불일치") -> 일치
A96: =데이터_신성질별!A173 -> 2025.11 | B96: =데이터_신성질별!F173+데이터_신성질별!F178+데이터_신성질별!F185 -> 60752619 | C96: =데이터_총괄!G13 -> 60752618 | D96: =B96-C96 -> 1 | E96: =IF(ABS(D96)<=$D$4,"일치","불일치") -> 일치 | F96: =데이터_신성질별!H173+데이터_신성질별!H178+데이터_신성질별!H185 -> 51284605 | G96: =데이터_총괄!J13 -> 51284605 | H96: =F96-G96 -> 0 | I96: =IF(ABS(H96)<=$D$4,"일치","불일치") -> 일치
A97: =데이터_신성질별!A190 -> 2025.12 | B97: =데이터_신성질별!F190+데이터_신성질별!F195+데이터_신성질별!F202 -> 69513625 | C97: =데이터_총괄!G14 -> 69513624 | D97: =B97-C97 -> 1 | E97: =IF(ABS(D97)<=$D$4,"일치","불일치") -> 일치 | F97: =데이터_신성질별!H190+데이터_신성질별!H195+데이터_신성질별!H202 -> 57367683 | G97: =데이터_총괄!J14 -> 57367684 | H97: =F97-G97 -> -1 | I97: =IF(ABS(H97)<=$D$4,"일치","불일치") -> 일치
A98: =데이터_신성질별!A207 -> 2026.01 | B98: =데이터_신성질별!F207+데이터_신성질별!F212+데이터_신성질별!F219 -> 65843937 | C98: =데이터_총괄!G15 -> 65843937 | D98: =B98-C98 -> 0 | E98: =IF(ABS(D98)<=$D$4,"일치","불일치") -> 일치 | F98: =데이터_신성질별!H207+데이터_신성질별!H212+데이터_신성질별!H219 -> 57143469 | G98: =데이터_총괄!J15 -> 57143469 | H98: =F98-G98 -> 0 | I98: =IF(ABS(H98)<=$D$4,"일치","불일치") -> 일치
A99: =데이터_신성질별!A224 -> 2026.02 | B99: =데이터_신성질별!F224+데이터_신성질별!F229+데이터_신성질별!F236 -> 67642547 | C99: =데이터_총괄!G16 -> 67642547 | D99: =B99-C99 -> 0 | E99: =IF(ABS(D99)<=$D$4,"일치","불일치") -> 일치 | F99: =데이터_신성질별!H224+데이터_신성질별!H229+데이터_신성질별!H236 -> 51933912 | G99: =데이터_총괄!J16 -> 51933913 | H99: =F99-G99 -> -1 | I99: =IF(ABS(H99)<=$D$4,"일치","불일치") -> 일치
A100: =데이터_신성질별!A241 -> 2026.03 | B100: =데이터_신성질별!F241+데이터_신성질별!F246+데이터_신성질별!F253 -> 87333128 | C100: =데이터_총괄!G17 -> 87333128 | D100: =B100-C100 -> 0 | E100: =IF(ABS(D100)<=$D$4,"일치","불일치") -> 일치 | F100: =데이터_신성질별!H241+데이터_신성질별!H246+데이터_신성질별!H253 -> 60753446 | G100: =데이터_총괄!J17 -> 60753446 | H100: =F100-G100 -> 0 | I100: =IF(ABS(H100)<=$D$4,"일치","불일치") -> 일치
A101: =데이터_신성질별!A258 -> 2026.04 | B101: =데이터_신성질별!F258+데이터_신성질별!F263+데이터_신성질별!F270 -> 85751883 | C101: =데이터_총괄!G18 -> 85751883 | D101: =B101-C101 -> 0 | E101: =IF(ABS(D101)<=$D$4,"일치","불일치") -> 일치 | F101: =데이터_신성질별!H258+데이터_신성질별!H263+데이터_신성질별!H270 -> 62104908 | G101: =데이터_총괄!J18 -> 62104908 | H101: =F101-G101 -> 0 | I101: =IF(ABS(H101)<=$D$4,"일치","불일치") -> 일치
A102: =데이터_신성질별!A275 -> 2026.05 | B102: =데이터_신성질별!F275+데이터_신성질별!F280+데이터_신성질별!F287 -> 87576083 | C102: =데이터_총괄!G19 -> 87576083 | D102: =B102-C102 -> 0 | E102: =IF(ABS(D102)<=$D$4,"일치","불일치") -> 일치 | F102: =데이터_신성질별!H275+데이터_신성질별!H280+데이터_신성질별!H287 -> 60748349 | G102: =데이터_총괄!J19 -> 60748350 | H102: =F102-G102 -> -1 | I102: =IF(ABS(H102)<=$D$4,"일치","불일치") -> 일치
A103: =데이터_신성질별!A292 -> 2026.06 | B103: =데이터_신성질별!F292+데이터_신성질별!F297+데이터_신성질별!F304 -> 101956159 | C103: =데이터_총괄!G20 -> 101956159 | D103: =B103-C103 -> 0 | E103: =IF(ABS(D103)<=$D$4,"일치","불일치") -> 일치 | F103: =데이터_신성질별!H292+데이터_신성질별!H297+데이터_신성질별!H304 -> 66051586 | G103: =데이터_총괄!J20 -> 66051586 | H103: =F103-G103 -> 0 | I103: =IF(ABS(H103)<=$D$4,"일치","불일치") -> 일치
A104: =데이터_신성질별!A309 -> 2026.07 | B104: =데이터_신성질별!F309+데이터_신성질별!F314+데이터_신성질별!F321 -> 98959099 | C104: =데이터_총괄!G21 -> 98959099 | D104: =B104-C104 -> 0 | E104: =IF(ABS(D104)<=$D$4,"일치","불일치") -> 일치 | F104: =데이터_신성질별!H309+데이터_신성질별!H314+데이터_신성질별!H321 -> 68567473 | G104: =데이터_총괄!J21 -> 68567473 | H104: =F104-G104 -> 0 | I104: =IF(ABS(H104)<=$D$4,"일치","불일치") -> 일치
A105: 19개월 누계 | B105: =SUM(B86:B104) -> 1304392884 | C105: =SUM(C86:C104) -> 1304392880 | D105: =B105-C105 -> 4 | E105: =IF(ABS(D105)<=$D$4,"일치","불일치") -> 일치 | F105: =SUM(F86:F104) -> 1059198510 | G105: =SUM(G86:G104) -> 1059198513 | H105: =F105-G105 -> -3 | I105: =IF(ABS(H105)<=$D$4,"일치","불일치") -> 일치
A107: [검증 6] 「신성질별」 중분류 합 vs 대분류 (수출 기준 차이)
A108: 기간 | B108: 1.소비재 차이 | C108: 2.원자재 차이 | D108: 3.자본재 차이 | E108: 판정
A109: =데이터_신성질별!A3 -> 2025.01 | B109: =데이터_신성질별!F3-SUM(데이터_신성질별!F4:F7) -> 0 | C109: =데이터_신성질별!F8-SUM(데이터_신성질별!F9:F14) -> 1 | D109: =데이터_신성질별!F15-SUM(데이터_신성질별!F16:F19) -> -1 | E109: =IF(MAX(ABS(B109),ABS(C109),ABS(D109))<=$D$4,"일치","불일치") -> 일치
A110: =데이터_신성질별!A20 -> 2025.02 | B110: =데이터_신성질별!F20-SUM(데이터_신성질별!F21:F24) -> 1 | C110: =데이터_신성질별!F25-SUM(데이터_신성질별!F26:F31) -> 0 | D110: =데이터_신성질별!F32-SUM(데이터_신성질별!F33:F36) -> 1 | E110: =IF(MAX(ABS(B110),ABS(C110),ABS(D110))<=$D$4,"일치","불일치") -> 일치
A111: =데이터_신성질별!A37 -> 2025.03 | B111: =데이터_신성질별!F37-SUM(데이터_신성질별!F38:F41) -> 0 | C111: =데이터_신성질별!F42-SUM(데이터_신성질별!F43:F48) -> -1 | D111: =데이터_신성질별!F49-SUM(데이터_신성질별!F50:F53) -> 0 | E111: =IF(MAX(ABS(B111),ABS(C111),ABS(D111))<=$D$4,"일치","불일치") -> 일치
A112: =데이터_신성질별!A54 -> 2025.04 | B112: =데이터_신성질별!F54-SUM(데이터_신성질별!F55:F58) -> 1 | C112: =데이터_신성질별!F59-SUM(데이터_신성질별!F60:F65) -> 1 | D112: =데이터_신성질별!F66-SUM(데이터_신성질별!F67:F70) -> 0 | E112: =IF(MAX(ABS(B112),ABS(C112),ABS(D112))<=$D$4,"일치","불일치") -> 일치
...

Sheet 분석2_월별추이
A1: ② 월별 추이 (2025.01 ~ 2026.07, 19개월)
A2: 「데이터_총괄」을 참조합니다. 일평균 = 금액÷조업일수(영업일 보정), 단가 = 금액÷중량, 순상품교역조건 = 수출단가÷수입단가.
A3: 전년동월비는 12개월 전 값이 있는 2026.01부터 계산됩니다. 12개월 이동합은 최근 12개월 누계로, 계절성을 제거한 추세선입니다.
A5: 기간 | B5: 조업일수 | C5: 수출 건수 | D5: 수출 중량(톤) | E5: 수출 금액(천$) | F5: 수입 금액(천$) | G5: 무역수지(천$) | H5: 수출 전월비 | I5: 수입 전월비 | J5: 수출 전년동월비 | K5: 수입 전년동월비 | L5: 수지 전년동월증감 | M5: 일평균 수출(천$) | N5: 일평균 전월비 | O5: 수출단가(천$/톤) | P5: 수입단가(천$/톤) | Q5: 순상품교역조건 | R5: 수출 12개월 이동합 | S5: 수지 12개월 이동합
A6: =데이터_총괄!A3 -> 2025.01 | B6: =데이터_총괄!D3 -> 20 | C6: =데이터_총괄!E3 -> 924441 | D6: =데이터_총괄!F3 -> 14986302 | E6: =데이터_총괄!G3 -> 49176984 | F6: =데이터_총괄!J3 -> 51172292 | G6: =데이터_총괄!K3 -> -1995308 | M6: =E6/B6 -> 2458849.2 | O6: =E6/D6 -> 3.2814623 | P6: =F6/데이터_총괄!I3 -> 1.0677057 | Q6: =O6/P6 -> 3.0733771
A7: =데이터_총괄!A4 -> 2025.02 | B7: =데이터_총괄!D4 -> 22 | C7: =데이터_총괄!E4 -> 1014431 | D7: =데이터_총괄!F4 -> 16151895 | E7: =데이터_총괄!G4 -> 52292301 | F7: =데이터_총괄!J4 -> 48328741 | G7: =데이터_총괄!K4 -> 3963560 | H7: =E7/E6-1 -> 0.063349086 | I7: =F7/F6-1 -> -0.055568177 | M7: =E7/B7 -> 2376922.8 | N7: =M7/M6-1 -> -0.033319013 | O7: =E7/D7 -> 3.2375335 | P7: =F7/데이터_총괄!I4 -> 1.163561 | Q7: =O7/P7 -> 2.7824354
A8: =데이터_총괄!A5 -> 2025.03 | B8: =데이터_총괄!D5 -> 22 | C8: =데이터_총괄!E5 -> 1236266 | D8: =데이터_총괄!F5 -> 15702060 | E8: =데이터_총괄!G5 -> 58064562 | F8: =데이터_총괄!J5 -> 53341032 | G8: =데이터_총괄!K5 -> 4723530 | H8: =E8/E7-1 -> 0.11038453 | I8: =F8/F7-1 -> 0.10371243 | M8: =E8/B8 -> 2639298.3 | N8: =M8/M7-1 -> 0.11038453 | O8: =E8/D8 -> 3.6978946 | P8: =F8/데이터_총괄!I5 -> 1.2712276 | Q8: =O8/P8 -> 2.9089162
A9: =데이터_총괄!A6 -> 2025.04 | B9: =데이터_총괄!D6 -> 24 | C9: =데이터_총괄!E6 -> 1088160 | D9: =데이터_총괄!F6 -> 17527805 | E9: =데이터_총괄!G6 -> 58035745 | F9: =데이터_총괄!J6 -> 53232716 | G9: =데이터_총괄!K6 -> 4803029 | H9: =E9/E8-1 -> -0.00049629239 | I9: =F9/F8-1 -> -0.0020306319 | M9: =E9/B9 -> 2418156 | N9: =M9/M8-1 -> -0.083788268 | O9: =E9/D9 -> 3.3110675 | P9: =F9/데이터_총괄!I6 -> 1.1762413 | Q9: =O9/P9 -> 2.8149561
A10: =데이터_총괄!A7 -> 2025.05 | B10: =데이터_총괄!D7 -> 21.5 | C10: =데이터_총괄!E7 -> 1034785 | D10: =데이터_총괄!F7 -> 16573463 | E10: =데이터_총괄!G7 -> 57261063 | F10: =데이터_총괄!J7 -> 50345116 | G10: =데이터_총괄!K7 -> 6915946 | H10: =E10/E9-1 -> -0.01334836 | I10: =F10/F9-1 -> -0.054244837 | M10: =E10/B10 -> 2663305.3 | N10: =M10/M9-1 -> 0.10137858 | O10: =E10/D10 -> 3.4549848 | P10: =F10/데이터_총괄!I7 -> 1.1699875 | Q10: =O10/P10 -> 2.9530101
A11: =데이터_총괄!A8 -> 2025.06 | B11: =데이터_총괄!D8 -> 21 | C11: =데이터_총괄!E8 -> 1328545 | D11: =데이터_총괄!F8 -> 16221157 | E11: =데이터_총괄!G8 -> 59833797 | F11: =데이터_총괄!J8 -> 50825746 | G11: =데이터_총괄!K8 -> 9008051 | H11: =E11/E10-1 -> 0.044929903 | I11: =F11/F10-1 -> 0.0095467056 | M11: =E11/B11 -> 2849228.4 | N11: =M11/M10-1 -> 0.069809186 | O11: =E11/D11 -> 3.688627 | P11: =F11/데이터_총괄!I8 -> 1.1894938 | Q11: =O11/P11 -> 3.1010055
A12: =데이터_총괄!A9 -> 2025.07 | B12: =데이터_총괄!D9 -> 25 | C12: =데이터_총괄!E9 -> 1177196 | D12: =데이터_총괄!F9 -> 17580838 | E12: =데이터_총괄!G9 -> 60724322 | F12: =데이터_총괄!J9 -> 54210371 | G12: =데이터_총괄!K9 -> 6513951 | H12: =E12/E11-1 -> 0.014883311 | I12: =F12/F11-1 -> 0.066592726 | M12: =E12/B12 -> 2428972.9 | N12: =M12/M11-1 -> -0.14749802 | O12: =E12/D12 -> 3.4540061 | P12: =F12/데이터_총괄!I9 -> 1.1403055 | Q12: =O12/P12 -> 3.0290181
A13: =데이터_총괄!A10 -> 2025.08 | B13: =데이터_총괄!D10 -> 22.5 | C13: =데이터_총괄!E10 -> 1058881 | D13: =데이터_총괄!F10 -> 17118674 | E13: =데이터_총괄!G10 -> 58259332 | F13: =데이터_총괄!J10 -> 51856624 | G13: =데이터_총괄!K10 -> 6402708 | H13: =E13/E12-1 -> -0.040593125 | I13: =F13/F12-1 -> -0.043418758 | M13: =E13/B13 -> 2589303.6 | N13: =M13/M12-1 -> 0.066007639 | O13: =E13/D13 -> 3.403262 | P13: =F13/데이터_총괄!I10 -> 1.0660892 | Q13: =O13/P13 -> 3.1922865
A14: =데이터_총괄!A11 -> 2025.09 | B14: =데이터_총괄!D11 -> 24 | C14: =데이터_총괄!E11 -> 1451822 | D14: =데이터_총괄!F11 -> 18076703 | E14: =데이터_총괄!G11 -> 65904118 | F14: =데이터_총괄!J11 -> 56419614 | G14: =데이터_총괄!K11 -> 9484504 | H14: =E14/E13-1 -> 0.13121994 | I14: =F14/F13-1 -> 0.087992423 | M14: =E14/B14 -> 2746004.9 | N14: =M14/M13-1 -> 0.060518693 | O14: =E14/D14 -> 3.6458041 | P14: =F14/데이터_총괄!I11 -> 1.1933502 | Q14: =O14/P14 -> 3.0550999
A15: =데이터_총괄!A12 -> 2025.10 | B15: =데이터_총괄!D12 -> 20 | C15: =데이터_총괄!E12 -> 1040165 | D15: =데이터_총괄!F12 -> 16017318 | E15: =데이터_총괄!G12 -> 59511578 | F15: =데이터_총괄!J12 -> 53510827 | G15: =데이터_총괄!K12 -> 6000751 | H15: =E15/E14-1 -> -0.096997581 | I15: =F15/F14-1 -> -0.051556308 | M15: =E15/B15 -> 2975578.9 | N15: =M15/M14-1 -> 0.083602903 | O15: =E15/D15 -> 3.7154521 | P15: =F15/데이터_총괄!I12 -> 1.1247467 | Q15: =O15/P15 -> 3.303368
A16: =데이터_총괄!A13 -> 2025.11 | B16: =데이터_총괄!D13 -> 22.5 | C16: =데이터_총괄!E13 -> 1152460 | D16: =데이터_총괄!F13 -> 14605096 | E16: =데이터_총괄!G13 -> 60752618 | F16: =데이터_총괄!J13 -> 51284605 | G16: =데이터_총괄!K13 -> 9468013 | H16: =E16/E15-1 -> 0.020853757 | I16: =F16/F15-1 -> -0.041603207 | M16: =E16/B16 -> 2700116.4 | N16: =M16/M15-1 -> -0.092574438 | O16: =E16/D16 -> 4.1596862 | P16: =F16/데이터_총괄!I13 -> 1.1775207 | Q16: =O16/P16 -> 3.5325801
A17: =데이터_총괄!A14 -> 2025.12 | B17: =데이터_총괄!D14 -> 24 | C17: =데이터_총괄!E14 -> 1275309 | D17: =데이터_총괄!F14 -> 17977896 | E17: =데이터_총괄!G14 -> 69513624 | F17: =데이터_총괄!J14 -> 57367684 | G17: =데이터_총괄!K14 -> 12145941 | H17: =E17/E16-1 -> 0.14420788 | I17: =F17/F16-1 -> 0.11861413 | M17: =E17/B17 -> 2896401 | N17: =M17/M16-1 -> 0.072694884 | O17: =E17/D17 -> 3.8666162 | P17: =F17/데이터_총괄!I14 -> 1.2074762 | Q17: =O17/P17 -> 3.2022298 | R17: =SUM(E6:E17) -> 709330044 | S17: =SUM(G6:G17) -> 77434676
A18: =데이터_총괄!A15 -> 2026.01 | B18: =데이터_총괄!D15 -> 23.5 | C18: =데이터_총괄!E15 -> 1027989 | D18: =데이터_총괄!F15 -> 16739948 | E18: =데이터_총괄!G15 -> 65843937 | F18: =데이터_총괄!J15 -> 57143469 | G18: =데이터_총괄!K15 -> 8700468 | H18: =E18/E17-1 -> -0.052790903 | I18: =F18/F17-1 -> -0.0039083851 | J18: =E18/E6-1 -> 0.33891775 | K18: =F18/F6-1 -> 0.1166877 | L18: =G18-G6 -> 10695776 | M18: =E18/B18 -> 2801869.7 | N18: =M18/M17-1 -> -0.032637518 | O18: =E18/D18 -> 3.9333418 | P18: =F18/데이터_총괄!I15 -> 1.142524 | Q18: =O18/P18 -> 3.4426778 | R18: =SUM(E7:E18) -> 725996997 | S18: =SUM(G7:G18) -> 88130452
A19: =데이터_총괄!A16 -> 2026.02 | B19: =데이터_총괄!D16 -> 19 | C19: =데이터_총괄!E16 -> 970132 | D19: =데이터_총괄!F16 -> 15601518 | E19: =데이터_총괄!G16 -> 67642547 | F19: =데이터_총괄!J16 -> 51933913 | G19: =데이터_총괄!K16 -> 15708634 | H19: =E19/E18-1 -> 0.027316258 | I19: =F19/F18-1 -> -0.091166254 | J19: =E19/E7-1 -> 0.29354696 | K19: =F19/F7-1 -> 0.074596853 | L19: =G19-G7 -> 11745074 | M19: =E19/B19 -> 3560134.1 | N19: =M19/M18-1 -> 0.270628 | O19: =E19/D19 -> 4.3356389 | P19: =F19/데이터_총괄!I16 -> 1.1993065 | Q19: =O19/P19 -> 3.6151217 | R19: =SUM(E8:E19) -> 741347243 | S19: =SUM(G8:G19) -> 99875526
A20: =데이터_총괄!A17 -> 2026.03 | B20: =데이터_총괄!D17 -> 23 | C20: =데이터_총괄!E17 -> 1439801 | D20: =데이터_총괄!F17 -> 16180252 | E20: =데이터_총괄!G17 -> 87333128 | F20: =데이터_총괄!J17 -> 60753446 | G20: =데이터_총괄!K17 -> 26579682 | H20: =E20/E19-1 -> 0.29109757 | I20: =F20/F19-1 -> 0.16982223 | J20: =E20/E8-1 -> 0.50406935 | K20: =F20/F8-1 -> 0.1389627 | L20: =G20-G8 -> 21856152 | M20: =E20/B20 -> 3797092.5 | N20: =M20/M19-1 -> 0.066558861 | O20: =E20/D20 -> 5.3975135 | P20: =F20/데이터_총괄!I17 -> 1.3818464 | Q20: =O20/P20 -> 3.9060156 | R20: =SUM(E9:E20) -> 770615809 | S20: =SUM(G9:G20) -> 121731678
A21: =데이터_총괄!A18 -> 2026.04 | B21: =데이터_총괄!D18 -> 24 | C21: =데이터_총괄!E18 -> 1130727 | D21: =데이터_총괄!F18 -> 14413704 | E21: =데이터_총괄!G18 -> 85751883 | F21: =데이터_총괄!J18 -> 62104908 | G21: =데이터_총괄!K18 -> 23646975 | H21: =E21/E20-1 -> -0.018105901 | I21: =F21/F20-1 -> 0.022245026 | J21: =E21/E9-1 -> 0.47757013 | K21: =F21/F9-1 -> 0.16666803 | L21: =G21-G9 -> 18843946 | M21: =E21/B21 -> 3572995.1 | N21: =M21/M20-1 -> -0.059018155 | O21: =E21/D21 -> 5.94933 | P21: =F21/데이터_총괄!I18 -> 1.4787418 | Q21: =O21/P21 -> 4.0232379 | R21: =SUM(E10:E21) -> 798331947 | S21: =SUM(G10:G21) -> 140575624
A22: =데이터_총괄!A19 -> 2026.05 | B22: =데이터_총괄!D19 -> 20.5 | C22: =데이터_총괄!E19 -> 993936 | D22: =데이터_총괄!F19 -> 13589511 | E22: =데이터_총괄!G19 -> 87576083 | F22: =데이터_총괄!J19 -> 60748350 | G22: =데이터_총괄!K19 -> 26827733 | H22: =E22/E21-1 -> 0.021273002 | I22: =F22/F21-1 -> -0.021843008 | J22: =E22/E10-1 -> 0.5294177 | K22: =F22/F10-1 -> 0.2066384 | L22: =G22-G10 -> 19911787 | M22: =E22/B22 -> 4272004 | N22: =M22/M21-1 -> 0.19563669 | O22: =E22/D22 -> 6.444388 | P22: =F22/데이터_총괄!I19 -> 1.5291253 | Q22: =O22/P22 -> 4.2144276 | R22: =SUM(E11:E22) -> 828646967 | S22: =SUM(G11:G22) -> 160487411
A23: =데이터_총괄!A20 -> 2026.06 | B23: =데이터_총괄!D20 -> 22.5 | C23: =데이터_총괄!E20 -> 1245865 | D23: =데이터_총괄!F20 -> 15687926 | E23: =데이터_총괄!G20 -> 101956159 | F23: =데이터_총괄!J20 -> 66051586 | G23: =데이터_총괄!K20 -> 35904573 | H23: =E23/E22-1 -> 0.16420095 | I23: =F23/F22-1 -> 0.087298437 | J23: =E23/E11-1 -> 0.70398945 | K23: =F23/F11-1 -> 0.29956943 | L23: =G23-G11 -> 26896522 | M23: =E23/B23 -> 4531384.8 | N23: =M23/M22-1 -> 0.060716421 | O23: =E23/D23 -> 6.4990209 | P23: =F23/데이터_총괄!I20 -> 1.5118563 | Q23: =O23/P23 -> 4.2987027 | R23: =SUM(E12:E23) -> 870769329 | S23: =SUM(G12:G23) -> 187383933
A24: =데이터_총괄!A21 -> 2026.07 | B24: =데이터_총괄!D21 -> 24 | C24: =데이터_총괄!E21 -> 1111934 | D24: =데이터_총괄!F21 -> 17660681 | E24: =데이터_총괄!G21 -> 98959099 | F24: =데이터_총괄!J21 -> 68567473 | G24: =데이터_총괄!K21 -> 30391625 | H24: =E24/E23-1 -> -0.029395576 | I24: =F24/F23-1 -> 0.038089729 | J24: =E24/E12-1 -> 0.62964519 | K24: =F24/F12-1 -> 0.2648405 | L24: =G24-G12 -> 23877674 | M24: =E24/B24 -> 4123295.8 | N24: =M24/M23-1 -> -0.090058352 | O24: =E24/D24 -> 5.603357 | P24: =F24/데이터_총괄!I21 -> 1.3406702 | Q24: =O24/P24 -> 4.1795193 | R24: =SUM(E13:E24) -> 909004106 | S24: =SUM(G13:G24) -> 211261607
A26: 2025년 연간(12개월) | B26: =SUM(B6:B17) -> 268.5 | C26: =SUM(C6:C17) -> 13782461 | D26: =SUM(D6:D17) -> 1.9853921e+08 | E26: =SUM(E6:E17) -> 709330044 | F26: =SUM(F6:F17) -> 631895368 | G26: =SUM(G6:G17) -> 77434676 | M26: =E26/B26 -> 2641825.1 | O26: =E26/D26 -> 3.5727454 | P26: =F26/SUM(데이터_총괄!I3:I14) -> 1.1604235 | Q26: =O26/P26 -> 3.078829
A27: 2025.01~07 | B27: =SUM(B6:B12) -> 155.5 | C27: =SUM(C6:C12) -> 7803824 | D27: =SUM(D6:D12) -> 1.1474352e+08 | E27: =SUM(E6:E12) -> 395388774 | F27: =SUM(F6:F12) -> 361456014 | G27: =SUM(G6:G12) -> 33932759 | M27: =E27/B27 -> 2542693.1 | O27: =E27/D27 -> 3.4458484 | P27: =F27/SUM(데이터_총괄!I3:I9) -> 1.1660661 | Q27: =O27/P27 -> 2.9551054
A28: 2026.01~07 | B28: =SUM(B18:B24) -> 156.5 | C28: =SUM(C18:C24) -> 7920384 | D28: =SUM(D18:D24) -> 1.0987354e+08 | E28: =SUM(E18:E24) -> 595062836 | F28: =SUM(F18:F24) -> 427303145 | G28: =SUM(G18:G24) -> 167759690 | M28: =E28/B28 -> 3802318.4 | O28: =E28/D28 -> 5.4158885 | P28: =F28/SUM(데이터_총괄!I15:I21) -> 1.3615186 | Q28: =O28/P28 -> 3.9778293
A29: 동기비(26.1~7 vs 25.1~7) | B29: =B28/B27-1 -> 0.0064308682 | C29: =C28/C27-1 -> 0.014936267 | D29: =D28/D27-1 -> -0.042442308 | E29: =E28/E27-1 -> 0.50500691 | F29: =F28/F27-1 -> 0.18217191 | G29: =G28-G27 -> 133826931 | M29: =M28/M27-1 -> 0.49539025 | O29: =O28/O27-1 -> 0.57171408 | P29: =P28/P27-1 -> 0.16761693 | Q29: =Q28/Q27-1 -> 0.34608709
A30: 맨 아래 행의 무역수지(G열)는 비율이 아니라 증감액(천달러)입니다.

Sheet 분석3_전년동기비교
A1: ③ 전년 동기 대비 (2026.01~07 vs 2025.01~07)
A2: 모든 값은 정제 시트에 대한 SUMIFS입니다(연도·월 조건). 기여도 = 해당 항목 증감액 ÷ 전체 수출 증감액.
A3: 성질별 시트에는 수출만 있으므로 [B]는 수출만, 신성질별에는 수입도 있어 [C]는 수출·수입·무역수지를 모두 비교합니다.
A5: [A] 총괄 지표
B6: 지표 | C6: 2025.01~07 | D6: 2026.01~07 | E6: 증감 | F6: 증감률 | G6: 2025년 연간 | H6: 2026년 연환산*
A7: 총괄 | B7: 수출 금액(천$) | C7: =분석2_월별추이!E27 -> 395388774 | D7: =분석2_월별추이!E28 -> 595062836 | E7: =D7-C7 -> 199674062 | F7: =IFERROR(D7/C7-1,"-") -> 0.50500691 | G7: =분석2_월별추이!E26 -> 709330044 | H7: =IF(OR($B7="순상품교역조건",LEFT($B7,3)="수출단",LEFT($B7,3)="수입단",LEFT($B7,3)="일평균"),D7,D7/7*12) -> 1.0201077e+09
A8: 총괄 | B8: 수입 금액(천$) | C8: =분석2_월별추이!F27 -> 361456014 | D8: =분석2_월별추이!F28 -> 427303145 | E8: =D8-C8 -> 65847131 | F8: =IFERROR(D8/C8-1,"-") -> 0.18217191 | G8: =분석2_월별추이!F26 -> 631895368 | H8: =IF(OR($B8="순상품교역조건",LEFT($B8,3)="수출단",LEFT($B8,3)="수입단",LEFT($B8,3)="일평균"),D8,D8/7*12) -> 7.3251968e+08
A9: 총괄 | B9: 무역수지(천$) | C9: =분석2_월별추이!G27 -> 33932759 | D9: =분석2_월별추이!G28 -> 167759690 | E9: =D9-C9 -> 133826931 | F9: =IFERROR(D9/C9-1,"-") -> 3.9438859 | G9: =분석2_월별추이!G26 -> 77434676 | H9: =IF(OR($B9="순상품교역조건",LEFT($B9,3)="수출단",LEFT($B9,3)="수입단",LEFT($B9,3)="일평균"),D9,D9/7*12) -> 287588040
A10: 총괄 | B10: 수출 중량(톤) | C10: =분석2_월별추이!D27 -> 1.1474352e+08 | D10: =분석2_월별추이!D28 -> 1.0987354e+08 | E10: =D10-C10 -> -4869979.8 | F10: =IFERROR(D10/C10-1,"-") -> -0.042442308 | G10: =분석2_월별추이!D26 -> 1.9853921e+08 | H10: =IF(OR($B10="순상품교역조건",LEFT($B10,3)="수출단",LEFT($B10,3)="수입단",LEFT($B10,3)="일평균"),D10,D10/7*12) -> 1.8835464e+08
A11: 총괄 | B11: 수출 건수 | C11: =분석2_월별추이!C27 -> 7803824 | D11: =분석2_월별추이!C28 -> 7920384 | E11: =D11-C11 -> 116560 | F11: =IFERROR(D11/C11-1,"-") -> 0.014936267 | G11: =분석2_월별추이!C26 -> 13782461 | H11: =IF(OR($B11="순상품교역조건",LEFT($B11,3)="수출단",LEFT($B11,3)="수입단",LEFT($B11,3)="일평균"),D11,D11/7*12) -> 13577801
A12: 총괄 | B12: 조업일수 | C12: =분석2_월별추이!B27 -> 155.5 | D12: =분석2_월별추이!B28 -> 156.5 | E12: =D12-C12 -> 1 | F12: =IFERROR(D12/C12-1,"-") -> 0.0064308682 | G12: =분석2_월별추이!B26 -> 268.5 | H12: =IF(OR($B12="순상품교역조건",LEFT($B12,3)="수출단",LEFT($B12,3)="수입단",LEFT($B12,3)="일평균"),D12,D12/7*12) -> 268.28571
A13: 총괄 | B13: 일평균 수출(천$) | C13: =분석2_월별추이!M27 -> 2542693.1 | D13: =분석2_월별추이!M28 -> 3802318.4 | E13: =D13-C13 -> 1259625.4 | F13: =IFERROR(D13/C13-1,"-") -> 0.49539025 | G13: =분석2_월별추이!M26 -> 2641825.1 | H13: =IF(OR($B13="순상품교역조건",LEFT($B13,3)="수출단",LEFT($B13,3)="수입단",LEFT($B13,3)="일평균"),D13,D13/7*12) -> 3802318.4
A14: 총괄 | B14: 수출단가(천$/톤) | C14: =분석2_월별추이!O27 -> 3.4458484 | D14: =분석2_월별추이!O28 -> 5.4158885 | E14: =D14-C14 -> 1.9700401 | F14: =IFERROR(D14/C14-1,"-") -> 0.57171408 | G14: =분석2_월별추이!O26 -> 3.5727454 | H14: =IF(OR($B14="순상품교역조건",LEFT($B14,3)="수출단",LEFT($B14,3)="수입단",LEFT($B14,3)="일평균"),D14,D14/7*12) -> 5.4158885
A15: 총괄 | B15: 수입단가(천$/톤) | C15: =분석2_월별추이!P27 -> 1.1660661 | D15: =분석2_월별추이!P28 -> 1.3615186 | E15: =D15-C15 -> 0.19545243 | F15: =IFERROR(D15/C15-1,"-") -> 0.16761693 | G15: =분석2_월별추이!P26 -> 1.1604235 | H15: =IF(OR($B15="순상품교역조건",LEFT($B15,3)="수출단",LEFT($B15,3)="수입단",LEFT($B15,3)="일평균"),D15,D15/7*12) -> 1.3615186
A16: 총괄 | B16: 순상품교역조건 | C16: =분석2_월별추이!Q27 -> 2.9551054 | D16: =분석2_월별추이!Q28 -> 3.9778293 | E16: =D16-C16 -> 1.0227238 | F16: =IFERROR(D16/C16-1,"-") -> 0.34608709 | G16: =분석2_월별추이!Q26 -> 3.078829 | H16: =IF(OR($B16="순상품교역조건",LEFT($B16,3)="수출단",LEFT($B16,3)="수입단",LEFT($B16,3)="일평균"),D16,D16/7*12) -> 3.9778293
A17: * 2026년 연환산 = 1~7월 실적 ÷ 7 × 12 (단순 환산이며 계절성·조업일수는 반영하지 않은 참고치입니다). 단가·일평균·교역조건은 환산 없이 실적값입니다.
A19: [B] 성질별 (수출 금액, 천달러)
A20: 구분 | B20: 항목 | C20: 2025.01~07 | D20: 2026.01~07 | E20: 증감액 | F20: 증감률 | G20: 기여도 | H20: 26년 비중 | I20: 2025년 연간 | J20: 2026년 7월 | K20: 전월비 | L20: 전년동월비
A21: 대분류 | B21: 1. 식료 및 직접소비재 | C21: =SUMIFS(데이터_성질별!$F$3:$F$401,데이터_성질별!$D$3:$D$401,$B21,데이터_성질별!$B$3:$B$401,2025,데이터_성질별!$C$3:$C$401,"<=7") -> 7049859 | D21: =SUMIFS(데이터_성질별!$F$3:$F$401,데이터_성질별!$D$3:$D$401,$B21,데이터_성질별!$B$3:$B$401,2026,데이터_성질별!$C$3:$C$401,"<=7") -> 7616565 | E21: =D21-C21 -> 566706 | F21: =IFERROR(D21/C21-1,"-") -> 0.080385437 | G21: =IFERROR(E21/(분석2_월별추이!E28-분석2_월별추이!E27),"-") -> 0.0028381553 | H21: =IFERROR(D21/분석2_월별추이!E28,"-") -> 0.012799598 | I21: =SUMIFS(데이터_성질별!$F$3:$F$401,데이터_성질별!$D$3:$D$401,$B21,데이터_성질별!$B$3:$B$401,2025) -> 12304295 | J21: =SUMIFS(데이터_성질별!$F$3:$F$401,데이터_성질별!$D$3:$D$401,$B21,데이터_성질별!$A$3:$A$401,"2026.07") -> 1081841 | K21: =IFERROR(J21/SUMIFS(데이터_성질별!$F$3:$F$401,데이터_성질별!$D$3:$D$401,$B21,데이터_성질별!$A$3:$A$401,"2026.06")-1,"-") -> -0.061375296 | L21: =IFERROR(J21/SUMIFS(데이터_성질별!$F$3:$F$401,데이터_성질별!$D$3:$D$401,$B21,데이터_성질별!$A$3:$A$401,"2025.07")-1,"-") -> 0.025947386
A22: 대분류 | B22: 2. 원료 및 연료 | C22: =SUMIFS(데이터_성질별!$F$3:$F$401,데이터_성질별!$D$3:$D$401,$B22,데이터_성질별!$B$3:$B$401,2025,데이터_성질별!$C$3:$C$401,"<=7") -> 31751422 | D22: =SUMIFS(데이터_성질별!$F$3:$F$401,데이터_성질별!$D$3:$D$401,$B22,데이터_성질별!$B$3:$B$401,2026,데이터_성질별!$C$3:$C$401,"<=7") -> 43087971 | E22: =D22-C22 -> 11336549 | F22: =IFERROR(D22/C22-1,"-") -> 0.35704067 | G22: =IFERROR(E22/(분석2_월별추이!E28-분석2_월별추이!E27),"-") -> 0.056775271 | H22: =IFERROR(D22/분석2_월별추이!E28,"-") -> 0.072409111 | I22: =SUMIFS(데이터_성질별!$F$3:$F$401,데이터_성질별!$D$3:$D$401,$B22,데이터_성질별!$B$3:$B$401,2025) -> 55864910 | J22: =SUMIFS(데이터_성질별!$F$3:$F$401,데이터_성질별!$D$3:$D$401,$B22,데이터_성질별!$A$3:$A$401,"2026.07") -> 6896402 | K22: =IFERROR(J22/SUMIFS(데이터_성질별!$F$3:$F$401,데이터_성질별!$D$3:$D$401,$B22,데이터_성질별!$A$3:$A$401,"2026.06")-1,"-") -> 0.043578357 | L22: =IFERROR(J22/SUMIFS(데이터_성질별!$F$3:$F$401,데이터_성질별!$D$3:$D$401,$B22,데이터_성질별!$A$3:$A$401,"2025.07")-1,"-") -> 0.31645094
A23: 대분류 | B23: 3. 경공업품 | C23: =SUMIFS(데이터_성질별!$F$3:$F$401,데이터_성질별!$D$3:$D$401,$B23,데이터_성질별!$B$3:$B$401,2025,데이터_성질별!$C$3:$C$401,"<=7") -> 20252239 | D23: =SUMIFS(데이터_성질별!$F$3:$F$401,데이터_성질별!$D$3:$D$401,$B23,데이터_성질별!$B$3:$B$401,2026,데이터_성질별!$C$3:$C$401,"<=7") -> 25893137 | E23: =D23-C23 -> 5640898 | F23: =IFERROR(D23/C23-1,"-") -> 0.27853207 | G23: =IFERROR(E23/(분석2_월별추이!E28-분석2_월별추이!E27),"-") -> 0.02825053 | H23: =IFERROR(D23/분석2_월별추이!E28,"-") -> 0.043513282 | I23: =SUMIFS(데이터_성질별!$F$3:$F$401,데이터_성질별!$D$3:$D$401,$B23,데이터_성질별!$B$3:$B$401,2025) -> 35296066 | J23: =SUMIFS(데이터_성질별!$F$3:$F$401,데이터_성질별!$D$3:$D$401,$B23,데이터_성질별!$A$3:$A$401,"2026.07") -> 3778039 | K23: =IFERROR(J23/SUMIFS(데이터_성질별!$F$3:$F$401,데이터_성질별!$D$3:$D$401,$B23,데이터_성질별!$A$3:$A$401,"2026.06")-1,"-") -> -0.069534006 | L23: =IFERROR(J23/SUMIFS(데이터_성질별!$F$3:$F$401,데이터_성질별!$D$3:$D$401,$B23,데이터_성질별!$A$3:$A$401,"2025.07")-1,"-") -> 0.23602542
A24: 중분류 | B24: 가. 섬유원료 | C24: =SUMIFS(데이터_성질별!$F$3:$F$401,데이터_성질별!$D$3:$D$401,$B24,데이터_성질별!$B$3:$B$401,2025,데이터_성질별!$C$3:$C$401,"<=7") -> 574639 | D24: =SUMIFS(데이터_성질별!$F$3:$F$401,데이터_성질별!$D$3:$D$401,$B24,데이터_성질별!$B$3:$B$401,2026,데이터_성질별!$C$3:$C$401,"<=7") -> 570206 | E24: =D24-C24 -> -4433 | F24: =IFERROR(D24/C24-1,"-") -> -0.0077144085 | G24: =IFERROR(E24/(분석2_월별추이!E28-분석2_월별추이!E27),"-") -> -2.2201181e-05 | H24: =IFERROR(D24/분석2_월별추이!E28,"-") -> 0.00095822822 | I24: =SUMIFS(데이터_성질별!$F$3:$F$401,데이터_성질별!$D$3:$D$401,$B24,데이터_성질별!$B$3:$B$401,2025) -> 959081 | J24: =SUMIFS(데이터_성질별!$F$3:$F$401,데이터_성질별!$D$3:$D$401,$B24,데이터_성질별!$A$3:$A$401,"2026.07") -> 77156 | K24: =IFERROR(J24/SUMIFS(데이터_성질별!$F$3:$F$401,데이터_성질별!$D$3:$D$401,$B24,데이터_성질별!$A$3:$A$401,"2026.06")-1,"-") -> -0.025562011 | L24: =IFERROR(J24/SUMIFS(데이터_성질별!$F$3:$F$401,데이터_성질별!$D$3:$D$401,$B24,데이터_성질별!$A$3:$A$401,"2025.07")-1,"-") -> -0.011745418
A25: 중분류 | B25: 나. 섬유사 | C25: =SUMIFS(데이터_성질별!$F$3:$F$401,데이터_성질별!$D$3:$D$401,$B25,데이터_성질별!$B$3:$B$401,2025,데이터_성질별!$C$3:$C$401,"<=7") -> 446706 | D25: =SUMIFS(데이터_성질별!$F$3:$F$401,데이터_성질별!$D$3:$D$401,$B25,데이터_성질별!$B$3:$B$401,2026,데이터_성질별!$C$3:$C$401,"<=7") -> 450881 | E25: =D25-C25 -> 4175 | F25: =IFERROR(D25/C25-1,"-") -> 0.0093461919 | G25: =IFERROR(E25/(분석2_월별추이!E28-분석2_월별추이!E27),"-") -> 2.0909075e-05 | H25: =IFERROR(D25/분석2_월별추이!E28,"-") -> 0.00075770317 | I25: =SUMIFS(데이터_성질별!$F$3:$F$401,데이터_성질별!$D$3:$D$401,$B25,데이터_성질별!$B$3:$B$401,2025) -> 736456 | J25: =SUMIFS(데이터_성질별!$F$3:$F$401,데이터_성질별!$D$3:$D$401,$B25,데이터_성질별!$A$3:$A$401,"2026.07") -> 66017 | K25: =IFERROR(J25/SUMIFS(데이터_성질별!$F$3:$F$401,데이터_성질별!$D$3:$D$401,$B25,데이터_성질별!$A$3:$A$401,"2026.06")-1,"-") -> 0.0082779687 | L25: =IFERROR(J25/SUMIFS(데이터_성질별!$F$3:$F$401,데이터_성질별!$D$3:$D$401,$B25,데이터_성질별!$A$3:$A$401,"2025.07")-1,"-") -> 0.071095968
A26: 중분류 | B26: 다. 직 물 | C26: =SUMIFS(데이터_성질별!$F$3:$F$401,데이터_성질별!$D$3:$D$401,$B26,데이터_성질별!$B$3:$B$401,2025,데이터_성질별!$C$3:$C$401,"<=7") -> 1985539 | D26: =SUMIFS(데이터_성질별!$F$3:$F$401,데이터_성질별!$D$3:$D$401,$B26,데이터_성질별!$B$3:$B$401,2026,데이터_성질별!$C$3:$C$401,"<=7") -> 1915840 | E26: =D26-C26 -> -69699 | F26: =IFERROR(D26/C26-1,"-") -> -0.035103315 | G26: =IFERROR(E26/(분석2_월별추이!E28-분석2_월별추이!E27),"-") -> -0.00034906387 | H26: =IFERROR(D26/분석2_월별추이!E28,"-") -> 0.0032195592 | I26: =SUMIFS(데이터_성질별!$F$3:$F$401,데이터_성질별!$D$3:$D$401,$B26,데이터_성질별!$B$3:$B$401,2025) -> 3346282 | J26: =SUMIFS(데이터_성질별!$F$3:$F$401,데이터_성질별!$D$3:$D$401,$B26,데이터_성질별!$A$3:$A$401,"2026.07") -> 298501 | K26: =IFERROR(J26/SUMIFS(데이터_성질별!$F$3:$F$401,데이터_성질별!$D$3:$D$401,$B26,데이터_성질별!$A$3:$A$401,"2026.06")-1,"-") -> 0.057190821 | L26: =IFERROR(J26/SUMIFS(데이터_성질별!$F$3:$F$401,데이터_성질별!$D$3:$D$401,$B26,데이터_성질별!$A$3:$A$401,"2025.07")-1,"-") -> 0.01015225
A27: 중분류 | B27: 라. 기타 섬유제품 | C27: =SUMIFS(데이터_성질별!$F$3:$F$401,데이터_성질별!$D$3:$D$401,$B27,데이터_성질별!$B$3:$B$401,2025,데이터_성질별!$C$3:$C$401,"<=7") -> 1281135 | D27: =SUMIFS(데이터_성질별!$F$3:$F$401,데이터_성질별!$D$3:$D$401,$B27,데이터_성질별!$B$3:$B$401,2026,데이터_성질별!$C$3:$C$401,"<=7") -> 1199510 | E27: =D27-C27 -> -81625 | F27: =IFERROR(D27/C27-1,"-") -> -0.063713036 | G27: =IFERROR(E27/(분석2_월별추이!E28-분석2_월별추이!E27),"-") -> -0.0004087912 | H27: =IFERROR(D27/분석2_월별추이!E28,"-") -> 0.0020157703 | I27: =SUMIFS(데이터_성질별!$F$3:$F$401,데이터_성질별!$D$3:$D$401,$B27,데이터_성질별!$B$3:$B$401,2025) -> 2122831 | J27: =SUMIFS(데이터_성질별!$F$3:$F$401,데이터_성질별!$D$3:$D$401,$B27,데이터_성질별!$A$3:$A$401,"2026.07") -> 184656 | K27: =IFERROR(J27/SUMIFS(데이터_성질별!$F$3:$F$401,데이터_성질별!$D$3:$D$401,$B27,데이터_성질별!$A$3:$A$401,"2026.06")-1,"-") -> 0.014142058 | L27: =IFERROR(J27/SUMIFS(데이터_성질별!$F$3:$F$401,데이터_성질별!$D$3:$D$401,$B27,데이터_성질별!$A$3:$A$401,"2025.07")-1,"-") -> 0.022215087
A28: 중분류 | B28: 마. 의 류 | C28: =SUMIFS(데이터_성질별!$F$3:$F$401,데이터_성질별!$D$3:$D$401,$B28,데이터_성질별!$B$3:$B$401,2025,데이터_성질별!$C$3:$C$401,"<=7") -> 1071657 | D28: =SUMIFS(데이터_성질별!$F$3:$F$401,데이터_성질별!$D$3:$D$401,$B28,데이터_성질별!$B$3:$B$401,2026,데이터_성질별!$C$3:$C$401,"<=7") -> 1187522 | E28: =D28-C28 -> 115865 | F28: =IFERROR(D28/C28-1,"-") -> 0.10811762 | G28: =IFERROR(E28/(분석2_월별추이!E28-분석2_월별추이!E27),"-") -> 0.00058027066 | H28: =IFERROR(D28/분석2_월별추이!E28,"-") -> 0.0019956245 | I28: =SUMIFS(데이터_성질별!$F$3:$F$401,데이터_성질별!$D$3:$D$401,$B28,데이터_성질별!$B$3:$B$401,2025) -> 1930350 | J28: =SUMIFS(데이터_성질별!$F$3:$F$401,데이터_성질별!$D$3:$D$401,$B28,데이터_성질별!$A$3:$A$401,"2026.07") -> 162057 | K28: =IFERROR(J28/SUMIFS(데이터_성질별!$F$3:$F$401,데이터_성질별!$D$3:$D$401,$B28,데이터_성질별!$A$3:$A$401,"2026.06")-1,"-") -> -0.15572007 | L28: =IFERROR(J28/SUMIFS(데이터_성질별!$F$3:$F$401,데이터_성질별!$D$3:$D$401,$B28,데이터_성질별!$A$3:$A$401,"2025.07")-1,"-") -> 0.025878495
A29: 중분류 | B29: 바. 목제품 | C29: =SUMIFS(데이터_성질별!$F$3:$F$401,데이터_성질별!$D$3:$D$401,$B29,데이터_성질별!$B$3:$B$401,2025,데이터_성질별!$C$3:$C$401,"<=7") -> 681202 | D29: =SUMIFS(데이터_성질별!$F$3:$F$401,데이터_성질별!$D$3:$D$401,$B29,데이터_성질별!$B$3:$B$401,2026,데이터_성질별!$C$3:$C$401,"<=7") -> 677482 | E29: =D29-C29 -> -3720 | F29: =IFERROR(D29/C29-1,"-") -> -0.0054609352 | G29: =IFERROR(E29/(분석2_월별추이!E28-분석2_월별추이!E27),"-") -> -1.8630362e-05 | H29: =IFERROR(D29/분석2_월별추이!E28,"-") -> 0.001138505 | I29: =SUMIFS(데이터_성질별!$F$3:$F$401,데이터_성질별!$D$3:$D$401,$B29,데이터_성질별!$B$3:$B$401,2025) -> 1168384 | J29: =SUMIFS(데이터_성질별!$F$3:$F$401,데이터_성질별!$D$3:$D$401,$B29,데이터_성질별!$A$3:$A$401,"2026.07") -> 111673 | K29: =IFERROR(J29/SUMIFS(데이터_성질별!$F$3:$F$401,데이터_성질별!$D$3:$D$401,$B29,데이터_성질별!$A$3:$A$401,"2026.06")-1,"-") -> 0.17340548 | L29: =IFERROR(J29/SUMIFS(데이터_성질별!$F$3:$F$401,데이터_성질별!$D$3:$D$401,$B29,데이터_성질별!$A$3:$A$401,"2025.07")-1,"-") -> 0.038480495
A30: 중분류 | B30: 사. 가죽, 고무 및 신발류 | C30: =SUMIFS(데이터_성질별!$F$3:$F$401,데이터_성질별!$D$3:$D$401,$B30,데이터_성질별!$B$3:$B$401,2025,데이터_성질별!$C$3:$C$401,"<=7") -> 2992340 | D30: =SUMIFS(데이터_성질별!$F$3:$F$401,데이터_성질별!$D$3:$D$401,$B30,데이터_성질별!$B$3:$B$401,2026,데이터_성질별!$C$3:$C$401,"<=7") -> 3018446 | E30: =D30-C30 -> 26106 | F30: =IFERROR(D30/C30-1,"-") -> 0.008724276 | G30: =IFERROR(E30/(분석2_월별추이!E28-분석2_월별추이!E27),"-") -> 0.00013074307 | H30: =IFERROR(D30/분석2_월별추이!E28,"-") -> 0.0050724828 | I30: =SUMIFS(데이터_성질별!$F$3:$F$401,데이터_성질별!$D$3:$D$401,$B30,데이터_성질별!$B$3:$B$401,2025) -> 4752247 | J30: =SUMIFS(데이터_성질별!$F$3:$F$401,데이터_성질별!$D$3:$D$401,$B30,데이터_성질별!$A$3:$A$401,"2026.07") -> 485169 | K30: =IFERROR(J30/SUMIFS(데이터_성질별!$F$3:$F$401,데이터_성질별!$D$3:$D$401,$B30,데이터_성질별!$A$3:$A$401,"2026.06")-1,"-") -> 8.8636767e-05 | L30: =IFERROR(J30/SUMIFS(데이터_성질별!$F$3:$F$401,데이터_성질별!$D$3:$D$401,$B30,데이터_성질별!$A$3:$A$401,"2025.07")-1,"-") -> 0.13098807
A31: 중분류 | B31: 아. 귀금속 및 보석류 | C31: =SUMIFS(데이터_성질별!$F$3:$F$401,데이터_성질별!$D$3:$D$401,$B31,데이터_성질별!$B$3:$B$401,2025,데이터_성질별!$C$3:$C$401,"<=7") -> 2793764 | D31: =SUMIFS(데이터_성질별!$F$3:$F$401,데이터_성질별!$D$3:$D$401,$B31,데이터_성질별!$B$3:$B$401,2026,데이터_성질별!$C$3:$C$401,"<=7") -> 8269994 | E31: =D31-C31 -> 5476230 | F31: =IFERROR(D31/C31-1,"-") -> 1.960162 | G31: =IFERROR(E31/(분석2_월별추이!E28-분석2_월별추이!E27),"-") -> 0.027425846 | H31: =IFERROR(D31/분석2_월별추이!E28,"-") -> 0.013897682 | I31: =SUMIFS(데이터_성질별!$F$3:$F$401,데이터_성질별!$D$3:$D$401,$B31,데이터_성질별!$B$3:$B$401,2025) -> 5313959 | J31: =SUMIFS(데이터_성질별!$F$3:$F$401,데이터_성질별!$D$3:$D$401,$B31,데이터_성질별!$A$3:$A$401,"2026.07") -> 1011215 | K31: =IFERROR(J31/SUMIFS(데이터_성질별!$F$3:$F$401,데이터_성질별!$D$3:$D$401,$B31,데이터_성질별!$A$3:$A$401,"2026.06")-1,"-") -> -0.26881815 | L31: =IFERROR(J31/SUMIFS(데이터_성질별!$F$3:$F$401,데이터_성질별!$D$3:$D$401,$B31,데이터_성질별!$A$3:$A$401,"2025.07")-1,"-") -> 1.1379024
A32: 중분류 | B32: 자. 기타 비금속 광물제품 | C32: =SUMIFS(데이터_성질별!$F$3:$F$401,데이터_성질별!$D$3:$D$401,$B32,데이터_성질별!$B$3:$B$401,2025,데이터_성질별!$C$3:$C$401,"<=7") -> 1437647 | D32: =SUMIFS(데이터_성질별!$F$3:$F$401,데이터_성질별!$D$3:$D$401,$B32,데이터_성질별!$B$3:$B$401,2026,데이터_성질별!$C$3:$C$401,"<=7") -> 1302260 | E32: =D32-C32 -> -135387 | F32: =IFERROR(D32/C32-1,"-") -> -0.094172631 | G32: =IFERROR(E32/(분석2_월별추이!E28-분석2_월별추이!E27),"-") -> -0.00067803999 | H32: =IFERROR(D32/분석2_월별추이!E28,"-") -> 0.0021884412 | I32: =SUMIFS(데이터_성질별!$F$3:$F$401,데이터_성질별!$D$3:$D$401,$B32,데이터_성질별!$B$3:$B$401,2025) -> 2463266 | J32: =SUMIFS(데이터_성질별!$F$3:$F$401,데이터_성질별!$D$3:$D$401,$B32,데이터_성질별!$A$3:$A$401,"2026.07") -> 199569 | K32: =IFERROR(J32/SUMIFS(데이터_성질별!$F$3:$F$401,데이터_성질별!$D$3:$D$401,$B32,데이터_성질별!$A$3:$A$401,"2026.06")-1,"-") -> -0.025580055 | L32: =IFERROR(J32/SUMIFS(데이터_성질별!$F$3:$F$401,데이터_성질별!$D$3:$D$401,$B32,데이터_성질별!$A$3:$A$401,"2025.07")-1,"-") -> -0.09247217
A33: 중분류 | B33: 차. 완구, 운동용구 및 악기 | C33: =SUMIFS(데이터_성질별!$F$3:$F$401,데이터_성질별!$D$3:$D$401,$B33,데이터_성질별!$B$3:$B$401,2025,데이터_성질별!$C$3:$C$401,"<=7") -> 356219 | D33: =SUMIFS(데이터_성질별!$F$3:$F$401,데이터_성질별!$D$3:$D$401,$B33,데이터_성질별!$B$3:$B$401,2026,데이터_성질별!$C$3:$C$401,"<=7") -> 439188 | E33: =D33-C33 -> 82969 | F33: =IFERROR(D33/C33-1,"-") -> 0.23291571 | G33: =IFERROR(E33/(분석2_월별추이!E28-분석2_월별추이!E27),"-") -> 0.00041552217 | H33: =IFERROR(D33/분석2_월별추이!E28,"-") -> 0.00073805315 | I33: =SUMIFS(데이터_성질별!$F$3:$F$401,데이터_성질별!$D$3:$D$401,$B33,데이터_성질별!$B$3:$B$401,2025) -> 637084 | J33: =SUMIFS(데이터_성질별!$F$3:$F$401,데이터_성질별!$D$3:$D$401,$B33,데이터_성질별!$A$3:$A$401,"2026.07") -> 68493 | K33: =IFERROR(J33/SUMIFS(데이터_성질별!$F$3:$F$401,데이터_성질별!$D$3:$D$401,$B33,데이터_성질별!$A$3:$A$401,"2026.06")-1,"-") -> -0.040848621 | L33: =IFERROR(J33/SUMIFS(데이터_성질별!$F$3:$F$401,데이터_성질별!$D$3:$D$401,$B33,데이터_성질별!$A$3:$A$401,"2025.07")-1,"-") -> 0.21396289
A34: 중분류 | B34: 카. 기 타 | C34: =SUMIFS(데이터_성질별!$F$3:$F$401,데이터_성질별!$D$3:$D$401,$B34,데이터_성질별!$B$3:$B$401,2025,데이터_성질별!$C$3:$C$401,"<=7") -> 6631391 | D34: =SUMIFS(데이터_성질별!$F$3:$F$401,데이터_성질별!$D$3:$D$401,$B34,데이터_성질별!$B$3:$B$401,2026,데이터_성질별!$C$3:$C$401,"<=7") -> 6861801 | E34: =D34-C34 -> 230410 | F34: =IFERROR(D34/C34-1,"-") -> 0.03474535 | G34: =IFERROR(E34/(분석2_월별추이!E28-분석2_월별추이!E27),"-") -> 0.0011539305 | H34: =IFERROR(D34/분석2_월별추이!E28,"-") -> 0.011531221 | I34: =SUMIFS(데이터_성질별!$F$3:$F$401,데이터_성질별!$D$3:$D$401,$B34,데이터_성질별!$B$3:$B$401,2025) -> 11866128 | J34: =SUMIFS(데이터_성질별!$F$3:$F$401,데이터_성질별!$D$3:$D$401,$B34,데이터_성질별!$A$3:$A$401,"2026.07") -> 1113531 | K34: =IFERROR(J34/SUMIFS(데이터_성질별!$F$3:$F$401,데이터_성질별!$D$3:$D$401,$B34,데이터_성질별!$A$3:$A$401,"2026.06")-1,"-") -> 0.091874756 | L34: =IFERROR(J34/SUMIFS(데이터_성질별!$F$3:$F$401,데이터_성질별!$D$3:$D$401,$B34,데이터_성질별!$A$3:$A$401,"2025.07")-1,"-") -> 0.11693766
A35: 대분류 | B35: 4. 중화학 공업품 | C35: =SUMIFS(데이터_성질별!$F$3:$F$401,데이터_성질별!$D$3:$D$401,$B35,데이터_성질별!$B$3:$B$401,2025,데이터_성질별!$C$3:$C$401,"<=7") -> 336335253 | D35: =SUMIFS(데이터_성질별!$F$3:$F$401,데이터_성질별!$D$3:$D$401,$B35,데이터_성질별!$B$3:$B$401,2026,데이터_성질별!$C$3:$C$401,"<=7") -> 518465164 | E35: =D35-C35 -> 182129911 | F35: =IFERROR(D35/C35-1,"-") -> 0.541513 | G35: =IFERROR(E35/(분석2_월별추이!E28-분석2_월별추이!E27),"-") -> 0.91213605 | H35: =IFERROR(D35/분석2_월별추이!E28,"-") -> 0.87127801 | I35: =SUMIFS(데이터_성질별!$F$3:$F$401,데이터_성질별!$D$3:$D$401,$B35,데이터_성질별!$B$3:$B$401,2025) -> 605864771 | J35: =SUMIFS(데이터_성질별!$F$3:$F$401,데이터_성질별!$D$3:$D$401,$B35,데이터_성질별!$A$3:$A$401,"2026.07") -> 87202818 | K35: =IFERROR(J35/SUMIFS(데이터_성질별!$F$3:$F$401,데이터_성질별!$D$3:$D$401,$B35,데이터_성질별!$A$3:$A$401,"2026.06")-1,"-") -> -0.032528707 | L35: =IFERROR(J35/SUMIFS(데이터_성질별!$F$3:$F$401,데이터_성질별!$D$3:$D$401,$B35,데이터_성질별!$A$3:$A$401,"2025.07")-1,"-") -> 0.69739144
A36: 중분류 | B36: 가. 화공품 | C36: =SUMIFS(데이터_성질별!$F$3:$F$401,데이터_성질별!$D$3:$D$401,$B36,데이터_성질별!$B$3:$B$401,2025,데이터_성질별!$C$3:$C$401,"<=7") -> 46214562 | D36: =SUMIFS(데이터_성질별!$F$3:$F$401,데이터_성질별!$D$3:$D$401,$B36,데이터_성질별!$B$3:$B$401,2026,데이터_성질별!$C$3:$C$401,"<=7") -> 50789098 | E36: =D36-C36 -> 4574536 | F36: =IFERROR(D36/C36-1,"-") -> 0.098984731 | G36: =IFERROR(E36/(분석2_월별추이!E28-분석2_월별추이!E27),"-") -> 0.022910016 | H36: =IFERROR(D36/분석2_월별추이!E28,"-") -> 0.085350815 | I36: =SUMIFS(데이터_성질별!$F$3:$F$401,데이터_성질별!$D$3:$D$401,$B36,데이터_성질별!$B$3:$B$401,2025) -> 78338765 | J36: =SUMIFS(데이터_성질별!$F$3:$F$401,데이터_성질별!$D$3:$D$401,$B36,데이터_성질별!$A$3:$A$401,"2026.07") -> 7980842 | K36: =IFERROR(J36/SUMIFS(데이터_성질별!$F$3:$F$401,데이터_성질별!$D$3:$D$401,$B36,데이터_성질별!$A$3:$A$401,"2026.06")-1,"-") -> 0.01407922 | L36: =IFERROR(J36/SUMIFS(데이터_성질별!$F$3:$F$401,데이터_성질별!$D$3:$D$401,$B36,데이터_성질별!$A$3:$A$401,"2025.07")-1,"-") -> 0.19122503
A37: 중분류 | B37: 나. 철강제품 | C37: =SUMIFS(데이터_성질별!$F$3:$F$401,데이터_성질별!$D$3:$D$401,$B37,데이터_성질별!$B$3:$B$401,2025,데이터_성질별!$C$3:$C$401,"<=7") -> 27417172 | D37: =SUMIFS(데이터_성질별!$F$3:$F$401,데이터_성질별!$D$3:$D$401,$B37,데이터_성질별!$B$3:$B$401,2026,데이터_성질별!$C$3:$C$401,"<=7") -> 29235558 | E37: =D37-C37 -> 1818386 | F37: =IFERROR(D37/C37-1,"-") -> 0.066322887 | G37: =IFERROR(E37/(분석2_월별추이!E28-분석2_월별추이!E27),"-") -> 0.0091067712 | H37: =IFERROR(D37/분석2_월별추이!E28,"-") -> 0.049130203 | I37: =SUMIFS(데이터_성질별!$F$3:$F$401,데이터_성질별!$D$3:$D$401,$B37,데이터_성질별!$B$3:$B$401,2025) -> 45987214 | J37: =SUMIFS(데이터_성질별!$F$3:$F$401,데이터_성질별!$D$3:$D$401,$B37,데이터_성질별!$A$3:$A$401,"2026.07") -> 4661963 | K37: =IFERROR(J37/SUMIFS(데이터_성질별!$F$3:$F$401,데이터_성질별!$D$3:$D$401,$B37,데이터_성질별!$A$3:$A$401,"2026.06")-1,"-") -> 0.071398892 | L37: =IFERROR(J37/SUMIFS(데이터_성질별!$F$3:$F$401,데이터_성질별!$D$3:$D$401,$B37,데이터_성질별!$A$3:$A$401,"2025.07")-1,"-") -> 0.11298671
A38: 중분류 | B38: 다. 기계류와 정밀기기 | C38: =SUMIFS(데이터_성질별!$F$3:$F$401,데이터_성질별!$D$3:$D$401,$B38,데이터_성질별!$B$3:$B$401,2025,데이터_성질별!$C$3:$C$401,"<=7") -> 41256048 | D38: =SUMIFS(데이터_성질별!$F$3:$F$401,데이터_성질별!$D$3:$D$401,$B38,데이터_성질별!$B$3:$B$401,2026,데이터_성질별!$C$3:$C$401,"<=7") -> 41623938 | E38: =D38-C38 -> 367890 | F38: =IFERROR(D38/C38-1,"-") -> 0.008917238 | G38: =IFERROR(E38/(분석2_월별추이!E28-분석2_월별추이!E27),"-") -> 0.0018424526 | H38: =IFERROR(D38/분석2_월별추이!E28,"-") -> 0.069948811 | I38: =SUMIFS(데이터_성질별!$F$3:$F$401,데이터_성질별!$D$3:$D$401,$B38,데이터_성질별!$B$3:$B$401,2025) -> 69926045 | J38: =SUMIFS(데이터_성질별!$F$3:$F$401,데이터_성질별!$D$3:$D$401,$B38,데이터_성질별!$A$3:$A$401,"2026.07") -> 6861427 | K38: =IFERROR(J38/SUMIFS(데이터_성질별!$F$3:$F$401,데이터_성질별!$D$3:$D$401,$B38,데이터_성질별!$A$3:$A$401,"2026.06")-1,"-") -> 0.047976177 | L38: =IFERROR(J38/SUMIFS(데이터_성질별!$F$3:$F$401,데이터_성질별!$D$3:$D$401,$B38,데이터_성질별!$A$3:$A$401,"2025.07")-1,"-") -> 0.084135258
A39: 중분류 | B39: 라. 전기, 전자제품 | C39: =SUMIFS(데이터_성질별!$F$3:$F$401,데이터_성질별!$D$3:$D$401,$B39,데이터_성질별!$B$3:$B$401,2025,데이터_성질별!$C$3:$C$401,"<=7") -> 136055620 | D39: =SUMIFS(데이터_성질별!$F$3:$F$401,데이터_성질별!$D$3:$D$401,$B39,데이터_성질별!$B$3:$B$401,2026,데이터_성질별!$C$3:$C$401,"<=7") -> 306073009 | E39: =D39-C39 -> 170017389 | F39: =IFERROR(D39/C39-1,"-") -> 1.2496168 | G39: =IFERROR(E39/(분석2_월별추이!E28-분석2_월별추이!E27),"-") -> 0.85147458 | H39: =IFERROR(D39/분석2_월별추이!E28,"-") -> 0.5143541 | I39: =SUMIFS(데이터_성질별!$F$3:$F$401,데이터_성질별!$D$3:$D$401,$B39,데이터_성질별!$B$3:$B$401,2025) -> 261590376 | J39: =SUMIFS(데이터_성질별!$F$3:$F$401,데이터_성질별!$D$3:$D$401,$B39,데이터_성질별!$A$3:$A$401,"2026.07") -> 53312084 | K39: =IFERROR(J39/SUMIFS(데이터_성질별!$F$3:$F$401,데이터_성질별!$D$3:$D$401,$B39,데이터_성질별!$A$3:$A$401,"2026.06")-1,"-") -> -0.066789363 | L39: =IFERROR(J39/SUMIFS(데이터_성질별!$F$3:$F$401,데이터_성질별!$D$3:$D$401,$B39,데이터_성질별!$A$3:$A$401,"2025.07")-1,"-") -> 1.4172978
A40: 중분류 | B40: 마. 수송장비 | C40: =SUMIFS(데이터_성질별!$F$3:$F$401,데이터_성질별!$D$3:$D$401,$B40,데이터_성질별!$B$3:$B$401,2025,데이터_성질별!$C$3:$C$401,"<=7") -> 72148590 | D40: =SUMIFS(데이터_성질별!$F$3:$F$401,데이터_성질별!$D$3:$D$401,$B40,데이터_성질별!$B$3:$B$401,2026,데이터_성질별!$C$3:$C$401,"<=7") -> 75156811 | E40: =D40-C40 -> 3008221 | F40: =IFERROR(D40/C40-1,"-") -> 0.0416948 | G40: =IFERROR(E40/(분석2_월별추이!E28-분석2_월별추이!E27),"-") -> 0.015065657 | H40: =IFERROR(D40/분석2_월별추이!E28,"-") -> 0.12630063 | I40: =SUMIFS(데이터_성질별!$F$3:$F$401,데이터_성질별!$D$3:$D$401,$B40,데이터_성질별!$B$3:$B$401,2025) -> 126971120 | J40: =SUMIFS(데이터_성질별!$F$3:$F$401,데이터_성질별!$D$3:$D$401,$B40,데이터_성질별!$A$3:$A$401,"2026.07") -> 11661068 | K40: =IFERROR(J40/SUMIFS(데이터_성질별!$F$3:$F$401,데이터_성질별!$D$3:$D$401,$B40,데이터_성질별!$A$3:$A$401,"2026.06")-1,"-") -> 0.017530906 | L40: =IFERROR(J40/SUMIFS(데이터_성질별!$F$3:$F$401,데이터_성질별!$D$3:$D$401,$B40,데이터_성질별!$A$3:$A$401,"2025.07")-1,"-") -> 0.16054581
A41: 중분류 | B41: 바. 기 타 | C41: =SUMIFS(데이터_성질별!$F$3:$F$401,데이터_성질별!$D$3:$D$401,$B41,데이터_성질별!$B$3:$B$401,2025,데이터_성질별!$C$3:$C$401,"<=7") -> 13243261 | D41: =SUMIFS(데이터_성질별!$F$3:$F$401,데이터_성질별!$D$3:$D$401,$B41,데이터_성질별!$B$3:$B$401,2026,데이터_성질별!$C$3:$C$401,"<=7") -> 15586749 | E41: =D41-C41 -> 2343488 | F41: =IFERROR(D41/C41-1,"-") -> 0.17695702 | G41: =IFERROR(E41/(분석2_월별추이!E28-분석2_월별추이!E27),"-") -> 0.011736567 | H41: =IFERROR(D41/분석2_월별추이!E28,"-") -> 0.026193451 | I41: =SUMIFS(데이터_성질별!$F$3:$F$401,데이터_성질별!$D$3:$D$401,$B41,데이터_성질별!$B$3:$B$401,2025) -> 23051250 | J41: =SUMIFS(데이터_성질별!$F$3:$F$401,데이터_성질별!$D$3:$D$401,$B41,데이터_성질별!$A$3:$A$401,"2026.07") -> 2725433 | K41: =IFERROR(J41/SUMIFS(데이터_성질별!$F$3:$F$401,데이터_성질별!$D$3:$D$401,$B41,데이터_성질별!$A$3:$A$401,"2026.06")-1,"-") -> -0.019059966 | L41: =IFERROR(J41/SUMIFS(데이터_성질별!$F$3:$F$401,데이터_성질별!$D$3:$D$401,$B41,데이터_성질별!$A$3:$A$401,"2025.07")-1,"-") -> 0.32627768
A43: [C] 신성질별 (수출 금액, 천달러)
A44: 구분 | B44: 항목 | C44: 2025.01~07 | D44: 2026.01~07 | E44: 증감액 | F44: 증감률 | G44: 기여도 | H44: 26년 비중 | I44: 2025년 연간 | J44: 2026년 7월 | K44: 전월비 | L44: 전년동월비
A45: 대분류 | B45: 1.소비재 | C45: =SUMIFS(데이터_신성질별!$F$3:$F$325,데이터_신성질별!$D$3:$D$325,$B45,데이터_신성질별!$B$3:$B$325,2025,데이터_신성질별!$C$3:$C$325,"<=7") -> 56908099 | D45: =SUMIFS(데이터_신성질별!$F$3:$F$325,데이터_신성질별!$D$3:$D$325,$B45,데이터_신성질별!$B$3:$B$325,2026,데이터_신성질별!$C$3:$C$325,"<=7") -> 56695222 | E45: =D45-C45 -> -212877 | F45: =IFERROR(D45/C45-1,"-") -> -0.0037407154 | G45: =IFERROR(E45/(분석2_월별추이!E28-분석2_월별추이!E27),"-") -> -0.0010661224 | H45: =IFERROR(D45/분석2_월별추이!E28,"-") -> 0.095276026 | I45: =SUMIFS(데이터_신성질별!$F$3:$F$325,데이터_신성질별!$D$3:$D$325,$B45,데이터_신성질별!$B$3:$B$325,2025) -> 96749572 | J45: =SUMIFS(데이터_신성질별!$F$3:$F$325,데이터_신성질별!$D$3:$D$325,$B45,데이터_신성질별!$A$3:$A$325,"2026.07") -> 8749031 | K45: =IFERROR(J45/SUMIFS(데이터_신성질별!$F$3:$F$325,데이터_신성질별!$D$3:$D$325,$B45,데이터_신성질별!$A$3:$A$325,"2026.06")-1,"-") -> -0.0015316489 | L45: =IFERROR(J45/SUMIFS(데이터_신성질별!$F$3:$F$325,데이터_신성질별!$D$3:$D$325,$B45,데이터_신성질별!$A$3:$A$325,"2025.07")-1,"-") -> 0.090795262
A46: 중분류 | B46: 가.직접소비재 | C46: =SUMIFS(데이터_신성질별!$F$3:$F$325,데이터_신성질별!$D$3:$D$325,$B46,데이터_신성질별!$B$3:$B$325,2025,데이터_신성질별!$C$3:$C$325,"<=7") -> 6542723 | D46: =SUMIFS(데이터_신성질별!$F$3:$F$325,데이터_신성질별!$D$3:$D$325,$B46,데이터_신성질별!$B$3:$B$325,2026,데이터_신성질별!$C$3:$C$325,"<=7") -> 7164857 | E46: =D46-C46 -> 622134 | F46: =IFERROR(D46/C46-1,"-") -> 0.095087932 | G46: =IFERROR(E46/(분석2_월별추이!E28-분석2_월별추이!E27),"-") -> 0.0031157477 | H46: =IFERROR(D46/분석2_월별추이!E28,"-") -> 0.012040505 | I46: =SUMIFS(데이터_신성질별!$F$3:$F$325,데이터_신성질별!$D$3:$D$325,$B46,데이터_신성질별!$B$3:$B$325,2025) -> 11477907 | J46: =SUMIFS(데이터_신성질별!$F$3:$F$325,데이터_신성질별!$D$3:$D$325,$B46,데이터_신성질별!$A$3:$A$325,"2026.07") -> 1020785 | K46: =IFERROR(J46/SUMIFS(데이터_신성질별!$F$3:$F$325,데이터_신성질별!$D$3:$D$325,$B46,데이터_신성질별!$A$3:$A$325,"2026.06")-1,"-") -> -0.04617896 | L46: =IFERROR(J46/SUMIFS(데이터_신성질별!$F$3:$F$325,데이터_신성질별!$D$3:$D$325,$B46,데이터_신성질별!$A$3:$A$325,"2025.07")-1,"-") -> 0.043291937
A47: 중분류 | B47: 나.내구소비재 | C47: =SUMIFS(데이터_신성질별!$F$3:$F$325,데이터_신성질별!$D$3:$D$325,$B47,데이터_신성질별!$B$3:$B$325,2025,데이터_신성질별!$C$3:$C$325,"<=7") -> 38836614 | D47: =SUMIFS(데이터_신성질별!$F$3:$F$325,데이터_신성질별!$D$3:$D$325,$B47,데이터_신성질별!$B$3:$B$325,2026,데이터_신성질별!$C$3:$C$325,"<=7") -> 36025795 | E47: =D47-C47 -> -2810819 | F47: =IFERROR(D47/C47-1,"-") -> -0.072375491 | G47: =IFERROR(E47/(분석2_월별추이!E28-분석2_월별추이!E27),"-") -> -0.014077036 | H47: =IFERROR(D47/분석2_월별추이!E28,"-") -> 0.060541161 | I47: =SUMIFS(데이터_신성질별!$F$3:$F$325,데이터_신성질별!$D$3:$D$325,$B47,데이터_신성질별!$B$3:$B$325,2025) -> 65550753 | J47: =SUMIFS(데이터_신성질별!$F$3:$F$325,데이터_신성질별!$D$3:$D$325,$B47,데이터_신성질별!$A$3:$A$325,"2026.07") -> 5560337 | K47: =IFERROR(J47/SUMIFS(데이터_신성질별!$F$3:$F$325,데이터_신성질별!$D$3:$D$325,$B47,데이터_신성질별!$A$3:$A$325,"2026.06")-1,"-") -> 0.0068381169 | L47: =IFERROR(J47/SUMIFS(데이터_신성질별!$F$3:$F$325,데이터_신성질별!$D$3:$D$325,$B47,데이터_신성질별!$A$3:$A$325,"2025.07")-1,"-") -> 0.044355367
A48: 중분류 | B48: 다.비내구소비재 | C48: =SUMIFS(데이터_신성질별!$F$3:$F$325,데이터_신성질별!$D$3:$D$325,$B48,데이터_신성질별!$B$3:$B$325,2025,데이터_신성질별!$C$3:$C$325,"<=7") -> 11506662 | D48: =SUMIFS(데이터_신성질별!$F$3:$F$325,데이터_신성질별!$D$3:$D$325,$B48,데이터_신성질별!$B$3:$B$325,2026,데이터_신성질별!$C$3:$C$325,"<=7") -> 13482151 | E48: =D48-C48 -> 1975489 | F48: =IFERROR(D48/C48-1,"-") -> 0.1716822 | G48: =IFERROR(E48/(분석2_월별추이!E28-분석2_월별추이!E27),"-") -> 0.0098935684 | H48: =IFERROR(D48/분석2_월별추이!E28,"-") -> 0.022656685 | I48: =SUMIFS(데이터_신성질별!$F$3:$F$325,데이터_신성질별!$D$3:$D$325,$B48,데이터_신성질별!$B$3:$B$325,2025) -> 19687421 | J48: =SUMIFS(데이터_신성질별!$F$3:$F$325,데이터_신성질별!$D$3:$D$325,$B48,데이터_신성질별!$A$3:$A$325,"2026.07") -> 2163797 | K48: =IFERROR(J48/SUMIFS(데이터_신성질별!$F$3:$F$325,데이터_신성질별!$D$3:$D$325,$B48,데이터_신성질별!$A$3:$A$325,"2026.06")-1,"-") -> -0.0011194605 | L48: =IFERROR(J48/SUMIFS(데이터_신성질별!$F$3:$F$325,데이터_신성질별!$D$3:$D$325,$B48,데이터_신성질별!$A$3:$A$325,"2025.07")-1,"-") -> 0.262664
A49: 중분류 | B49: 라.간이세율적용분 | C49: =SUMIFS(데이터_신성질별!$F$3:$F$325,데이터_신성질별!$D$3:$D$325,$B49,데이터_신성질별!$B$3:$B$325,2025,데이터_신성질별!$C$3:$C$325,"<=7") -> 22097 | D49: =SUMIFS(데이터_신성질별!$F$3:$F$325,데이터_신성질별!$D$3:$D$325,$B49,데이터_신성질별!$B$3:$B$325,2026,데이터_신성질별!$C$3:$C$325,"<=7") -> 22419 | E49: =D49-C49 -> 322 | F49: =IFERROR(D49/C49-1,"-") -> 0.014572114 | G49: =IFERROR(E49/(분석2_월별추이!E28-분석2_월별추이!E27),"-") -> 1.6126281e-06 | H49: =IFERROR(D49/분석2_월별추이!E28,"-") -> 3.7675013e-05 | I49: =SUMIFS(데이터_신성질별!$F$3:$F$325,데이터_신성질별!$D$3:$D$325,$B49,데이터_신성질별!$B$3:$B$325,2025) -> 33490 | J49: =SUMIFS(데이터_신성질별!$F$3:$F$325,데이터_신성질별!$D$3:$D$325,$B49,데이터_신성질별!$A$3:$A$325,"2026.07") -> 4113 | K49: =IFERROR(J49/SUMIFS(데이터_신성질별!$F$3:$F$325,데이터_신성질별!$D$3:$D$325,$B49,데이터_신성질별!$A$3:$A$325,"2026.06")-1,"-") -> 0.19182846 | L49: =IFERROR(J49/SUMIFS(데이터_신성질별!$F$3:$F$325,데이터_신성질별!$D$3:$D$325,$B49,데이터_신성질별!$A$3:$A$325,"2025.07")-1,"-") -> -0.085593597
A50: 대분류 | B50: 2.원자재 | C50: =SUMIFS(데이터_신성질별!$F$3:$F$325,데이터_신성질별!$D$3:$D$325,$B50,데이터_신성질별!$B$3:$B$325,2025,데이터_신성질별!$C$3:$C$325,"<=7") -> 111511442 | D50: =SUMIFS(데이터_신성질별!$F$3:$F$325,데이터_신성질별!$D$3:$D$325,$B50,데이터_신성질별!$B$3:$B$325,2026,데이터_신성질별!$C$3:$C$325,"<=7") -> 134709052 | E50: =D50-C50 -> 23197610 | F50: =IFERROR(D50/C50-1,"-") -> 0.20802897 | G50: =IFERROR(E50/(분석2_월별추이!E28-분석2_월별추이!E27),"-") -> 0.11617738 | H50: =IFERROR(D50/분석2_월별추이!E28,"-") -> 0.22637786 | I50: =SUMIFS(데이터_신성질별!$F$3:$F$325,데이터_신성질별!$D$3:$D$325,$B50,데이터_신성질별!$B$3:$B$325,2025) -> 191313475 | J50: =SUMIFS(데이터_신성질별!$F$3:$F$325,데이터_신성질별!$D$3:$D$325,$B50,데이터_신성질별!$A$3:$A$325,"2026.07") -> 20962899 | K50: =IFERROR(J50/SUMIFS(데이터_신성질별!$F$3:$F$325,데이터_신성질별!$D$3:$D$325,$B50,데이터_신성질별!$A$3:$A$325,"2026.06")-1,"-") -> 0.010868711 | L50: =IFERROR(J50/SUMIFS(데이터_신성질별!$F$3:$F$325,데이터_신성질별!$D$3:$D$325,$B50,데이터_신성질별!$A$3:$A$325,"2025.07")-1,"-") -> 0.22797933
A51: 중분류 | B51: 가.동식물성 연·원료 | C51: =SUMIFS(데이터_신성질별!$F$3:$F$325,데이터_신성질별!$D$3:$D$325,$B51,데이터_신성질별!$B$3:$B$325,2025,데이터_신성질별!$C$3:$C$325,"<=7") -> 3118852 | D51: =SUMIFS(데이터_신성질별!$F$3:$F$325,데이터_신성질별!$D$3:$D$325,$B51,데이터_신성질별!$B$3:$B$325,2026,데이터_신성질별!$C$3:$C$325,"<=7") -> 3142565 | E51: =D51-C51 -> 23713 | F51: =IFERROR(D51/C51-1,"-") -> 0.0076031181 | G51: =IFERROR(E51/(분석2_월별추이!E28-분석2_월별추이!E27),"-") -> 0.00011875854 | H51: =IFERROR(D51/분석2_월별추이!E28,"-") -> 0.0052810641 | I51: =SUMIFS(데이터_신성질별!$F$3:$F$325,데이터_신성질별!$D$3:$D$325,$B51,데이터_신성질별!$B$3:$B$325,2025) -> 5243773 | J51: =SUMIFS(데이터_신성질별!$F$3:$F$325,데이터_신성질별!$D$3:$D$325,$B51,데이터_신성질별!$A$3:$A$325,"2026.07") -> 483744 | K51: =IFERROR(J51/SUMIFS(데이터_신성질별!$F$3:$F$325,데이터_신성질별!$D$3:$D$325,$B51,데이터_신성질별!$A$3:$A$325,"2026.06")-1,"-") -> 0.0097521876 | L51: =IFERROR(J51/SUMIFS(데이터_신성질별!$F$3:$F$325,데이터_신성질별!$D$3:$D$325,$B51,데이터_신성질별!$A$3:$A$325,"2025.07")-1,"-") -> 0.036913507
A52: 중분류 | B52: 나.섬유류 | C52: =SUMIFS(데이터_신성질별!$F$3:$F$325,데이터_신성질별!$D$3:$D$325,$B52,데이터_신성질별!$B$3:$B$325,2025,데이터_신성질별!$C$3:$C$325,"<=7") -> 4055603 | D52: =SUMIFS(데이터_신성질별!$F$3:$F$325,데이터_신성질별!$D$3:$D$325,$B52,데이터_신성질별!$B$3:$B$325,2026,데이터_신성질별!$C$3:$C$325,"<=7") -> 3920154 | E52: =D52-C52 -> -135449 | F52: =IFERROR(D52/C52-1,"-") -> -0.033397993 | G52: =IFERROR(E52/(분석2_월별추이!E28-분석2_월별추이!E27),"-") -> -0.0006783505 | H52: =IFERROR(D52/분석2_월별추이!E28,"-") -> 0.0065877984 | I52: =SUMIFS(데이터_신성질별!$F$3:$F$325,데이터_신성질별!$D$3:$D$325,$B52,데이터_신성질별!$B$3:$B$325,2025) -> 6791210 | J52: =SUMIFS(데이터_신성질별!$F$3:$F$325,데이터_신성질별!$D$3:$D$325,$B52,데이터_신성질별!$A$3:$A$325,"2026.07") -> 593803 | K52: =IFERROR(J52/SUMIFS(데이터_신성질별!$F$3:$F$325,데이터_신성질별!$D$3:$D$325,$B52,데이터_신성질별!$A$3:$A$325,"2026.06")-1,"-") -> 0.027372825 | L52: =IFERROR(J52/SUMIFS(데이터_신성질별!$F$3:$F$325,데이터_신성질별!$D$3:$D$325,$B52,데이터_신성질별!$A$3:$A$325,"2025.07")-1,"-") -> 0.019463797
A53: 중분류 | B53: 다.광산물 | C53: =SUMIFS(데이터_신성질별!$F$3:$F$325,데이터_신성질별!$D$3:$D$325,$B53,데이터_신성질별!$B$3:$B$325,2025,데이터_신성질별!$C$3:$C$325,"<=7") -> 31632529 | D53: =SUMIFS(데이터_신성질별!$F$3:$F$325,데이터_신성질별!$D$3:$D$325,$B53,데이터_신성질별!$B$3:$B$325,2026,데이터_신성질별!$C$3:$C$325,"<=7") -> 47529382 | E53: =D53-C53 -> 15896853 | F53: =IFERROR(D53/C53-1,"-") -> 0.50254765 | G53: =IFERROR(E53/(분석2_월별추이!E28-분석2_월별추이!E27),"-") -> 0.079614011 | H53: =IFERROR(D53/분석2_월별추이!E28,"-") -> 0.079872879 | I53: =SUMIFS(데이터_신성질별!$F$3:$F$325,데이터_신성질별!$D$3:$D$325,$B53,데이터_신성질별!$B$3:$B$325,2025) -> 56189692 | J53: =SUMIFS(데이터_신성질별!$F$3:$F$325,데이터_신성질별!$D$3:$D$325,$B53,데이터_신성질별!$A$3:$A$325,"2026.07") -> 7297526 | K53: =IFERROR(J53/SUMIFS(데이터_신성질별!$F$3:$F$325,데이터_신성질별!$D$3:$D$325,$B53,데이터_신성질별!$A$3:$A$325,"2026.06")-1,"-") -> -0.0047520788 | L53: =IFERROR(J53/SUMIFS(데이터_신성질별!$F$3:$F$325,데이터_신성질별!$D$3:$D$325,$B53,데이터_신성질별!$A$3:$A$325,"2025.07")-1,"-") -> 0.40382177
A54: 중분류 | B54: 라.철강 및 금속제품 | C54: =SUMIFS(데이터_신성질별!$F$3:$F$325,데이터_신성질별!$D$3:$D$325,$B54,데이터_신성질별!$B$3:$B$325,2025,데이터_신성질별!$C$3:$C$325,"<=7") -> 23400008 | D54: =SUMIFS(데이터_신성질별!$F$3:$F$325,데이터_신성질별!$D$3:$D$325,$B54,데이터_신성질별!$B$3:$B$325,2026,데이터_신성질별!$C$3:$C$325,"<=7") -> 26300119 | E54: =D54-C54 -> 2900111 | F54: =IFERROR(D54/C54-1,"-") -> 0.12393633 | G54: =IFERROR(E54/(분석2_월별추이!E28-분석2_월별추이!E27),"-") -> 0.014524225 | H54: =IFERROR(D54/분석2_월별추이!E28,"-") -> 0.044197213 | I54: =SUMIFS(데이터_신성질별!$F$3:$F$325,데이터_신성질별!$D$3:$D$325,$B54,데이터_신성질별!$B$3:$B$325,2025) -> 39900945 | J54: =SUMIFS(데이터_신성질별!$F$3:$F$325,데이터_신성질별!$D$3:$D$325,$B54,데이터_신성질별!$A$3:$A$325,"2026.07") -> 4137091 | K54: =IFERROR(J54/SUMIFS(데이터_신성질별!$F$3:$F$325,데이터_신성질별!$D$3:$D$325,$B54,데이터_신성질별!$A$3:$A$325,"2026.06")-1,"-") -> 0.024944982 | L54: =IFERROR(J54/SUMIFS(데이터_신성질별!$F$3:$F$325,데이터_신성질별!$D$3:$D$325,$B54,데이터_신성질별!$A$3:$A$325,"2025.07")-1,"-") -> 0.12417957
A55: 중분류 | B55: 마.화학공업제품 | C55: =SUMIFS(데이터_신성질별!$F$3:$F$325,데이터_신성질별!$D$3:$D$325,$B55,데이터_신성질별!$B$3:$B$325,2025,데이터_신성질별!$C$3:$C$325,"<=7") -> 49233678 | D55: =SUMIFS(데이터_신성질별!$F$3:$F$325,데이터_신성질별!$D$3:$D$325,$B55,데이터_신성질별!$B$3:$B$325,2026,데이터_신성질별!$C$3:$C$325,"<=7") -> 53732678 | E55: =D55-C55 -> 4499000 | F55: =IFERROR(D55/C55-1,"-") -> 0.091380538 | G55: =IFERROR(E55/(분석2_월별추이!E28-분석2_월별추이!E27),"-") -> 0.02253172 | H55: =IFERROR(D55/분석2_월별추이!E28,"-") -> 0.090297486 | I55: =SUMIFS(데이터_신성질별!$F$3:$F$325,데이터_신성질별!$D$3:$D$325,$B55,데이터_신성질별!$B$3:$B$325,2025) -> 83079306 | J55: =SUMIFS(데이터_신성질별!$F$3:$F$325,데이터_신성질별!$D$3:$D$325,$B55,데이터_신성질별!$A$3:$A$325,"2026.07") -> 8437709 | K55: =IFERROR(J55/SUMIFS(데이터_신성질별!$F$3:$F$325,데이터_신성질별!$D$3:$D$325,$B55,데이터_신성질별!$A$3:$A$325,"2026.06")-1,"-") -> 0.016656365 | L55: =IFERROR(J55/SUMIFS(데이터_신성질별!$F$3:$F$325,데이터_신성질별!$D$3:$D$325,$B55,데이터_신성질별!$A$3:$A$325,"2025.07")-1,"-") -> 0.18270475
A56: 중분류 | B56: 바.기타 원자재 | C56: =SUMIFS(데이터_신성질별!$F$3:$F$325,데이터_신성질별!$D$3:$D$325,$B56,데이터_신성질별!$B$3:$B$325,2025,데이터_신성질별!$C$3:$C$325,"<=7") -> 70772 | D56: =SUMIFS(데이터_신성질별!$F$3:$F$325,데이터_신성질별!$D$3:$D$325,$B56,데이터_신성질별!$B$3:$B$325,2026,데이터_신성질별!$C$3:$C$325,"<=7") -> 84155 | E56: =D56-C56 -> 13383 | F56: =IFERROR(D56/C56-1,"-") -> 0.18910021 | G56: =IFERROR(E56/(분석2_월별추이!E28-분석2_월별추이!E27),"-") -> 6.7024229e-05 | H56: =IFERROR(D56/분석2_월별추이!E28,"-") -> 0.00014142204 | I56: =SUMIFS(데이터_신성질별!$F$3:$F$325,데이터_신성질별!$D$3:$D$325,$B56,데이터_신성질별!$B$3:$B$325,2025) -> 108549 | J56: =SUMIFS(데이터_신성질별!$F$3:$F$325,데이터_신성질별!$D$3:$D$325,$B56,데이터_신성질별!$A$3:$A$325,"2026.07") -> 13026 | K56: =IFERROR(J56/SUMIFS(데이터_신성질별!$F$3:$F$325,데이터_신성질별!$D$3:$D$325,$B56,데이터_신성질별!$A$3:$A$325,"2026.06")-1,"-") -> 0.0667431 | L56: =IFERROR(J56/SUMIFS(데이터_신성질별!$F$3:$F$325,데이터_신성질별!$D$3:$D$325,$B56,데이터_신성질별!$A$3:$A$325,"2025.07")-1,"-") -> 0.38722045
A57: 대분류 | B57: 3.자본재 | C57: =SUMIFS(데이터_신성질별!$F$3:$F$325,데이터_신성질별!$D$3:$D$325,$B57,데이터_신성질별!$B$3:$B$325,2025,데이터_신성질별!$C$3:$C$325,"<=7") -> 226969235 | D57: =SUMIFS(데이터_신성질별!$F$3:$F$325,데이터_신성질별!$D$3:$D$325,$B57,데이터_신성질별!$B$3:$B$325,2026,데이터_신성질별!$C$3:$C$325,"<=7") -> 403658562 | E57: =D57-C57 -> 176689327 | F57: =IFERROR(D57/C57-1,"-") -> 0.77847258 | G57: =IFERROR(E57/(분석2_월별추이!E28-분석2_월별추이!E27),"-") -> 0.88488873 | H57: =IFERROR(D57/분석2_월별추이!E28,"-") -> 0.67834611 | I57: =SUMIFS(데이터_신성질별!$F$3:$F$325,데이터_신성질별!$D$3:$D$325,$B57,데이터_신성질별!$B$3:$B$325,2025) -> 421267001 | J57: =SUMIFS(데이터_신성질별!$F$3:$F$325,데이터_신성질별!$D$3:$D$325,$B57,데이터_신성질별!$A$3:$A$325,"2026.07") -> 69247169 | K57: =IFERROR(J57/SUMIFS(데이터_신성질별!$F$3:$F$325,데이터_신성질별!$D$3:$D$325,$B57,데이터_신성질별!$A$3:$A$325,"2026.06")-1,"-") -> -0.044289227 | L57: =IFERROR(J57/SUMIFS(데이터_신성질별!$F$3:$F$325,데이터_신성질별!$D$3:$D$325,$B57,데이터_신성질별!$A$3:$A$325,"2025.07")-1,"-") -> 0.94337165
A58: 중분류 | B58: 가.수송장비 | C58: =SUMIFS(데이터_신성질별!$F$3:$F$325,데이터_신성질별!$D$3:$D$325,$B58,데이터_신성질별!$B$3:$B$325,2025,데이터_신성질별!$C$3:$C$325,"<=7") -> 44031680 | D58: =SUMIFS(데이터_신성질별!$F$3:$F$325,데이터_신성질별!$D$3:$D$325,$B58,데이터_신성질별!$B$3:$B$325,2026,데이터_신성질별!$C$3:$C$325,"<=7") -> 49702683 | E58: =D58-C58 -> 5671003 | F58: =IFERROR(D58/C58-1,"-") -> 0.1287937 | G58: =IFERROR(E58/(분석2_월별추이!E28-분석2_월별추이!E27),"-") -> 0.0284013 | H58: =IFERROR(D58/분석2_월별추이!E28,"-") -> 0.0835251 | I58: =SUMIFS(데이터_신성질별!$F$3:$F$325,데이터_신성질별!$D$3:$D$325,$B58,데이터_신성질별!$B$3:$B$325,2025) -> 80172642 | J58: =SUMIFS(데이터_신성질별!$F$3:$F$325,데이터_신성질별!$D$3:$D$325,$B58,데이터_신성질별!$A$3:$A$325,"2026.07") -> 8015260 | K58: =IFERROR(J58/SUMIFS(데이터_신성질별!$F$3:$F$325,데이터_신성질별!$D$3:$D$325,$B58,데이터_신성질별!$A$3:$A$325,"2026.06")-1,"-") -> 0.029893438 | L58: =IFERROR(J58/SUMIFS(데이터_신성질별!$F$3:$F$325,데이터_신성질별!$D$3:$D$325,$B58,데이터_신성질별!$A$3:$A$325,"2025.07")-1,"-") -> 0.25644367
A59: 중분류 | B59: 나.기계류 | C59: =SUMIFS(데이터_신성질별!$F$3:$F$325,데이터_신성질별!$D$3:$D$325,$B59,데이터_신성질별!$B$3:$B$325,2025,데이터_신성질별!$C$3:$C$325,"<=7") -> 61358103 | D59: =SUMIFS(데이터_신성질별!$F$3:$F$325,데이터_신성질별!$D$3:$D$325,$B59,데이터_신성질별!$B$3:$B$325,2026,데이터_신성질별!$C$3:$C$325,"<=7") -> 63145805 | E59: =D59-C59 -> 1787702 | F59: =IFERROR(D59/C59-1,"-") -> 0.029135549 | G59: =IFERROR(E59/(분석2_월별추이!E28-분석2_월별추이!E27),"-") -> 0.0089531008 | H59: =IFERROR(D59/분석2_월별추이!E28,"-") -> 0.1061162 | I59: =SUMIFS(데이터_신성질별!$F$3:$F$325,데이터_신성질별!$D$3:$D$325,$B59,데이터_신성질별!$B$3:$B$325,2025) -> 103975451 | J59: =SUMIFS(데이터_신성질별!$F$3:$F$325,데이터_신성질별!$D$3:$D$325,$B59,데이터_신성질별!$A$3:$A$325,"2026.07") -> 10437690 | K59: =IFERROR(J59/SUMIFS(데이터_신성질별!$F$3:$F$325,데이터_신성질별!$D$3:$D$325,$B59,데이터_신성질별!$A$3:$A$325,"2026.06")-1,"-") -> 0.056331528 | L59: =IFERROR(J59/SUMIFS(데이터_신성질별!$F$3:$F$325,데이터_신성질별!$D$3:$D$325,$B59,데이터_신성질별!$A$3:$A$325,"2025.07")-1,"-") -> 0.11007288
A60: 중분류 | B60: 다.IT제품 | C60: =SUMIFS(데이터_신성질별!$F$3:$F$325,데이터_신성질별!$D$3:$D$325,$B60,데이터_신성질별!$B$3:$B$325,2025,데이터_신성질별!$C$3:$C$325,"<=7") -> 23460946 | D60: =SUMIFS(데이터_신성질별!$F$3:$F$325,데이터_신성질별!$D$3:$D$325,$B60,데이터_신성질별!$B$3:$B$325,2026,데이터_신성질별!$C$3:$C$325,"<=7") -> 46473644 | E60: =D60-C60 -> 23012698 | F60: =IFERROR(D60/C60-1,"-") -> 0.98089387 | G60: =IFERROR(E60/(분석2_월별추이!E28-분석2_월별추이!E27),"-") -> 0.11525131 | H60: =IFERROR(D60/분석2_월별추이!E28,"-") -> 0.078098717 | I60: =SUMIFS(데이터_신성질별!$F$3:$F$325,데이터_신성질별!$D$3:$D$325,$B60,데이터_신성질별!$B$3:$B$325,2025) -> 45890973 | J60: =SUMIFS(데이터_신성질별!$F$3:$F$325,데이터_신성질별!$D$3:$D$325,$B60,데이터_신성질별!$A$3:$A$325,"2026.07") -> 8032683 | K60: =IFERROR(J60/SUMIFS(데이터_신성질별!$F$3:$F$325,데이터_신성질별!$D$3:$D$325,$B60,데이터_신성질별!$A$3:$A$325,"2026.06")-1,"-") -> -0.035161482 | L60: =IFERROR(J60/SUMIFS(데이터_신성질별!$F$3:$F$325,데이터_신성질별!$D$3:$D$325,$B60,데이터_신성질별!$A$3:$A$325,"2025.07")-1,"-") -> 1.2723746
A61: 중분류 | B61: 라.IT부품 | C61: =SUMIFS(데이터_신성질별!$F$3:$F$325,데이터_신성질별!$D$3:$D$325,$B61,데이터_신성질별!$B$3:$B$325,2025,데이터_신성질별!$C$3:$C$325,"<=7") -> 98118505 | D61: =SUMIFS(데이터_신성질별!$F$3:$F$325,데이터_신성질별!$D$3:$D$325,$B61,데이터_신성질별!$B$3:$B$325,2026,데이터_신성질별!$C$3:$C$325,"<=7") -> 244336428 | E61: =D61-C61 -> 146217923 | F61: =IFERROR(D61/C61-1,"-") -> 1.4902176 | G61: =IFERROR(E61/(분석2_월별추이!E28-분석2_월별추이!E27),"-") -> 0.73228301 | H61: =IFERROR(D61/분석2_월별추이!E28,"-") -> 0.4106061 | I61: =SUMIFS(데이터_신성질별!$F$3:$F$325,데이터_신성질별!$D$3:$D$325,$B61,데이터_신성질별!$B$3:$B$325,2025) -> 191227933 | J61: =SUMIFS(데이터_신성질별!$F$3:$F$325,데이터_신성질별!$D$3:$D$325,$B61,데이터_신성질별!$A$3:$A$325,"2026.07") -> 42761535 | K61: =IFERROR(J61/SUMIFS(데이터_신성질별!$F$3:$F$325,데이터_신성질별!$D$3:$D$325,$B61,데이터_신성질별!$A$3:$A$325,"2026.06")-1,"-") -> -0.079745913 | L61: =IFERROR(J61/SUMIFS(데이터_신성질별!$F$3:$F$325,데이터_신성질별!$D$3:$D$325,$B61,데이터_신성질별!$A$3:$A$325,"2025.07")-1,"-") -> 1.6209101
A63: [D] 신성질별 — 수입 및 무역수지 (천달러)
A64: 구분 | B64: 항목 | C64: 수입 25.1~7 | D64: 수입 26.1~7 | E64: 증감액 | F64: 증감률 | G64: 수출 26.1~7 | H64: 무역수지 25.1~7 | I64: 무역수지 26.1~7 | J64: 수지 증감
A65: 대분류 | B65: 1.소비재 | C65: =SUMIFS(데이터_신성질별!$H$3:$H$325,데이터_신성질별!$D$3:$D$325,$B65,데이터_신성질별!$B$3:$B$325,2025,데이터_신성질별!$C$3:$C$325,"<=7") -> 50476493 | D65: =SUMIFS(데이터_신성질별!$H$3:$H$325,데이터_신성질별!$D$3:$D$325,$B65,데이터_신성질별!$B$3:$B$325,2026,데이터_신성질별!$C$3:$C$325,"<=7") -> 53715614 | E65: =D65-C65 -> 3239121 | F65: =IFERROR(D65/C65-1,"-") -> 0.06417088 | G65: =SUMIFS(데이터_신성질별!$F$3:$F$325,데이터_신성질별!$D$3:$D$325,$B65,데이터_신성질별!$B$3:$B$325,2026,데이터_신성질별!$C$3:$C$325,"<=7") -> 56695222 | H65: =SUMIFS(데이터_신성질별!$F$3:$F$325,데이터_신성질별!$D$3:$D$325,$B65,데이터_신성질별!$B$3:$B$325,2025,데이터_신성질별!$C$3:$C$325,"<=7")-C65 -> 6431606 | I65: =G65-D65 -> 2979608 | J65: =I65-H65 -> -3451998
A66: 중분류 | B66: 가.직접소비재 | C66: =SUMIFS(데이터_신성질별!$H$3:$H$325,데이터_신성질별!$D$3:$D$325,$B66,데이터_신성질별!$B$3:$B$325,2025,데이터_신성질별!$C$3:$C$325,"<=7") -> 19440349 | D66: =SUMIFS(데이터_신성질별!$H$3:$H$325,데이터_신성질별!$D$3:$D$325,$B66,데이터_신성질별!$B$3:$B$325,2026,데이터_신성질별!$C$3:$C$325,"<=7") -> 19974930 | E66: =D66-C66 -> 534581 | F66: =IFERROR(D66/C66-1,"-") -> 0.027498529 | G66: =SUMIFS(데이터_신성질별!$F$3:$F$325,데이터_신성질별!$D$3:$D$325,$B66,데이터_신성질별!$B$3:$B$325,2026,데이터_신성질별!$C$3:$C$325,"<=7") -> 7164857 | H66: =SUMIFS(데이터_신성질별!$F$3:$F$325,데이터_신성질별!$D$3:$D$325,$B66,데이터_신성질별!$B$3:$B$325,2025,데이터_신성질별!$C$3:$C$325,"<=7")-C66 -> -12897626 | I66: =G66-D66 -> -12810073 | J66: =I66-H66 -> 87553
A67: 중분류 | B67: 나.내구소비재 | C67: =SUMIFS(데이터_신성질별!$H$3:$H$325,데이터_신성질별!$D$3:$D$325,$B67,데이터_신성질별!$B$3:$B$325,2025,데이터_신성질별!$C$3:$C$325,"<=7") -> 15547172 | D67: =SUMIFS(데이터_신성질별!$H$3:$H$325,데이터_신성질별!$D$3:$D$325,$B67,데이터_신성질별!$B$3:$B$325,2026,데이터_신성질별!$C$3:$C$325,"<=7") -> 17759637 | E67: =D67-C67 -> 2212465 | F67: =IFERROR(D67/C67-1,"-") -> 0.14230659 | G67: =SUMIFS(데이터_신성질별!$F$3:$F$325,데이터_신성질별!$D$3:$D$325,$B67,데이터_신성질별!$B$3:$B$325,2026,데이터_신성질별!$C$3:$C$325,"<=7") -> 36025795 | H67: =SUMIFS(데이터_신성질별!$F$3:$F$325,데이터_신성질별!$D$3:$D$325,$B67,데이터_신성질별!$B$3:$B$325,2025,데이터_신성질별!$C$3:$C$325,"<=7")-C67 -> 23289442 | I67: =G67-D67 -> 18266158 | J67: =I67-H67 -> -5023284
A68: 중분류 | B68: 다.비내구소비재 | C68: =SUMIFS(데이터_신성질별!$H$3:$H$325,데이터_신성질별!$D$3:$D$325,$B68,데이터_신성질별!$B$3:$B$325,2025,데이터_신성질별!$C$3:$C$325,"<=7") -> 15488971 | D68: =SUMIFS(데이터_신성질별!$H$3:$H$325,데이터_신성질별!$D$3:$D$325,$B68,데이터_신성질별!$B$3:$B$325,2026,데이터_신성질별!$C$3:$C$325,"<=7") -> 15981048 | E68: =D68-C68 -> 492077 | F68: =IFERROR(D68/C68-1,"-") -> 0.031769509 | G68: =SUMIFS(데이터_신성질별!$F$3:$F$325,데이터_신성질별!$D$3:$D$325,$B68,데이터_신성질별!$B$3:$B$325,2026,데이터_신성질별!$C$3:$C$325,"<=7") -> 13482151 | H68: =SUMIFS(데이터_신성질별!$F$3:$F$325,데이터_신성질별!$D$3:$D$325,$B68,데이터_신성질별!$B$3:$B$325,2025,데이터_신성질별!$C$3:$C$325,"<=7")-C68 -> -3982309 | I68: =G68-D68 -> -2498897 | J68: =I68-H68 -> 1483412
A69: 중분류 | B69: 라.간이세율적용분 | C69: =SUMIFS(데이터_신성질별!$H$3:$H$325,데이터_신성질별!$D$3:$D$325,$B69,데이터_신성질별!$B$3:$B$325,2025,데이터_신성질별!$C$3:$C$325,"<=7") -> 0 | D69: =SUMIFS(데이터_신성질별!$H$3:$H$325,데이터_신성질별!$D$3:$D$325,$B69,데이터_신성질별!$B$3:$B$325,2026,데이터_신성질별!$C$3:$C$325,"<=7") -> 0 | E69: =D69-C69 -> 0 | F69: =IFERROR(D69/C69-1,"-") -> - | G69: =SUMIFS(데이터_신성질별!$F$3:$F$325,데이터_신성질별!$D$3:$D$325,$B69,데이터_신성질별!$B$3:$B$325,2026,데이터_신성질별!$C$3:$C$325,"<=7") -> 22419 | H69: =SUMIFS(데이터_신성질별!$F$3:$F$325,데이터_신성질별!$D$3:$D$325,$B69,데이터_신성질별!$B$3:$B$325,2025,데이터_신성질별!$C$3:$C$325,"<=7")-C69 -> 22097 | I69: =G69-D69 -> 22419 | J69: =I69-H69 -> 322
A70: 대분류 | B70: 2.원자재 | C70: =SUMIFS(데이터_신성질별!$H$3:$H$325,데이터_신성질별!$D$3:$D$325,$B70,데이터_신성질별!$B$3:$B$325,2025,데이터_신성질별!$C$3:$C$325,"<=7") -> 166857436 | D70: =SUMIFS(데이터_신성질별!$H$3:$H$325,데이터_신성질별!$D$3:$D$325,$B70,데이터_신성질별!$B$3:$B$325,2026,데이터_신성질별!$C$3:$C$325,"<=7") -> 192903631 | E70: =D70-C70 -> 26046195 | F70: =IFERROR(D70/C70-1,"-") -> 0.1560985 | G70: =SUMIFS(데이터_신성질별!$F$3:$F$325,데이터_신성질별!$D$3:$D$325,$B70,데이터_신성질별!$B$3:$B$325,2026,데이터_신성질별!$C$3:$C$325,"<=7") -> 134709052 | H70: =SUMIFS(데이터_신성질별!$F$3:$F$325,데이터_신성질별!$D$3:$D$325,$B70,데이터_신성질별!$B$3:$B$325,2025,데이터_신성질별!$C$3:$C$325,"<=7")-C70 -> -55345994 | I70: =G70-D70 -> -58194579 | J70: =I70-H70 -> -2848585
A71: 중분류 | B71: 가.동식물성 연·원료 | C71: =SUMIFS(데이터_신성질별!$H$3:$H$325,데이터_신성질별!$D$3:$D$325,$B71,데이터_신성질별!$B$3:$B$325,2025,데이터_신성질별!$C$3:$C$325,"<=7") -> 10202413 | D71: =SUMIFS(데이터_신성질별!$H$3:$H$325,데이터_신성질별!$D$3:$D$325,$B71,데이터_신성질별!$B$3:$B$325,2026,데이터_신성질별!$C$3:$C$325,"<=7") -> 10300472 | E71: =D71-C71 -> 98059 | F71: =IFERROR(D71/C71-1,"-") -> 0.0096113537 | G71: =SUMIFS(데이터_신성질별!$F$3:$F$325,데이터_신성질별!$D$3:$D$325,$B71,데이터_신성질별!$B$3:$B$325,2026,데이터_신성질별!$C$3:$C$325,"<=7") -> 3142565 | H71: =SUMIFS(데이터_신성질별!$F$3:$F$325,데이터_신성질별!$D$3:$D$325,$B71,데이터_신성질별!$B$3:$B$325,2025,데이터_신성질별!$C$3:$C$325,"<=7")-C71 -> -7083561 | I71: =G71-D71 -> -7157907 | J71: =I71-H71 -> -74346
A72: 중분류 | B72: 나.섬유류 | C72: =SUMIFS(데이터_신성질별!$H$3:$H$325,데이터_신성질별!$D$3:$D$325,$B72,데이터_신성질별!$B$3:$B$325,2025,데이터_신성질별!$C$3:$C$325,"<=7") -> 2300046 | D72: =SUMIFS(데이터_신성질별!$H$3:$H$325,데이터_신성질별!$D$3:$D$325,$B72,데이터_신성질별!$B$3:$B$325,2026,데이터_신성질별!$C$3:$C$325,"<=7") -> 2270132 | E72: =D72-C72 -> -29914 | F72: =IFERROR(D72/C72-1,"-") -> -0.013005827 | G72: =SUMIFS(데이터_신성질별!$F$3:$F$325,데이터_신성질별!$D$3:$D$325,$B72,데이터_신성질별!$B$3:$B$325,2026,데이터_신성질별!$C$3:$C$325,"<=7") -> 3920154 | H72: =SUMIFS(데이터_신성질별!$F$3:$F$325,데이터_신성질별!$D$3:$D$325,$B72,데이터_신성질별!$B$3:$B$325,2025,데이터_신성질별!$C$3:$C$325,"<=7")-C72 -> 1755557 | I72: =G72-D72 -> 1650022 | J72: =I72-H72 -> -105535
A73: 중분류 | B73: 다.광산물 | C73: =SUMIFS(데이터_신성질별!$H$3:$H$325,데이터_신성질별!$D$3:$D$325,$B73,데이터_신성질별!$B$3:$B$325,2025,데이터_신성질별!$C$3:$C$325,"<=7") -> 102255708 | D73: =SUMIFS(데이터_신성질별!$H$3:$H$325,데이터_신성질별!$D$3:$D$325,$B73,데이터_신성질별!$B$3:$B$325,2026,데이터_신성질별!$C$3:$C$325,"<=7") -> 118437695 | E73: =D73-C73 -> 16181987 | F73: =IFERROR(D73/C73-1,"-") -> 0.15825021 | G73: =SUMIFS(데이터_신성질별!$F$3:$F$325,데이터_신성질별!$D$3:$D$325,$B73,데이터_신성질별!$B$3:$B$325,2026,데이터_신성질별!$C$3:$C$325,"<=7") -> 47529382 | H73: =SUMIFS(데이터_신성질별!$F$3:$F$325,데이터_신성질별!$D$3:$D$325,$B73,데이터_신성질별!$B$3:$B$325,2025,데이터_신성질별!$C$3:$C$325,"<=7")-C73 -> -70623179 | I73: =G73-D73 -> -70908313 | J73: =I73-H73 -> -285134
A74: 중분류 | B74: 라.철강 및 금속제품 | C74: =SUMIFS(데이터_신성질별!$H$3:$H$325,데이터_신성질별!$D$3:$D$325,$B74,데이터_신성질별!$B$3:$B$325,2025,데이터_신성질별!$C$3:$C$325,"<=7") -> 19297682 | D74: =SUMIFS(데이터_신성질별!$H$3:$H$325,데이터_신성질별!$D$3:$D$325,$B74,데이터_신성질별!$B$3:$B$325,2026,데이터_신성질별!$C$3:$C$325,"<=7") -> 23547109 | E74: =D74-C74 -> 4249427 | F74: =IFERROR(D74/C74-1,"-") -> 0.22020401 | G74: =SUMIFS(데이터_신성질별!$F$3:$F$325,데이터_신성질별!$D$3:$D$325,$B74,데이터_신성질별!$B$3:$B$325,2026,데이터_신성질별!$C$3:$C$325,"<=7") -> 26300119 | H74: =SUMIFS(데이터_신성질별!$F$3:$F$325,데이터_신성질별!$D$3:$D$325,$B74,데이터_신성질별!$B$3:$B$325,2025,데이터_신성질별!$C$3:$C$325,"<=7")-C74 -> 4102326 | I74: =G74-D74 -> 2753010 | J74: =I74-H74 -> -1349316
A75: 중분류 | B75: 마.화학공업제품 | C75: =SUMIFS(데이터_신성질별!$H$3:$H$325,데이터_신성질별!$D$3:$D$325,$B75,데이터_신성질별!$B$3:$B$325,2025,데이터_신성질별!$C$3:$C$325,"<=7") -> 32750727 | D75: =SUMIFS(데이터_신성질별!$H$3:$H$325,데이터_신성질별!$D$3:$D$325,$B75,데이터_신성질별!$B$3:$B$325,2026,데이터_신성질별!$C$3:$C$325,"<=7") -> 38301181 | E75: =D75-C75 -> 5550454 | F75: =IFERROR(D75/C75-1,"-") -> 0.16947575 | G75: =SUMIFS(데이터_신성질별!$F$3:$F$325,데이터_신성질별!$D$3:$D$325,$B75,데이터_신성질별!$B$3:$B$325,2026,데이터_신성질별!$C$3:$C$325,"<=7") -> 53732678 | H75: =SUMIFS(데이터_신성질별!$F$3:$F$325,데이터_신성질별!$D$3:$D$325,$B75,데이터_신성질별!$B$3:$B$325,2025,데이터_신성질별!$C$3:$C$325,"<=7")-C75 -> 16482951 | I75: =G75-D75 -> 15431497 | J75: =I75-H75 -> -1051454
A76: 중분류 | B76: 바.기타 원자재 | C76: =SUMIFS(데이터_신성질별!$H$3:$H$325,데이터_신성질별!$D$3:$D$325,$B76,데이터_신성질별!$B$3:$B$325,2025,데이터_신성질별!$C$3:$C$325,"<=7") -> 50860 | D76: =SUMIFS(데이터_신성질별!$H$3:$H$325,데이터_신성질별!$D$3:$D$325,$B76,데이터_신성질별!$B$3:$B$325,2026,데이터_신성질별!$C$3:$C$325,"<=7") -> 47046 | E76: =D76-C76 -> -3814 | F76: =IFERROR(D76/C76-1,"-") -> -0.074990169 | G76: =SUMIFS(데이터_신성질별!$F$3:$F$325,데이터_신성질별!$D$3:$D$325,$B76,데이터_신성질별!$B$3:$B$325,2026,데이터_신성질별!$C$3:$C$325,"<=7") -> 84155 | H76: =SUMIFS(데이터_신성질별!$F$3:$F$325,데이터_신성질별!$D$3:$D$325,$B76,데이터_신성질별!$B$3:$B$325,2025,데이터_신성질별!$C$3:$C$325,"<=7")-C76 -> 19912 | I76: =G76-D76 -> 37109 | J76: =I76-H76 -> 17197
... A81: 중분류 | B81: 라.IT부품 | C81: =SUMIFS(데이터_신성질별!$H$3:$H$325,데이터_신성질별!$D$3:$D$325,$B81,데이터_신성질별!$B$3:$B$325,2025,데이터_신성질별!$C$3:$C$325,"<=7") -> 49639141 | D81: =SUMIFS(데이터_신성질별!$H$3:$H$325,데이터_신성질별!$D$3:$D$325,$B81,데이터_신성질별!$B$3:$B$325,2026,데이터_신성질별!$C$3:$C$325,"<=7") -> 69795278 | E81: =D81-C81 -> 20156137 | F81: =IFERROR(D81/C81-1,"-") -> 0.4060533 | G81: =SUMIFS(데이터_신성질별!$F$3:$F$325,데이터_신성질별!$D$3:$D$325,$B81,데이터_신성질별!$B$3:$B$325,2026,데이터_신성질별!$C$3:$C$325,"<=7") -> 244336428 | H81: =SUMIFS(데이터_신성질별!$F$3:$F$325,데이터_신성질별!$D$3:$D$325,$B81,데이터_신성질별!$B$3:$B$325,2025,데이터_신성질별!$C$3:$C$325,"<=7")-C81 -> 48479364 | I81: =G81-D81 -> 174541150 | J81: =I81-H81 -> 126061786

Sheet 분석4_품목별(HS)
A1: ④ 품목별(HS 2단위) — 전년 동기 대비
A2: 원본에 들어 있는 HS류 전체(01~97류 중 96개 + 99류)입니다. 정렬은 2026.01~07 수출금액 기준(작성 시점 고정, 수식 자동 재정렬 아님). 품목명은 INDEX/MATCH로 원본에서 가져옵니다.
A3: ★ 이 시트의 합계는 총괄보다 수출 -0.04% 작습니다(검증 7 참조). 98류(특수분류)가 원본에 없기 때문이며, 품목 간 비교·순위에는 문제가 없습니다.
A5: HS | B5: 품목명 | C5: 수출 25.1~7 | D5: 수출 26.1~7 | E5: 증감액 | F5: 증감률 | G5: 기여도 | H5: 26년 비중 | I5: 수입 25.1~7 | J5: 수입 26.1~7 | K5: 수입 증감률 | L5: 무역수지 25.1~7 | M5: 무역수지 26.1~7 | N5: 수지 증감
A6: 85 | B6: =IFERROR(INDEX(데이터_품목별!$E$3:$E$1828,MATCH($A6,데이터_품목별!$D$3:$D$1828,0)),"") -> 전기기기와 그 부분품, 녹음기ㆍ음성 재생기ㆍ텔레비전의 영상과 음성의 기록기ㆍ재생기와 이들의 부분품ㆍ부속품 | C6: =SUMIFS(데이터_품목별!$F$3:$F$1828,데이터_품목별!$D$3:$D$1828,$A6,데이터_품목별!$B$3:$B$1828,2025,데이터_품목별!$C$3:$C$1828,"<=7") -> 123133332 | D6: =SUMIFS(데이터_품목별!$F$3:$F$1828,데이터_품목별!$D$3:$D$1828,$A6,데이터_품목별!$B$3:$B$1828,2026,데이터_품목별!$C$3:$C$1828,"<=7") -> 256874326 | E6: =D6-C6 -> 133740994 | F6: =IFERROR(D6/C6-1,"-") -> 1.0861478 | G6: =IFERROR(E6/(분석2_월별추이!E28-분석2_월별추이!E27),"-") -> 0.66979653 | H6: =IFERROR(D6/분석2_월별추이!E28,"-") -> 0.43167597 | I6: =SUMIFS(데이터_품목별!$G$3:$G$1828,데이터_품목별!$D$3:$D$1828,$A6,데이터_품목별!$B$3:$B$1828,2025,데이터_품목별!$C$3:$C$1828,"<=7") -> 71500667 | J6: =SUMIFS(데이터_품목별!$G$3:$G$1828,데이터_품목별!$D$3:$D$1828,$A6,데이터_품목별!$B$3:$B$1828,2026,데이터_품목별!$C$3:$C$1828,"<=7") -> 93199476 | K6: =IFERROR(J6/I6-1,"-") -> 0.30347702 | L6: =C6-I6 -> 51632665 | M6: =D6-J6 -> 163674850 | N6: =M6-L6 -> 112042185
A7: 84 | B7: =IFERROR(INDEX(데이터_품목별!$E$3:$E$1828,MATCH($A7,데이터_품목별!$D$3:$D$1828,0)),"") -> 원자로ㆍ보일러ㆍ기계류와 이들의 부분품 | C7: =SUMIFS(데이터_품목별!$F$3:$F$1828,데이터_품목별!$D$3:$D$1828,$A7,데이터_품목별!$B$3:$B$1828,2025,데이터_품목별!$C$3:$C$1828,"<=7") -> 47933360 | D7: =SUMIFS(데이터_품목별!$F$3:$F$1828,데이터_품목별!$D$3:$D$1828,$A7,데이터_품목별!$B$3:$B$1828,2026,데이터_품목별!$C$3:$C$1828,"<=7") -> 84132427 | E7: =D7-C7 -> 36199067 | F7: =IFERROR(D7/C7-1,"-") -> 0.75519569 | G7: =IFERROR(E7/(분석2_월별추이!E28-분석2_월별추이!E27),"-") -> 0.18129078 | H7: =IFERROR(D7/분석2_월별추이!E28,"-") -> 0.14138411 | I7: =SUMIFS(데이터_품목별!$G$3:$G$1828,데이터_품목별!$D$3:$D$1828,$A7,데이터_품목별!$B$3:$B$1828,2025,데이터_품목별!$C$3:$C$1828,"<=7") -> 42621087 | J7: =SUMIFS(데이터_품목별!$G$3:$G$1828,데이터_품목별!$D$3:$D$1828,$A7,데이터_품목별!$B$3:$B$1828,2026,데이터_품목별!$C$3:$C$1828,"<=7") -> 54345038 | K7: =IFERROR(J7/I7-1,"-") -> 0.27507396 | L7: =C7-I7 -> 5312273 | M7: =D7-J7 -> 29787389 | N7: =M7-L7 -> 24475116
A8: 87 | B8: =IFERROR(INDEX(데이터_품목별!$E$3:$E$1828,MATCH($A8,데이터_품목별!$D$3:$D$1828,0)),"") -> 철도용이나 궤도용 외의 차량과 그 부분품ㆍ부속품 | C8: =SUMIFS(데이터_품목별!$F$3:$F$1828,데이터_품목별!$D$3:$D$1828,$A8,데이터_품목별!$B$3:$B$1828,2025,데이터_품목별!$C$3:$C$1828,"<=7") -> 54458680 | D8: =SUMIFS(데이터_품목별!$F$3:$F$1828,데이터_품목별!$D$3:$D$1828,$A8,데이터_품목별!$B$3:$B$1828,2026,데이터_품목별!$C$3:$C$1828,"<=7") -> 53904877 | E8: =D8-C8 -> -553803 | F8: =IFERROR(D8/C8-1,"-") -> -0.010169233 | G8: =IFERROR(E8/(분석2_월별추이!E28-분석2_월별추이!E27),"-") -> -0.002773535 | H8: =IFERROR(D8/분석2_월별추이!E28,"-") -> 0.090586865 | I8: =SUMIFS(데이터_품목별!$G$3:$G$1828,데이터_품목별!$D$3:$D$1828,$A8,데이터_품목별!$B$3:$B$1828,2025,데이터_품목별!$C$3:$C$1828,"<=7") -> 11761906 | J8: =SUMIFS(데이터_품목별!$G$3:$G$1828,데이터_품목별!$D$3:$D$1828,$A8,데이터_품목별!$B$3:$B$1828,2026,데이터_품목별!$C$3:$C$1828,"<=7") -> 12779650 | K8: =IFERROR(J8/I8-1,"-") -> 0.086528833 | L8: =C8-I8 -> 42696774 | M8: =D8-J8 -> 41125227 | N8: =M8-L8 -> -1571547
A9: 27 | B9: =IFERROR(INDEX(데이터_품목별!$E$3:$E$1828,MATCH($A9,데이터_품목별!$D$3:$D$1828,0)),"") -> 광물성 연료ㆍ광물유(鑛物油)와 이들의 증류물, 역청(瀝靑)물질, 광물성 왁스 | C9: =SUMIFS(데이터_품목별!$F$3:$F$1828,데이터_품목별!$D$3:$D$1828,$A9,데이터_품목별!$B$3:$B$1828,2025,데이터_품목별!$C$3:$C$1828,"<=7") -> 27058366 | D9: =SUMIFS(데이터_품목별!$F$3:$F$1828,데이터_품목별!$D$3:$D$1828,$A9,데이터_품목별!$B$3:$B$1828,2026,데이터_품목별!$C$3:$C$1828,"<=7") -> 36341661 | E9: =D9-C9 -> 9283295 | F9: =IFERROR(D9/C9-1,"-") -> 0.34308409 | G9: =IFERROR(E9/(분석2_월별추이!E28-분석2_월별추이!E27),"-") -> 0.046492243 | H9: =IFERROR(D9/분석2_월별추이!E28,"-") -> 0.061071972 | I9: =SUMIFS(데이터_품목별!$G$3:$G$1828,데이터_품목별!$D$3:$D$1828,$A9,데이터_품목별!$B$3:$B$1828,2025,데이터_품목별!$C$3:$C$1828,"<=7") -> 82629572 | J9: =SUMIFS(데이터_품목별!$G$3:$G$1828,데이터_품목별!$D$3:$D$1828,$A9,데이터_품목별!$B$3:$B$1828,2026,데이터_품목별!$C$3:$C$1828,"<=7") -> 92079148 | K9: =IFERROR(J9/I9-1,"-") -> 0.1143607 | L9: =C9-I9 -> -55571206 | M9: =D9-J9 -> -55737487 | N9: =M9-L9 -> -166281
A10: 39 | B10: =IFERROR(INDEX(데이터_품목별!$E$3:$E$1828,MATCH($A10,데이터_품목별!$D$3:$D$1828,0)),"") -> 플라스틱과 그 제품 | C10: =SUMIFS(데이터_품목별!$F$3:$F$1828,데이터_품목별!$D$3:$D$1828,$A10,데이터_품목별!$B$3:$B$1828,2025,데이터_품목별!$C$3:$C$1828,"<=7") -> 20192146 | D10: =SUMIFS(데이터_품목별!$F$3:$F$1828,데이터_품목별!$D$3:$D$1828,$A10,데이터_품목별!$B$3:$B$1828,2026,데이터_품목별!$C$3:$C$1828,"<=7") -> 21280970 | E10: =D10-C10 -> 1088824 | F10: =IFERROR(D10/C10-1,"-") -> 0.053923144 | G10: =IFERROR(E10/(분석2_월별추이!E28-분석2_월별추이!E27),"-") -> 0.0054530067 | H10: =IFERROR(D10/분석2_월별추이!E28,"-") -> 0.035762559 | I10: =SUMIFS(데이터_품목별!$G$3:$G$1828,데이터_품목별!$D$3:$D$1828,$A10,데이터_품목별!$B$3:$B$1828,2025,데이터_품목별!$C$3:$C$1828,"<=7") -> 7672298 | J10: =SUMIFS(데이터_품목별!$G$3:$G$1828,데이터_품목별!$D$3:$D$1828,$A10,데이터_품목별!$B$3:$B$1828,2026,데이터_품목별!$C$3:$C$1828,"<=7") -> 8528405 | K10: =IFERROR(J10/I10-1,"-") -> 0.11158417 | L10: =C10-I10 -> 12519848 | M10: =D10-J10 -> 12752565 | N10: =M10-L10 -> 232717
A11: 89 | B11: =IFERROR(INDEX(데이터_품목별!$E$3:$E$1828,MATCH($A11,데이터_품목별!$D$3:$D$1828,0)),"") -> 선박과 수상 구조물 | C11: =SUMIFS(데이터_품목별!$F$3:$F$1828,데이터_품목별!$D$3:$D$1828,$A11,데이터_품목별!$B$3:$B$1828,2025,데이터_품목별!$C$3:$C$1828,"<=7") -> 15098526 | D11: =SUMIFS(데이터_품목별!$F$3:$F$1828,데이터_품목별!$D$3:$D$1828,$A11,데이터_품목별!$B$3:$B$1828,2026,데이터_품목별!$C$3:$C$1828,"<=7") -> 18683732 | E11: =D11-C11 -> 3585206 | F11: =IFERROR(D11/C11-1,"-") -> 0.23745404 | G11: =IFERROR(E11/(분석2_월별추이!E28-분석2_월별추이!E27),"-") -> 0.017955292 | H11: =IFERROR(D11/분석2_월별추이!E28,"-") -> 0.031397914 | I11: =SUMIFS(데이터_품목별!$G$3:$G$1828,데이터_품목별!$D$3:$D$1828,$A11,데이터_품목별!$B$3:$B$1828,2025,데이터_품목별!$C$3:$C$1828,"<=7") -> 2291493 | J11: =SUMIFS(데이터_품목별!$G$3:$G$1828,데이터_품목별!$D$3:$D$1828,$A11,데이터_품목별!$B$3:$B$1828,2026,데이터_품목별!$C$3:$C$1828,"<=7") -> 2626578 | K11: =IFERROR(J11/I11-1,"-") -> 0.14622999 | L11: =C11-I11 -> 12807033 | M11: =D11-J11 -> 16057154 | N11: =M11-L11 -> 3250121
A12: 72 | B12: =IFERROR(INDEX(데이터_품목별!$E$3:$E$1828,MATCH($A12,데이터_품목별!$D$3:$D$1828,0)),"") -> 철강 | C12: =SUMIFS(데이터_품목별!$F$3:$F$1828,데이터_품목별!$D$3:$D$1828,$A12,데이터_품목별!$B$3:$B$1828,2025,데이터_품목별!$C$3:$C$1828,"<=7") -> 13629424 | D12: =SUMIFS(데이터_품목별!$F$3:$F$1828,데이터_품목별!$D$3:$D$1828,$A12,데이터_품목별!$B$3:$B$1828,2026,데이터_품목별!$C$3:$C$1828,"<=7") -> 13606238 | E12: =D12-C12 -> -23186 | F12: =IFERROR(D12/C12-1,"-") -> -0.0017011724 | G12: =IFERROR(E12/(분석2_월별추이!E28-분석2_월별추이!E27),"-") -> -0.00011611924 | H12: =IFERROR(D12/분석2_월별추이!E28,"-") -> 0.022865212 | I12: =SUMIFS(데이터_품목별!$G$3:$G$1828,데이터_품목별!$D$3:$D$1828,$A12,데이터_품목별!$B$3:$B$1828,2025,데이터_품목별!$C$3:$C$1828,"<=7") -> 6920084 | J12: =SUMIFS(데이터_품목별!$G$3:$G$1828,데이터_품목별!$D$3:$D$1828,$A12,데이터_품목별!$B$3:$B$1828,2026,데이터_품목별!$C$3:$C$1828,"<=7") -> 6986916 | K12: =IFERROR(J12/I12-1,"-") -> 0.0096576862 | L12: =C12-I12 -> 6709340 | M12: =D12-J12 -> 6619322 | N12: =M12-L12 -> -90018
A13: 29 | B13: =IFERROR(INDEX(데이터_품목별!$E$3:$E$1828,MATCH($A13,데이터_품목별!$D$3:$D$1828,0)),"") -> 유기화학품 | C13: =SUMIFS(데이터_품목별!$F$3:$F$1828,데이터_품목별!$D$3:$D$1828,$A13,데이터_품목별!$B$3:$B$1828,2025,데이터_품목별!$C$3:$C$1828,"<=7") -> 11177478 | D13: =SUMIFS(데이터_품목별!$F$3:$F$1828,데이터_품목별!$D$3:$D$1828,$A13,데이터_품목별!$B$3:$B$1828,2026,데이터_품목별!$C$3:$C$1828,"<=7") -> 11991274 | E13: =D13-C13 -> 813796 | F13: =IFERROR(D13/C13-1,"-") -> 0.072806764 | G13: =IFERROR(E13/(분석2_월별추이!E28-분석2_월별추이!E27),"-") -> 0.004075622 | H13: =IFERROR(D13/분석2_월별추이!E28,"-") -> 0.020151274 | I13: =SUMIFS(데이터_품목별!$G$3:$G$1828,데이터_품목별!$D$3:$D$1828,$A13,데이터_품목별!$B$3:$B$1828,2025,데이터_품목별!$C$3:$C$1828,"<=7") -> 8153953 | J13: =SUMIFS(데이터_품목별!$G$3:$G$1828,데이터_품목별!$D$3:$D$1828,$A13,데이터_품목별!$B$3:$B$1828,2026,데이터_품목별!$C$3:$C$1828,"<=7") -> 9336858 | K13: =IFERROR(J13/I13-1,"-") -> 0.14507135 | L13: =C13-I13 -> 3023525 | M13: =D13-J13 -> 2654416 | N13: =M13-L13 -> -369109
A14: 90 | B14: =IFERROR(INDEX(데이터_품목별!$E$3:$E$1828,MATCH($A14,데이터_품목별!$D$3:$D$1828,0)),"") -> 광학기기ㆍ사진용 기기ㆍ영화용 기기ㆍ측정기기ㆍ검사기기ㆍ정밀기기ㆍ의료용 기기, 이들의 부분품과 부속품 | C14: =SUMIFS(데이터_품목별!$F$3:$F$1828,데이터_품목별!$D$3:$D$1828,$A14,데이터_품목별!$B$3:$B$1828,2025,데이터_품목별!$C$3:$C$1828,"<=7") -> 9617579 | D14: =SUMIFS(데이터_품목별!$F$3:$F$1828,데이터_품목별!$D$3:$D$1828,$A14,데이터_품목별!$B$3:$B$1828,2026,데이터_품목별!$C$3:$C$1828,"<=7") -> 10160383 | E14: =D14-C14 -> 542804 | F14: =IFERROR(D14/C14-1,"-") -> 0.056438736 | G14: =IFERROR(E14/(분석2_월별추이!E28-분석2_월별추이!E27),"-") -> 0.0027184502 | H14: =IFERROR(D14/분석2_월별추이!E28,"-") -> 0.017074471 | I14: =SUMIFS(데이터_품목별!$G$3:$G$1828,데이터_품목별!$D$3:$D$1828,$A14,데이터_품목별!$B$3:$B$1828,2025,데이터_품목별!$C$3:$C$1828,"<=7") -> 13995642 | J14: =SUMIFS(데이터_품목별!$G$3:$G$1828,데이터_품목별!$D$3:$D$1828,$A14,데이터_품목별!$B$3:$B$1828,2026,데이터_품목별!$C$3:$C$1828,"<=7") -> 15884953 | K14: =IFERROR(J14/I14-1,"-") -> 0.13499281 | L14: =C14-I14 -> -4378063 | M14: =D14-J14 -> -5724570 | N14: =M14-L14 -> -1346507
A15: 71 | B15: =IFERROR(INDEX(데이터_품목별!$E$3:$E$1828,MATCH($A15,데이터_품목별!$D$3:$D$1828,0)),"") -> 천연진주ㆍ양식진주ㆍ귀석ㆍ반귀석ㆍ귀금속ㆍ귀금속을 입힌 금속과 이들의 제품, 모조 신변장식용품, 주화 | C15: =SUMIFS(데이터_품목별!$F$3:$F$1828,데이터_품목별!$D$3:$D$1828,$A15,데이터_품목별!$B$3:$B$1828,2025,데이터_품목별!$C$3:$C$1828,"<=7") -> 3905567 | D15: =SUMIFS(데이터_품목별!$F$3:$F$1828,데이터_품목별!$D$3:$D$1828,$A15,데이터_품목별!$B$3:$B$1828,2026,데이터_품목별!$C$3:$C$1828,"<=7") -> 9955056 | E15: =D15-C15 -> 6049489 | F15: =IFERROR(D15/C15-1,"-") -> 1.54894 | G15: =IFERROR(E15/(분석2_월별추이!E28-분석2_월별추이!E27),"-") -> 0.030296819 | H15: =IFERROR(D15/분석2_월별추이!E28,"-") -> 0.01672942 | I15: =SUMIFS(데이터_품목별!$G$3:$G$1828,데이터_품목별!$D$3:$D$1828,$A15,데이터_품목별!$B$3:$B$1828,2025,데이터_품목별!$C$3:$C$1828,"<=7") -> 5340933 | J15: =SUMIFS(데이터_품목별!$G$3:$G$1828,데이터_품목별!$D$3:$D$1828,$A15,데이터_품목별!$B$3:$B$1828,2026,데이터_품목별!$C$3:$C$1828,"<=7") -> 9158780 | K15: =IFERROR(J15/I15-1,"-") -> 0.71482773 | L15: =C15-I15 -> -1435366 | M15: =D15-J15 -> 796276 | N15: =M15-L15 -> 2231642
A16: 33 | B16: =IFERROR(INDEX(데이터_품목별!$E$3:$E$1828,MATCH($A16,데이터_품목별!$D$3:$D$1828,0)),"") -> 정유(essential oil)와 레지노이드(resinoid), 조제향료와 화장품ㆍ화장용품 | C16: =SUMIFS(데이터_품목별!$F$3:$F$1828,데이터_품목별!$D$3:$D$1828,$A16,데이터_품목별!$B$3:$B$1828,2025,데이터_품목별!$C$3:$C$1828,"<=7") -> 6274023 | D16: =SUMIFS(데이터_품목별!$F$3:$F$1828,데이터_품목별!$D$3:$D$1828,$A16,데이터_품목별!$B$3:$B$1828,2026,데이터_품목별!$C$3:$C$1828,"<=7") -> 8052590 | E16: =D16-C16 -> 1778567 | F16: =IFERROR(D16/C16-1,"-") -> 0.28348111 | G16: =IFERROR(E16/(분석2_월별추이!E28-분석2_월별추이!E27),"-") -> 0.0089073512 | H16: =IFERROR(D16/분석2_월별추이!E28,"-") -> 0.013532336 | I16: =SUMIFS(데이터_품목별!$G$3:$G$1828,데이터_품목별!$D$3:$D$1828,$A16,데이터_품목별!$B$3:$B$1828,2025,데이터_품목별!$C$3:$C$1828,"<=7") -> 1221129 | J16: =SUMIFS(데이터_품목별!$G$3:$G$1828,데이터_품목별!$D$3:$D$1828,$A16,데이터_품목별!$B$3:$B$1828,2026,데이터_품목별!$C$3:$C$1828,"<=7") -> 1322191 | K16: =IFERROR(J16/I16-1,"-") -> 0.082761117 | L16: =C16-I16 -> 5052894 | M16: =D16-J16 -> 6730399 | N16: =M16-L16 -> 1677505
A17: 28 | B17: =IFERROR(INDEX(데이터_품목별!$E$3:$E$1828,MATCH($A17,데이터_품목별!$D$3:$D$1828,0)),"") -> 무기화학품, 귀금속ㆍ희토류(稀土類)금속ㆍ방사성원소ㆍ동위원소의 유기화합물이나 무기화합물 | C17: =SUMIFS(데이터_품목별!$F$3:$F$1828,데이터_품목별!$D$3:$D$1828,$A17,데이터_품목별!$B$3:$B$1828,2025,데이터_품목별!$C$3:$C$1828,"<=7") -> 5207207 | D17: =SUMIFS(데이터_품목별!$F$3:$F$1828,데이터_품목별!$D$3:$D$1828,$A17,데이터_품목별!$B$3:$B$1828,2026,데이터_품목별!$C$3:$C$1828,"<=7") -> 6390207 | E17: =D17-C17 -> 1183000 | F17: =IFERROR(D17/C17-1,"-") -> 0.22718513 | G17: =IFERROR(E17/(분석2_월별추이!E28-분석2_월별추이!E27),"-") -> 0.0059246554 | H17: =IFERROR(D17/분석2_월별추이!E28,"-") -> 0.01073871 | I17: =SUMIFS(데이터_품목별!$G$3:$G$1828,데이터_품목별!$D$3:$D$1828,$A17,데이터_품목별!$B$3:$B$1828,2025,데이터_품목별!$C$3:$C$1828,"<=7") -> 5979503 | J17: =SUMIFS(데이터_품목별!$G$3:$G$1828,데이터_품목별!$D$3:$D$1828,$A17,데이터_품목별!$B$3:$B$1828,2026,데이터_품목별!$C$3:$C$1828,"<=7") -> 7416490 | K17: =IFERROR(J17/I17-1,"-") -> 0.2403188 | L17: =C17-I17 -> -772296 | M17: =D17-J17 -> -1026283 | N17: =M17-L17 -> -253987
A18: 30 | B18: =IFERROR(INDEX(데이터_품목별!$E$3:$E$1828,MATCH($A18,데이터_품목별!$D$3:$D$1828,0)),"") -> 의료용품 | C18: =SUMIFS(데이터_품목별!$F$3:$F$1828,데이터_품목별!$D$3:$D$1828,$A18,데이터_품목별!$B$3:$B$1828,2025,데이터_품목별!$C$3:$C$1828,"<=7") -> 5193033 | D18: =SUMIFS(데이터_품목별!$F$3:$F$1828,데이터_품목별!$D$3:$D$1828,$A18,데이터_품목별!$B$3:$B$1828,2026,데이터_품목별!$C$3:$C$1828,"<=7") -> 6137646 | E18: =D18-C18 -> 944613 | F18: =IFERROR(D18/C18-1,"-") -> 0.18190006 | G18: =IFERROR(E18/(분석2_월별추이!E28-분석2_월별추이!E27),"-") -> 0.0047307747 | H18: =IFERROR(D18/분석2_월별추이!E28,"-") -> 0.010314282 | I18: =SUMIFS(데이터_품목별!$G$3:$G$1828,데이터_품목별!$D$3:$D$1828,$A18,데이터_품목별!$B$3:$B$1828,2025,데이터_품목별!$C$3:$C$1828,"<=7") -> 5383636 | J18: =SUMIFS(데이터_품목별!$G$3:$G$1828,데이터_품목별!$D$3:$D$1828,$A18,데이터_품목별!$B$3:$B$1828,2026,데이터_품목별!$C$3:$C$1828,"<=7") -> 6854550 | K18: =IFERROR(J18/I18-1,"-") -> 0.27321944 | L18: =C18-I18 -> -190603 | M18: =D18-J18 -> -716904 | N18: =M18-L18 -> -526301
A19: 73 | B19: =IFERROR(INDEX(데이터_품목별!$E$3:$E$1828,MATCH($A19,데이터_품목별!$D$3:$D$1828,0)),"") -> 철강의 제품 | C19: =SUMIFS(데이터_품목별!$F$3:$F$1828,데이터_품목별!$D$3:$D$1828,$A19,데이터_품목별!$B$3:$B$1828,2025,데이터_품목별!$C$3:$C$1828,"<=7") -> 5495991 | D19: =SUMIFS(데이터_품목별!$F$3:$F$1828,데이터_품목별!$D$3:$D$1828,$A19,데이터_품목별!$B$3:$B$1828,2026,데이터_품목별!$C$3:$C$1828,"<=7") -> 5266471 | E19: =D19-C19 -> -229520 | F19: =IFERROR(D19/C19-1,"-") -> -0.041761349 | G19: =IFERROR(E19/(분석2_월별추이!E28-분석2_월별추이!E27),"-") -> -0.0011494733 | H19: =IFERROR(D19/분석2_월별추이!E28,"-") -> 0.0088502771 | I19: =SUMIFS(데이터_품목별!$G$3:$G$1828,데이터_품목별!$D$3:$D$1828,$A19,데이터_품목별!$B$3:$B$1828,2025,데이터_품목별!$C$3:$C$1828,"<=7") -> 4881334 | J19: =SUMIFS(데이터_품목별!$G$3:$G$1828,데이터_품목별!$D$3:$D$1828,$A19,데이터_품목별!$B$3:$B$1828,2026,데이터_품목별!$C$3:$C$1828,"<=7") -> 4498008 | K19: =IFERROR(J19/I19-1,"-") -> -0.078528943 | L19: =C19-I19 -> 614657 | M19: =D19-J19 -> 768463 | N19: =M19-L19 -> 153806
A20: 74 | B20: =IFERROR(INDEX(데이터_품목별!$E$3:$E$1828,MATCH($A20,데이터_품목별!$D$3:$D$1828,0)),"") -> 구리와 그 제품 | C20: =SUMIFS(데이터_품목별!$F$3:$F$1828,데이터_품목별!$D$3:$D$1828,$A20,데이터_품목별!$B$3:$B$1828,2025,데이터_품목별!$C$3:$C$1828,"<=7") -> 3590462 | D20: =SUMIFS(데이터_품목별!$F$3:$F$1828,데이터_품목별!$D$3:$D$1828,$A20,데이터_품목별!$B$3:$B$1828,2026,데이터_품목별!$C$3:$C$1828,"<=7") -> 5175032 | E20: =D20-C20 -> 1584570 | F20: =IFERROR(D20/C20-1,"-") -> 0.44132761 | G20: =IFERROR(E20/(분석2_월별추이!E28-분석2_월별추이!E27),"-") -> 0.0079357829 | H20: =IFERROR(D20/분석2_월별추이!E28,"-") -> 0.0086966144 | I20: =SUMIFS(데이터_품목별!$G$3:$G$1828,데이터_품목별!$D$3:$D$1828,$A20,데이터_품목별!$B$3:$B$1828,2025,데이터_품목별!$C$3:$C$1828,"<=7") -> 4519204 | J20: =SUMIFS(데이터_품목별!$G$3:$G$1828,데이터_품목별!$D$3:$D$1828,$A20,데이터_품목별!$B$3:$B$1828,2026,데이터_품목별!$C$3:$C$1828,"<=7") -> 7006441 | K20: =IFERROR(J20/I20-1,"-") -> 0.5503706 | L20: =C20-I20 -> -928742 | M20: =D20-J20 -> -1831409 | N20: =M20-L20 -> -902667
A21: 40 | B21: =IFERROR(INDEX(데이터_품목별!$E$3:$E$1828,MATCH($A21,데이터_품목별!$D$3:$D$1828,0)),"") -> 고무와 그 제품 | C21: =SUMIFS(데이터_품목별!$F$3:$F$1828,데이터_품목별!$D$3:$D$1828,$A21,데이터_품목별!$B$3:$B$1828,2025,데이터_품목별!$C$3:$C$1828,"<=7") -> 4638238 | D21: =SUMIFS(데이터_품목별!$F$3:$F$1828,데이터_품목별!$D$3:$D$1828,$A21,데이터_품목별!$B$3:$B$1828,2026,데이터_품목별!$C$3:$C$1828,"<=7") -> 4819436 | E21: =D21-C21 -> 181198 | F21: =IFERROR(D21/C21-1,"-") -> 0.039066128 | G21: =IFERROR(E21/(분석2_월별추이!E28-분석2_월별추이!E27),"-") -> 0.00090746889 | H21: =IFERROR(D21/분석2_월별추이!E28,"-") -> 0.0080990371 | I21: =SUMIFS(데이터_품목별!$G$3:$G$1828,데이터_품목별!$D$3:$D$1828,$A21,데이터_품목별!$B$3:$B$1828,2025,데이터_품목별!$C$3:$C$1828,"<=7") -> 1855513 | J21: =SUMIFS(데이터_품목별!$G$3:$G$1828,데이터_품목별!$D$3:$D$1828,$A21,데이터_품목별!$B$3:$B$1828,2026,데이터_품목별!$C$3:$C$1828,"<=7") -> 1906017 | K21: =IFERROR(J21/I21-1,"-") -> 0.027218349 | L21: =C21-I21 -> 2782725 | M21: =D21-J21 -> 2913419 | N21: =M21-L21 -> 130694
A22: 38 | B22: =IFERROR(INDEX(데이터_품목별!$E$3:$E$1828,MATCH($A22,데이터_품목별!$D$3:$D$1828,0)),"") -> 각종 화학공업 생산품 | C22: =SUMIFS(데이터_품목별!$F$3:$F$1828,데이터_품목별!$D$3:$D$1828,$A22,데이터_품목별!$B$3:$B$1828,2025,데이터_품목별!$C$3:$C$1828,"<=7") -> 4302276 | D22: =SUMIFS(데이터_품목별!$F$3:$F$1828,데이터_품목별!$D$3:$D$1828,$A22,데이터_품목별!$B$3:$B$1828,2026,데이터_품목별!$C$3:$C$1828,"<=7") -> 4762354 | E22: =D22-C22 -> 460078 | F22: =IFERROR(D22/C22-1,"-") -> 0.10693828 | G22: =IFERROR(E22/(분석2_월별추이!E28-분석2_월별추이!E27),"-") -> 0.002304145 | H22: =IFERROR(D22/분석2_월별추이!E28,"-") -> 0.0080031111 | I22: =SUMIFS(데이터_품목별!$G$3:$G$1828,데이터_품목별!$D$3:$D$1828,$A22,데이터_품목별!$B$3:$B$1828,2025,데이터_품목별!$C$3:$C$1828,"<=7") -> 5595448 | J22: =SUMIFS(데이터_품목별!$G$3:$G$1828,데이터_품목별!$D$3:$D$1828,$A22,데이터_품목별!$B$3:$B$1828,2026,데이터_품목별!$C$3:$C$1828,"<=7") -> 6195826 | K22: =IFERROR(J22/I22-1,"-") -> 0.10729757 | L22: =C22-I22 -> -1293172 | M22: =D22-J22 -> -1433472 | N22: =M22-L22 -> -140300
A23: 76 | B23: =IFERROR(INDEX(데이터_품목별!$E$3:$E$1828,MATCH($A23,데이터_품목별!$D$3:$D$1828,0)),"") -> 알루미늄과 그 제품 | C23: =SUMIFS(데이터_품목별!$F$3:$F$1828,데이터_품목별!$D$3:$D$1828,$A23,데이터_품목별!$B$3:$B$1828,2025,데이터_품목별!$C$3:$C$1828,"<=7") -> 3127826 | D23: =SUMIFS(데이터_품목별!$F$3:$F$1828,데이터_품목별!$D$3:$D$1828,$A23,데이터_품목별!$B$3:$B$1828,2026,데이터_품목별!$C$3:$C$1828,"<=7") -> 4014026 | E23: =D23-C23 -> 886200 | F23: =IFERROR(D23/C23-1,"-") -> 0.28332778 | G23: =IFERROR(E23/(분석2_월별추이!E28-분석2_월별추이!E27),"-") -> 0.0044382329 | H23: =IFERROR(D23/분석2_월별추이!E28,"-") -> 0.0067455498 | I23: =SUMIFS(데이터_품목별!$G$3:$G$1828,데이터_품목별!$D$3:$D$1828,$A23,데이터_품목별!$B$3:$B$1828,2025,데이터_품목별!$C$3:$C$1828,"<=7") -> 5392963 | J23: =SUMIFS(데이터_품목별!$G$3:$G$1828,데이터_품목별!$D$3:$D$1828,$A23,데이터_품목별!$B$3:$B$1828,2026,데이터_품목별!$C$3:$C$1828,"<=7") -> 6769623 | K23: =IFERROR(J23/I23-1,"-") -> 0.25526969 | L23: =C23-I23 -> -2265137 | M23: =D23-J23 -> -2755597 | N23: =M23-L23 -> -490460
A24: 93 | B24: =IFERROR(INDEX(데이터_품목별!$E$3:$E$1828,MATCH($A24,데이터_품목별!$D$3:$D$1828,0)),"") -> 무기ㆍ총포탄과 이들의 부분품과 부속품 | C24: =SUMIFS(데이터_품목별!$F$3:$F$1828,데이터_품목별!$D$3:$D$1828,$A24,데이터_품목별!$B$3:$B$1828,2025,데이터_품목별!$C$3:$C$1828,"<=7") -> 1791410 | D24: =SUMIFS(데이터_품목별!$F$3:$F$1828,데이터_품목별!$D$3:$D$1828,$A24,데이터_품목별!$B$3:$B$1828,2026,데이터_품목별!$C$3:$C$1828,"<=7") -> 1857628 | E24: =D24-C24 -> 66218 | F24: =IFERROR(D24/C24-1,"-") -> 0.036964179 | G24: =IFERROR(E24/(분석2_월별추이!E28-분석2_월별추이!E27),"-") -> 0.00033163045 | H24: =IFERROR(D24/분석2_월별추이!E28,"-") -> 0.0031217342 | I24: =SUMIFS(데이터_품목별!$G$3:$G$1828,데이터_품목별!$D$3:$D$1828,$A24,데이터_품목별!$B$3:$B$1828,2025,데이터_품목별!$C$3:$C$1828,"<=7") -> 175029 | J24: =SUMIFS(데이터_품목별!$G$3:$G$1828,데이터_품목별!$D$3:$D$1828,$A24,데이터_품목별!$B$3:$B$1828,2026,데이터_품목별!$C$3:$C$1828,"<=7") -> 216411 | K24: =IFERROR(J24/I24-1,"-") -> 0.23642939 | L24: =C24-I24 -> 1616381 | M24: =D24-J24 -> 1641217 | N24: =M24-L24 -> 24836
A25: 19 | B25: =IFERROR(INDEX(데이터_품목별!$E$3:$E$1828,MATCH($A25,데이터_품목별!$D$3:$D$1828,0)),"") -> 곡물ㆍ고운 가루ㆍ전분ㆍ밀크의 조제품과 베이커리 제품 | C25: =SUMIFS(데이터_품목별!$F$3:$F$1828,데이터_품목별!$D$3:$D$1828,$A25,데이터_품목별!$B$3:$B$1828,2025,데이터_품목별!$C$3:$C$1828,"<=7") -> 1537469 | D25: =SUMIFS(데이터_품목별!$F$3:$F$1828,데이터_품목별!$D$3:$D$1828,$A25,데이터_품목별!$B$3:$B$1828,2026,데이터_품목별!$C$3:$C$1828,"<=7") -> 1819905 | E25: =D25-C25 -> 282436 | F25: =IFERROR(D25/C25-1,"-") -> 0.18370192 | G25: =IFERROR(E25/(분석2_월별추이!E28-분석2_월별추이!E27),"-") -> 0.0014144852 | H25: =IFERROR(D25/분석2_월별추이!E28,"-") -> 0.0030583409 | I25: =SUMIFS(데이터_품목별!$G$3:$G$1828,데이터_품목별!$D$3:$D$1828,$A25,데이터_품목별!$B$3:$B$1828,2025,데이터_품목별!$C$3:$C$1828,"<=7") -> 635472 | J25: =SUMIFS(데이터_품목별!$G$3:$G$1828,데이터_품목별!$D$3:$D$1828,$A25,데이터_품목별!$B$3:$B$1828,2026,데이터_품목별!$C$3:$C$1828,"<=7") -> 702361 | K25: =IFERROR(J25/I25-1,"-") -> 0.10525877 | L25: =C25-I25 -> 901997 | M25: =D25-J25 -> 1117544 | N25: =M25-L25 -> 215547
A26: 32 | B26: =IFERROR(INDEX(데이터_품목별!$E$3:$E$1828,MATCH($A26,데이터_품목별!$D$3:$D$1828,0)),"") -> 유연용ㆍ염색용 추출물(extract), 탄닌과 이들의 유도체, 염료ㆍ안료와 그 밖의 착색제, 페인트ㆍ바니시(varnish), 퍼티(putty)와 그 밖의 매스틱(mastic), 잉크 | C26: =SUMIFS(데이터_품목별!$F$3:$F$1828,데이터_품목별!$D$3:$D$1828,$A26,데이터_품목별!$B$3:$B$1828,2025,데이터_품목별!$C$3:$C$1828,"<=7") -> 1535249 | D26: =SUMIFS(데이터_품목별!$F$3:$F$1828,데이터_품목별!$D$3:$D$1828,$A26,데이터_품목별!$B$3:$B$1828,2026,데이터_품목별!$C$3:$C$1828,"<=7") -> 1679004 | E26: =D26-C26 -> 143755 | F26: =IFERROR(D26/C26-1,"-") -> 0.093636277 | G26: =IFERROR(E26/(분석2_월별추이!E28-분석2_월별추이!E27),"-") -> 0.00071994829 | H26: =IFERROR(D26/분석2_월별추이!E28,"-") -> 0.0028215575 | I26: =SUMIFS(데이터_품목별!$G$3:$G$1828,데이터_품목별!$D$3:$D$1828,$A26,데이터_품목별!$B$3:$B$1828,2025,데이터_품목별!$C$3:$C$1828,"<=7") -> 1349754 | J26: =SUMIFS(데이터_품목별!$G$3:$G$1828,데이터_품목별!$D$3:$D$1828,$A26,데이터_품목별!$B$3:$B$1828,2026,데이터_품목별!$C$3:$C$1828,"<=7") -> 1479783 | K26: =IFERROR(J26/I26-1,"-") -> 0.096335332 | L26: =C26-I26 -> 185495 | M26: =D26-J26 -> 199221 | N26: =M26-L26 -> 13726
A27: 48 | B27: =IFERROR(INDEX(데이터_품목별!$E$3:$E$1828,MATCH($A27,데이터_품목별!$D$3:$D$1828,0)),"") -> 종이와 판지, 제지용 펄프ㆍ종이ㆍ판지의 제품 | C27: =SUMIFS(데이터_품목별!$F$3:$F$1828,데이터_품목별!$D$3:$D$1828,$A27,데이터_품목별!$B$3:$B$1828,2025,데이터_품목별!$C$3:$C$1828,"<=7") -> 1543269 | D27: =SUMIFS(데이터_품목별!$F$3:$F$1828,데이터_품목별!$D$3:$D$1828,$A27,데이터_품목별!$B$3:$B$1828,2026,데이터_품목별!$C$3:$C$1828,"<=7") -> 1597594 | E27: =D27-C27 -> 54325 | F27: =IFERROR(D27/C27-1,"-") -> 0.035201251 | G27: =IFERROR(E27/(분석2_월별추이!E28-분석2_월별추이!E27),"-") -> 0.00027206839 | H27: =IFERROR(D27/분석2_월별추이!E28,"-") -> 0.0026847484 | I27: =SUMIFS(데이터_품목별!$G$3:$G$1828,데이터_품목별!$D$3:$D$1828,$A27,데이터_품목별!$B$3:$B$1828,2025,데이터_품목별!$C$3:$C$1828,"<=7") -> 1288993 | J27: =SUMIFS(데이터_품목별!$G$3:$G$1828,데이터_품목별!$D$3:$D$1828,$A27,데이터_품목별!$B$3:$B$1828,2026,데이터_품목별!$C$3:$C$1828,"<=7") -> 1371250 | K27: =IFERROR(J27/I27-1,"-") -> 0.063814932 | L27: =C27-I27 -> 254276 | M27: =D27-J27 -> 226344 | N27: =M27-L27 -> -27932
A28: 88 | B28: =IFERROR(INDEX(데이터_품목별!$E$3:$E$1828,MATCH($A28,데이터_품목별!$D$3:$D$1828,0)),"") -> 항공기와 우주선, 이들의 부분품 | C28: =SUMIFS(데이터_품목별!$F$3:$F$1828,데이터_품목별!$D$3:$D$1828,$A28,데이터_품목별!$B$3:$B$1828,2025,데이터_품목별!$C$3:$C$1828,"<=7") -> 1647522 | D28: =SUMIFS(데이터_품목별!$F$3:$F$1828,데이터_품목별!$D$3:$D$1828,$A28,데이터_품목별!$B$3:$B$1828,2026,데이터_품목별!$C$3:$C$1828,"<=7") -> 1590344 | E28: =D28-C28 -> -57178 | F28: =IFERROR(D28/C28-1,"-") -> -0.034705455 | G28: =IFERROR(E28/(분석2_월별추이!E28-분석2_월별추이!E27),"-") -> -0.00028635667 | H28: =IFERROR(D28/분석2_월별추이!E28,"-") -> 0.0026725648 | I28: =SUMIFS(데이터_품목별!$G$3:$G$1828,데이터_품목별!$D$3:$D$1828,$A28,데이터_품목별!$B$3:$B$1828,2025,데이터_품목별!$C$3:$C$1828,"<=7") -> 2107637 | J28: =SUMIFS(데이터_품목별!$G$3:$G$1828,데이터_품목별!$D$3:$D$1828,$A28,데이터_품목별!$B$3:$B$1828,2026,데이터_품목별!$C$3:$C$1828,"<=7") -> 2921555 | K28: =IFERROR(J28/I28-1,"-") -> 0.38617561 | L28: =C28-I28 -> -460115 | M28: =D28-J28 -> -1331211 | N28: =M28-L28 -> -871096
A29: 82 | B29: =IFERROR(INDEX(데이터_품목별!$E$3:$E$1828,MATCH($A29,데이터_품목별!$D$3:$D$1828,0)),"") -> 비금속(卑金屬)으로 만든 공구ㆍ도구ㆍ칼붙이ㆍ스푼ㆍ포크, 이들의 부분품 | C29: =SUMIFS(데이터_품목별!$F$3:$F$1828,데이터_품목별!$D$3:$D$1828,$A29,데이터_품목별!$B$3:$B$1828,2025,데이터_품목별!$C$3:$C$1828,"<=7") -> 1110121 | D29: =SUMIFS(데이터_품목별!$F$3:$F$1828,데이터_품목별!$D$3:$D$1828,$A29,데이터_품목별!$B$3:$B$1828,2026,데이터_품목별!$C$3:$C$1828,"<=7") -> 1344235 | E29: =D29-C29 -> 234114 | F29: =IFERROR(D29/C29-1,"-") -> 0.21089052 | G29: =IFERROR(E29/(분석2_월별추이!E28-분석2_월별추이!E27),"-") -> 0.0011724808 | H29: =IFERROR(D29/분석2_월별추이!E28,"-") -> 0.0022589799 | I29: =SUMIFS(데이터_품목별!$G$3:$G$1828,데이터_품목별!$D$3:$D$1828,$A29,데이터_품목별!$B$3:$B$1828,2025,데이터_품목별!$C$3:$C$1828,"<=7") -> 587439 | J29: =SUMIFS(데이터_품목별!$G$3:$G$1828,데이터_품목별!$D$3:$D$1828,$A29,데이터_품목별!$B$3:$B$1828,2026,데이터_품목별!$C$3:$C$1828,"<=7") -> 653461 | K29: =IFERROR(J29/I29-1,"-") -> 0.11238954 | L29: =C29-I29 -> 522682 | M29: =D29-J29 -> 690774 | N29: =M29-L29 -> 168092
A30: 03 | B30: =IFERROR(INDEX(데이터_품목별!$E$3:$E$1828,MATCH($A30,데이터_품목별!$D$3:$D$1828,0)),"") -> 어류ㆍ갑각류ㆍ연체동물과 그 밖의 수생(水生) 무척추동물 | C30: =SUMIFS(데이터_품목별!$F$3:$F$1828,데이터_품목별!$D$3:$D$1828,$A30,데이터_품목별!$B$3:$B$1828,2025,데이터_품목별!$C$3:$C$1828,"<=7") -> 943482 | D30: =SUMIFS(데이터_품목별!$F$3:$F$1828,데이터_품목별!$D$3:$D$1828,$A30,데이터_품목별!$B$3:$B$1828,2026,데이터_품목별!$C$3:$C$1828,"<=7") -> 1271236 | E30: =D30-C30 -> 327754 | F30: =IFERROR(D30/C30-1,"-") -> 0.34738766 | G30: =IFERROR(E30/(분석2_월별추이!E28-분석2_월별추이!E27),"-") -> 0.001641445 | H30: =IFERROR(D30/분석2_월별추이!E28,"-") -> 0.0021363055 | I30: =SUMIFS(데이터_품목별!$G$3:$G$1828,데이터_품목별!$D$3:$D$1828,$A30,데이터_품목별!$B$3:$B$1828,2025,데이터_품목별!$C$3:$C$1828,"<=7") -> 2909646 | J30: =SUMIFS(데이터_품목별!$G$3:$G$1828,데이터_품목별!$D$3:$D$1828,$A30,데이터_품목별!$B$3:$B$1828,2026,데이터_품목별!$C$3:$C$1828,"<=7") -> 2972250 | K30: =IFERROR(J30/I30-1,"-") -> 0.021516019 | L30: =C30-I30 -> -1966164 | M30: =D30-J30 -> -1701014 | N30: =M30-L30 -> 265150
A31: 34 | B31: =IFERROR(INDEX(데이터_품목별!$E$3:$E$1828,MATCH($A31,데이터_품목별!$D$3:$D$1828,0)),"") -> 비누ㆍ유기계면활성제ㆍ조제 세제ㆍ조제 윤활제ㆍ인조 왁스ㆍ조제 왁스ㆍ광택용이나 연마용 조제품ㆍ양초와 이와 유사한 물품ㆍ조형용 페이스트(paste)ㆍ치과용 왁스와 플라스터(plaster)를 기본 재료로 한 치과용 조제품 | C31: =SUMIFS(데이터_품목별!$F$3:$F$1828,데이터_품목별!$D$3:$D$1828,$A31,데이터_품목별!$B$3:$B$1828,2025,데이터_품목별!$C$3:$C$1828,"<=7") -> 1085222 | D31: =SUMIFS(데이터_품목별!$F$3:$F$1828,데이터_품목별!$D$3:$D$1828,$A31,데이터_품목별!$B$3:$B$1828,2026,데이터_품목별!$C$3:$C$1828,"<=7") -> 1210923 | E31: =D31-C31 -> 125701 | F31: =IFERROR(D31/C31-1,"-") -> 0.11582976 | G31: =IFERROR(E31/(분석2_월별추이!E28-분석2_월별추이!E27),"-") -> 0.00062953094 | H31: =IFERROR(D31/분석2_월별추이!E28,"-") -> 0.0020349498 | I31: =SUMIFS(데이터_품목별!$G$3:$G$1828,데이터_품목별!$D$3:$D$1828,$A31,데이터_품목별!$B$3:$B$1828,2025,데이터_품목별!$C$3:$C$1828,"<=7") -> 672519 | J31: =SUMIFS(데이터_품목별!$G$3:$G$1828,데이터_품목별!$D$3:$D$1828,$A31,데이터_품목별!$B$3:$B$1828,2026,데이터_품목별!$C$3:$C$1828,"<=7") -> 717385 | K31: =IFERROR(J31/I31-1,"-") -> 0.066713357 | L31: =C31-I31 -> 412703 | M31: =D31-J31 -> 493538 | N31: =M31-L31 -> 80835
A32: 21 | B32: =IFERROR(INDEX(데이터_품목별!$E$3:$E$1828,MATCH($A32,데이터_품목별!$D$3:$D$1828,0)),"") -> 각종 조제 식료품 | C32: =SUMIFS(데이터_품목별!$F$3:$F$1828,데이터_품목별!$D$3:$D$1828,$A32,데이터_품목별!$B$3:$B$1828,2025,데이터_품목별!$C$3:$C$1828,"<=7") -> 1094190 | D32: =SUMIFS(데이터_품목별!$F$3:$F$1828,데이터_품목별!$D$3:$D$1828,$A32,데이터_품목별!$B$3:$B$1828,2026,데이터_품목별!$C$3:$C$1828,"<=7") -> 1103103 | E32: =D32-C32 -> 8913 | F32: =IFERROR(D32/C32-1,"-") -> 0.0081457517 | G32: =IFERROR(E32/(분석2_월별추이!E28-분석2_월별추이!E27),"-") -> 4.4637746e-05 | H32: =IFERROR(D32/분석2_월별추이!E28,"-") -> 0.0018537589 | I32: =SUMIFS(데이터_품목별!$G$3:$G$1828,데이터_품목별!$D$3:$D$1828,$A32,데이터_품목별!$B$3:$B$1828,2025,데이터_품목별!$C$3:$C$1828,"<=7") -> 1656705 | J32: =SUMIFS(데이터_품목별!$G$3:$G$1828,데이터_품목별!$D$3:$D$1828,$A32,데이터_품목별!$B$3:$B$1828,2026,데이터_품목별!$C$3:$C$1828,"<=7") -> 1655356 | K32: =IFERROR(J32/I32-1,"-") -> -0.00081426687 | L32: =C32-I32 -> -562515 | M32: =D32-J32 -> -552253 | N32: =M32-L32 -> 10262
A33: 70 | B33: =IFERROR(INDEX(데이터_품목별!$E$3:$E$1828,MATCH($A33,데이터_품목별!$D$3:$D$1828,0)),"") -> 유리와 유리제품 | C33: =SUMIFS(데이터_품목별!$F$3:$F$1828,데이터_품목별!$D$3:$D$1828,$A33,데이터_품목별!$B$3:$B$1828,2025,데이터_품목별!$C$3:$C$1828,"<=7") -> 1165960 | D33: =SUMIFS(데이터_품목별!$F$3:$F$1828,데이터_품목별!$D$3:$D$1828,$A33,데이터_품목별!$B$3:$B$1828,2026,데이터_품목별!$C$3:$C$1828,"<=7") -> 1030706 | E33: =D33-C33 -> -135254 | F33: =IFERROR(D33/C33-1,"-") -> -0.11600226 | G33: =IFERROR(E33/(분석2_월별추이!E28-분석2_월별추이!E27),"-") -> -0.00067737391 | H33: =IFERROR(D33/분석2_월별추이!E28,"-") -> 0.0017320961 | I33: =SUMIFS(데이터_품목별!$G$3:$G$1828,데이터_품목별!$D$3:$D$1828,$A33,데이터_품목별!$B$3:$B$1828,2025,데이터_품목별!$C$3:$C$1828,"<=7") -> 1538589 | J33: =SUMIFS(데이터_품목별!$G$3:$G$1828,데이터_품목별!$D$3:$D$1828,$A33,데이터_품목별!$B$3:$B$1828,2026,데이터_품목별!$C$3:$C$1828,"<=7") -> 1739769 | K33: =IFERROR(J33/I33-1,"-") -> 0.13075617 | L33: =C33-I33 -> -372629 | M33: =D33-J33 -> -709063 | N33: =M33-L33 -> -336434
A34: 54 | B34: =IFERROR(INDEX(데이터_품목별!$E$3:$E$1828,MATCH($A34,데이터_품목별!$D$3:$D$1828,0)),"") -> 인조필라멘트, 인조방직용 섬유재료의 스트립(strip)과 이와 유사한 것 | C34: =SUMIFS(데이터_품목별!$F$3:$F$1828,데이터_품목별!$D$3:$D$1828,$A34,데이터_품목별!$B$3:$B$1828,2025,데이터_품목별!$C$3:$C$1828,"<=7") -> 1042839 | D34: =SUMIFS(데이터_품목별!$F$3:$F$1828,데이터_품목별!$D$3:$D$1828,$A34,데이터_품목별!$B$3:$B$1828,2026,데이터_품목별!$C$3:$C$1828,"<=7") -> 993617 | E34: =D34-C34 -> -49222 | F34: =IFERROR(D34/C34-1,"-") -> -0.047199999 | G34: =IFERROR(E34/(분석2_월별추이!E28-분석2_월별추이!E27),"-") -> -0.00024651174 | H34: =IFERROR(D34/분석2_월별추이!E28,"-") -> 0.0016697682 | I34: =SUMIFS(데이터_품목별!$G$3:$G$1828,데이터_품목별!$D$3:$D$1828,$A34,데이터_품목별!$B$3:$B$1828,2025,데이터_품목별!$C$3:$C$1828,"<=7") -> 605280 | J34: =SUMIFS(데이터_품목별!$G$3:$G$1828,데이터_품목별!$D$3:$D$1828,$A34,데이터_품목별!$B$3:$B$1828,2026,데이터_품목별!$C$3:$C$1828,"<=7") -> 568388 | K34: =IFERROR(J34/I34-1,"-") -> -0.060950304 | L34: =C34-I34 -> 437559 | M34: =D34-J34 -> 425229 | N34: =M34-L34 -> -12330
A35: 83 | B35: =IFERROR(INDEX(데이터_품목별!$E$3:$E$1828,MATCH($A35,데이터_품목별!$D$3:$D$1828,0)),"") -> 비금속(卑金屬)으로 만든 각종 제품 | C35: =SUMIFS(데이터_품목별!$F$3:$F$1828,데이터_품목별!$D$3:$D$1828,$A35,데이터_품목별!$B$3:$B$1828,2025,데이터_품목별!$C$3:$C$1828,"<=7") -> 985593 | D35: =SUMIFS(데이터_품목별!$F$3:$F$1828,데이터_품목별!$D$3:$D$1828,$A35,데이터_품목별!$B$3:$B$1828,2026,데이터_품목별!$C$3:$C$1828,"<=7") -> 961525 | E35: =D35-C35 -> -24068 | F35: =IFERROR(D35/C35-1,"-") -> -0.024419816 | G35: =IFERROR(E35/(분석2_월별추이!E28-분석2_월별추이!E27),"-") -> -0.00012053644 | H35: =IFERROR(D35/분석2_월별추이!E28,"-") -> 0.0016158378 | I35: =SUMIFS(데이터_품목별!$G$3:$G$1828,데이터_품목별!$D$3:$D$1828,$A35,데이터_품목별!$B$3:$B$1828,2025,데이터_품목별!$C$3:$C$1828,"<=7") -> 548203 | J35: =SUMIFS(데이터_품목별!$G$3:$G$1828,데이터_품목별!$D$3:$D$1828,$A35,데이터_품목별!$B$3:$B$1828,2026,데이터_품목별!$C$3:$C$1828,"<=7") -> 576742 | K35: =IFERROR(J35/I35-1,"-") -> 0.052059182 | L35: =C35-I35 -> 437390 | M35: =D35-J35 -> 384783 | N35: =M35-L35 -> -52607
A36: 79 | B36: =IFERROR(INDEX(데이터_품목별!$E$3:$E$1828,MATCH($A36,데이터_품목별!$D$3:$D$1828,0)),"") -> 아연과 그 제품 | C36: =SUMIFS(데이터_품목별!$F$3:$F$1828,데이터_품목별!$D$3:$D$1828,$A36,데이터_품목별!$B$3:$B$1828,2025,데이터_품목별!$C$3:$C$1828,"<=7") -> 697217 | D36: =SUMIFS(데이터_품목별!$F$3:$F$1828,데이터_품목별!$D$3:$D$1828,$A36,데이터_품목별!$B$3:$B$1828,2026,데이터_품목별!$C$3:$C$1828,"<=7") -> 914119 | E36: =D36-C36 -> 216902 | F36: =IFERROR(D36/C36-1,"-") -> 0.31109683 | G36: =IFERROR(E36/(분석2_월별추이!E28-분석2_월별추이!E27),"-") -> 0.0010862803 | H36: =IFERROR(D36/분석2_월별추이!E28,"-") -> 0.0015361722 | I36: =SUMIFS(데이터_품목별!$G$3:$G$1828,데이터_품목별!$D$3:$D$1828,$A36,데이터_품목별!$B$3:$B$1828,2025,데이터_품목별!$C$3:$C$1828,"<=7") -> 57348 | J36: =SUMIFS(데이터_품목별!$G$3:$G$1828,데이터_품목별!$D$3:$D$1828,$A36,데이터_품목별!$B$3:$B$1828,2026,데이터_품목별!$C$3:$C$1828,"<=7") -> 67200 | K36: =IFERROR(J36/I36-1,"-") -> 0.17179326 | L36: =C36-I36 -> 639869 | M36: =D36-J36 -> 846919 | N36: =M36-L36 -> 207050
A37: 60 | B37: =IFERROR(INDEX(데이터_품목별!$E$3:$E$1828,MATCH($A37,데이터_품목별!$D$3:$D$1828,0)),"") -> 메리야스 편물과 뜨개질 편물 | C37: =SUMIFS(데이터_품목별!$F$3:$F$1828,데이터_품목별!$D$3:$D$1828,$A37,데이터_품목별!$B$3:$B$1828,2025,데이터_품목별!$C$3:$C$1828,"<=7") -> 893874 | D37: =SUMIFS(데이터_품목별!$F$3:$F$1828,데이터_품목별!$D$3:$D$1828,$A37,데이터_품목별!$B$3:$B$1828,2026,데이터_품목별!$C$3:$C$1828,"<=7") -> 823089 | E37: =D37-C37 -> -70785 | F37: =IFERROR(D37/C37-1,"-") -> -0.079189013 | G37: =IFERROR(E37/(분석2_월별추이!E28-분석2_월별추이!E27),"-") -> -0.00035450273 | H37: =IFERROR(D37/분석2_월별추이!E28,"-") -> 0.0013831968 | I37: =SUMIFS(데이터_품목별!$G$3:$G$1828,데이터_품목별!$D$3:$D$1828,$A37,데이터_품목별!$B$3:$B$1828,2025,데이터_품목별!$C$3:$C$1828,"<=7") -> 61554 | J37: =SUMIFS(데이터_품목별!$G$3:$G$1828,데이터_품목별!$D$3:$D$1828,$A37,데이터_품목별!$B$3:$B$1828,2026,데이터_품목별!$C$3:$C$1828,"<=7") -> 64293 | K37: =IFERROR(J37/I37-1,"-") -> 0.044497514 | L37: =C37-I37 -> 832320 | M37: =D37-J37 -> 758796 | N37: =M37-L37 -> -73524
A38: 94 | B38: =IFERROR(INDEX(데이터_품목별!$E$3:$E$1828,MATCH($A38,데이터_품목별!$D$3:$D$1828,0)),"") -> 가구, 침구ㆍ매트리스ㆍ매트리스 서포트(mattress support)ㆍ쿠션과 이와 유사한 물품, 다른 류로 분류되지 않은 조명기구, 조명용 사인ㆍ조명용 네임플레이트(name-plate)와 이와 유사한 물품, 조립식 건축물 | C38: =SUMIFS(데이터_품목별!$F$3:$F$1828,데이터_품목별!$D$3:$D$1828,$A38,데이터_품목별!$B$3:$B$1828,2025,데이터_품목별!$C$3:$C$1828,"<=7") -> 789870 | D38: =SUMIFS(데이터_품목별!$F$3:$F$1828,데이터_품목별!$D$3:$D$1828,$A38,데이터_품목별!$B$3:$B$1828,2026,데이터_품목별!$C$3:$C$1828,"<=7") -> 747589 | E38: =D38-C38 -> -42281 | F38: =IFERROR(D38/C38-1,"-") -> -0.053529062 | G38: =IFERROR(E38/(분석2_월별추이!E28-분석2_월별추이!E27),"-") -> -0.00021175009 | H38: =IFERROR(D38/분석2_월별추이!E28,"-") -> 0.0012563194 | I38: =SUMIFS(데이터_품목별!$G$3:$G$1828,데이터_품목별!$D$3:$D$1828,$A38,데이터_품목별!$B$3:$B$1828,2025,데이터_품목별!$C$3:$C$1828,"<=7") -> 2238038 | J38: =SUMIFS(데이터_품목별!$G$3:$G$1828,데이터_품목별!$D$3:$D$1828,$A38,데이터_품목별!$B$3:$B$1828,2026,데이터_품목별!$C$3:$C$1828,"<=7") -> 2296126 | K38: =IFERROR(J38/I38-1,"-") -> 0.025954877 | L38: =C38-I38 -> -1448168 | M38: =D38-J38 -> -1548537 | N38: =M38-L38 -> -100369
A39: 55 | B39: =IFERROR(INDEX(데이터_품목별!$E$3:$E$1828,MATCH($A39,데이터_품목별!$D$3:$D$1828,0)),"") -> 인조스테이플섬유 | C39: =SUMIFS(데이터_품목별!$F$3:$F$1828,데이터_품목별!$D$3:$D$1828,$A39,데이터_품목별!$B$3:$B$1828,2025,데이터_품목별!$C$3:$C$1828,"<=7") -> 681705 | D39: =SUMIFS(데이터_품목별!$F$3:$F$1828,데이터_품목별!$D$3:$D$1828,$A39,데이터_품목별!$B$3:$B$1828,2026,데이터_품목별!$C$3:$C$1828,"<=7") -> 672252 | E39: =D39-C39 -> -9453 | F39: =IFERROR(D39/C39-1,"-") -> -0.013866702 | G39: =IFERROR(E39/(분석2_월별추이!E28-분석2_월별추이!E27),"-") -> -4.7342153e-05 | H39: =IFERROR(D39/분석2_월별추이!E28,"-") -> 0.001129716 | I39: =SUMIFS(데이터_품목별!$G$3:$G$1828,데이터_품목별!$D$3:$D$1828,$A39,데이터_품목별!$B$3:$B$1828,2025,데이터_품목별!$C$3:$C$1828,"<=7") -> 332506 | J39: =SUMIFS(데이터_품목별!$G$3:$G$1828,데이터_품목별!$D$3:$D$1828,$A39,데이터_품목별!$B$3:$B$1828,2026,데이터_품목별!$C$3:$C$1828,"<=7") -> 325940 | K39: =IFERROR(J39/I39-1,"-") -> -0.019747012 | L39: =C39-I39 -> 349199 | M39: =D39-J39 -> 346312 | N39: =M39-L39 -> -2887
A40: 59 | B40: =IFERROR(INDEX(데이터_품목별!$E$3:$E$1828,MATCH($A40,데이터_품목별!$D$3:$D$1828,0)),"") -> 침투ㆍ도포ㆍ피복하거나 적층한 방직용 섬유의 직물, 공업용인 방직용 섬유제품 | C40: =SUMIFS(데이터_품목별!$F$3:$F$1828,데이터_품목별!$D$3:$D$1828,$A40,데이터_품목별!$B$3:$B$1828,2025,데이터_품목별!$C$3:$C$1828,"<=7") -> 665394 | D40: =SUMIFS(데이터_품목별!$F$3:$F$1828,데이터_품목별!$D$3:$D$1828,$A40,데이터_품목별!$B$3:$B$1828,2026,데이터_품목별!$C$3:$C$1828,"<=7") -> 671341 | E40: =D40-C40 -> 5947 | F40: =IFERROR(D40/C40-1,"-") -> 0.0089375618 | G40: =IFERROR(E40/(분석2_월별추이!E28-분석2_월별추이!E27),"-") -> 2.9783538e-05 | H40: =IFERROR(D40/분석2_월별추이!E28,"-") -> 0.0011281851 | I40: =SUMIFS(데이터_품목별!$G$3:$G$1828,데이터_품목별!$D$3:$D$1828,$A40,데이터_품목별!$B$3:$B$1828,2025,데이터_품목별!$C$3:$C$1828,"<=7") -> 260099 | J40: =SUMIFS(데이터_품목별!$G$3:$G$1828,데이터_품목별!$D$3:$D$1828,$A40,데이터_품목별!$B$3:$B$1828,2026,데이터_품목별!$C$3:$C$1828,"<=7") -> 259820 | K40: =IFERROR(J40/I40-1,"-") -> -0.0010726685 | L40: =C40-I40 -> 405295 | M40: =D40-J40 -> 411521 | N40: =M40-L40 -> 6226
A41: 22 | B41: =IFERROR(INDEX(데이터_품목별!$E$3:$E$1828,MATCH($A41,데이터_품목별!$D$3:$D$1828,0)),"") -> 음료ㆍ주류ㆍ식초 | C41: =SUMIFS(데이터_품목별!$F$3:$F$1828,데이터_품목별!$D$3:$D$1828,$A41,데이터_품목별!$B$3:$B$1828,2025,데이터_품목별!$C$3:$C$1828,"<=7") -> 652424 | D41: =SUMIFS(데이터_품목별!$F$3:$F$1828,데이터_품목별!$D$3:$D$1828,$A41,데이터_품목별!$B$3:$B$1828,2026,데이터_품목별!$C$3:$C$1828,"<=7") -> 663743 | E41: =D41-C41 -> 11319 | F41: =IFERROR(D41/C41-1,"-") -> 0.017349147 | G41: =IFERROR(E41/(분석2_월별추이!E28-분석2_월별추이!E27),"-") -> 5.6687383e-05 | H41: =IFERROR(D41/분석2_월별추이!E28,"-") -> 0.0011154167 | I41: =SUMIFS(데이터_품목별!$G$3:$G$1828,데이터_품목별!$D$3:$D$1828,$A41,데이터_품목별!$B$3:$B$1828,2025,데이터_품목별!$C$3:$C$1828,"<=7") -> 864707 | J41: =SUMIFS(데이터_품목별!$G$3:$G$1828,데이터_품목별!$D$3:$D$1828,$A41,데이터_품목별!$B$3:$B$1828,2026,데이터_품목별!$C$3:$C$1828,"<=7") -> 867937 | K41: =IFERROR(J41/I41-1,"-") -> 0.0037353693 | L41: =C41-I41 -> -212283 | M41: =D41-J41 -> -204194 | N41: =M41-L41 -> 8089
A42: 37 | B42: =IFERROR(INDEX(데이터_품목별!$E$3:$E$1828,MATCH($A42,데이터_품목별!$D$3:$D$1828,0)),"") -> 사진용이나 영화용 재료 | C42: =SUMIFS(데이터_품목별!$F$3:$F$1828,데이터_품목별!$D$3:$D$1828,$A42,데이터_품목별!$B$3:$B$1828,2025,데이터_품목별!$C$3:$C$1828,"<=7") -> 665067 | D42: =SUMIFS(데이터_품목별!$F$3:$F$1828,데이터_품목별!$D$3:$D$1828,$A42,데이터_품목별!$B$3:$B$1828,2026,데이터_품목별!$C$3:$C$1828,"<=7") -> 658267 | E42: =D42-C42 -> -6800 | F42: =IFERROR(D42/C42-1,"-") -> -0.010224534 | G42: =IFERROR(E42/(분석2_월별추이!E28-분석2_월별추이!E27),"-") -> -3.40555e-05 | H42: =IFERROR(D42/분석2_월별추이!E28,"-") -> 0.0011062143 | I42: =SUMIFS(데이터_품목별!$G$3:$G$1828,데이터_품목별!$D$3:$D$1828,$A42,데이터_품목별!$B$3:$B$1828,2025,데이터_품목별!$C$3:$C$1828,"<=7") -> 628755 | J42: =SUMIFS(데이터_품목별!$G$3:$G$1828,데이터_품목별!$D$3:$D$1828,$A42,데이터_품목별!$B$3:$B$1828,2026,데이터_품목별!$C$3:$C$1828,"<=7") -> 705974 | K42: =IFERROR(J42/I42-1,"-") -> 0.12281254 | L42: =C42-I42 -> 36312 | M42: =D42-J42 -> -47707 | N42: =M42-L42 -> -84019
A43: 20 | B43: =IFERROR(INDEX(데이터_품목별!$E$3:$E$1828,MATCH($A43,데이터_품목별!$D$3:$D$1828,0)),"") -> 채소ㆍ과실ㆍ견과류나 식물의그 밖의 부분의 조제품 | C43: =SUMIFS(데이터_품목별!$F$3:$F$1828,데이터_품목별!$D$3:$D$1828,$A43,데이터_품목별!$B$3:$B$1828,2025,데이터_품목별!$C$3:$C$1828,"<=7") -> 589723 | D43: =SUMIFS(데이터_품목별!$F$3:$F$1828,데이터_품목별!$D$3:$D$1828,$A43,데이터_품목별!$B$3:$B$1828,2026,데이터_품목별!$C$3:$C$1828,"<=7") -> 632464 | E43: =D43-C43 -> 42741 | F43: =IFERROR(D43/C43-1,"-") -> 0.0724764 | G43: =IFERROR(E43/(분석2_월별추이!E28-분석2_월별추이!E27),"-") -> 0.00021405384 | H43: =IFERROR(D43/분석2_월별추이!E28,"-") -> 0.0010628525 | I43: =SUMIFS(데이터_품목별!$G$3:$G$1828,데이터_품목별!$D$3:$D$1828,$A43,데이터_품목별!$B$3:$B$1828,2025,데이터_품목별!$C$3:$C$1828,"<=7") -> 976892 | J43: =SUMIFS(데이터_품목별!$G$3:$G$1828,데이터_품목별!$D$3:$D$1828,$A43,데이터_품목별!$B$3:$B$1828,2026,데이터_품목별!$C$3:$C$1828,"<=7") -> 997866 | K43: =IFERROR(J43/I43-1,"-") -> 0.021470132 | L43: =C43-I43 -> -387169 | M43: =D43-J43 -> -365402 | N43: =M43-L43 -> 21767
A44: 68 | B44: =IFERROR(INDEX(데이터_품목별!$E$3:$E$1828,MATCH($A44,데이터_품목별!$D$3:$D$1828,0)),"") -> 돌ㆍ플라스터(plaster)ㆍ시멘트ㆍ석면ㆍ운모나 이와 유사한 재료의 제품 | C44: =SUMIFS(데이터_품목별!$F$3:$F$1828,데이터_품목별!$D$3:$D$1828,$A44,데이터_품목별!$B$3:$B$1828,2025,데이터_품목별!$C$3:$C$1828,"<=7") -> 528026 | D44: =SUMIFS(데이터_품목별!$F$3:$F$1828,데이터_품목별!$D$3:$D$1828,$A44,데이터_품목별!$B$3:$B$1828,2026,데이터_품목별!$C$3:$C$1828,"<=7") -> 620657 | E44: =D44-C44 -> 92631 | F44: =IFERROR(D44/C44-1,"-") -> 0.17542886 | G44: =IFERROR(E44/(분석2_월별추이!E28-분석2_월별추이!E27),"-") -> 0.00046391103 | H44: =IFERROR(D44/분석2_월별추이!E28,"-") -> 0.0010430109 | I44: =SUMIFS(데이터_품목별!$G$3:$G$1828,데이터_품목별!$D$3:$D$1828,$A44,데이터_품목별!$B$3:$B$1828,2025,데이터_품목별!$C$3:$C$1828,"<=7") -> 734880 | J44: =SUMIFS(데이터_품목별!$G$3:$G$1828,데이터_품목별!$D$3:$D$1828,$A44,데이터_품목별!$B$3:$B$1828,2026,데이터_품목별!$C$3:$C$1828,"<=7") -> 710530 | K44: =IFERROR(J44/I44-1,"-") -> -0.033134661 | L44: =C44-I44 -> -206854 | M44: =D44-J44 -> -89873 | N44: =M44-L44 -> 116981
A45: 35 | B45: =IFERROR(INDEX(데이터_품목별!$E$3:$E$1828,MATCH($A45,데이터_품목별!$D$3:$D$1828,0)),"") -> 단백질계 물질, 변성전분, 글루(glue), 효소 | C45: =SUMIFS(데이터_품목별!$F$3:$F$1828,데이터_품목별!$D$3:$D$1828,$A45,데이터_품목별!$B$3:$B$1828,2025,데이터_품목별!$C$3:$C$1828,"<=7") -> 592840 | D45: =SUMIFS(데이터_품목별!$F$3:$F$1828,데이터_품목별!$D$3:$D$1828,$A45,데이터_품목별!$B$3:$B$1828,2026,데이터_품목별!$C$3:$C$1828,"<=7") -> 605101 | E45: =D45-C45 -> 12261 | F45: =IFERROR(D45/C45-1,"-") -> 0.020681803 | G45: =IFERROR(E45/(분석2_월별추이!E28-분석2_월별추이!E27),"-") -> 6.1405071e-05 | H45: =IFERROR(D45/분석2_월별추이!E28,"-") -> 0.0010168691 | I45: =SUMIFS(데이터_품목별!$G$3:$G$1828,데이터_품목별!$D$3:$D$1828,$A45,데이터_품목별!$B$3:$B$1828,2025,데이터_품목별!$C$3:$C$1828,"<=7") -> 599053 | J45: =SUMIFS(데이터_품목별!$G$3:$G$1828,데이터_품목별!$D$3:$D$1828,$A45,데이터_품목별!$B$3:$B$1828,2026,데이터_품목별!$C$3:$C$1828,"<=7") -> 633019 | K45: =IFERROR(J45/I45-1,"-") -> 0.056699491 | L45: =C45-I45 -> -6213 | M45: =D45-J45 -> -27918 | N45: =M45-L45 -> -21705
A46: 24 | B46: =IFERROR(INDEX(데이터_품목별!$E$3:$E$1828,MATCH($A46,데이터_품목별!$D$3:$D$1828,0)),"") -> 담배와 제조한 담배 대용물, 연소시키지 않고흡입하도록 만들어진 물품(니코틴을 함유하였는지에 상관없다), 니코틴을 함유한 그 밖의 물품으로 인체 내에 니코틴을 흡수시키도록 만들어진 것 | C46: =SUMIFS(데이터_품목별!$F$3:$F$1828,데이터_품목별!$D$3:$D$1828,$A46,데이터_품목별!$B$3:$B$1828,2025,데이터_품목별!$C$3:$C$1828,"<=7") -> 633022 | D46: =SUMIFS(데이터_품목별!$F$3:$F$1828,데이터_품목별!$D$3:$D$1828,$A46,데이터_품목별!$B$3:$B$1828,2026,데이터_품목별!$C$3:$C$1828,"<=7") -> 602190 | E46: =D46-C46 -> -30832 | F46: =IFERROR(D46/C46-1,"-") -> -0.048706048 | G46: =IFERROR(E46/(분석2_월별추이!E28-분석2_월별추이!E27),"-") -> -0.00015441164 | H46: =IFERROR(D46/분석2_월별추이!E28,"-") -> 0.0010119772 | I46: =SUMIFS(데이터_품목별!$G$3:$G$1828,데이터_품목별!$D$3:$D$1828,$A46,데이터_품목별!$B$3:$B$1828,2025,데이터_품목별!$C$3:$C$1828,"<=7") -> 343374 | J46: =SUMIFS(데이터_품목별!$G$3:$G$1828,데이터_품목별!$D$3:$D$1828,$A46,데이터_품목별!$B$3:$B$1828,2026,데이터_품목별!$C$3:$C$1828,"<=7") -> 383187 | K46: =IFERROR(J46/I46-1,"-") -> 0.11594646 | L46: =C46-I46 -> 289648 | M46: =D46-J46 -> 219003 | N46: =M46-L46 -> -70645
A47: 61 | B47: =IFERROR(INDEX(데이터_품목별!$E$3:$E$1828,MATCH($A47,데이터_품목별!$D$3:$D$1828,0)),"") -> 의류와 그 부속품(메리야스 편물이나 뜨개질 편물로 한정한다) | C47: =SUMIFS(데이터_품목별!$F$3:$F$1828,데이터_품목별!$D$3:$D$1828,$A47,데이터_품목별!$B$3:$B$1828,2025,데이터_품목별!$C$3:$C$1828,"<=7") -> 486648 | D47: =SUMIFS(데이터_품목별!$F$3:$F$1828,데이터_품목별!$D$3:$D$1828,$A47,데이터_품목별!$B$3:$B$1828,2026,데이터_품목별!$C$3:$C$1828,"<=7") -> 540634 | E47: =D47-C47 -> 53986 | F47: =IFERROR(D47/C47-1,"-") -> 0.11093439 | G47: =IFERROR(E47/(분석2_월별추이!E28-분석2_월별추이!E27),"-") -> 0.00027037062 | H47: =IFERROR(D47/분석2_월별추이!E28,"-") -> 0.00090853262 | I47: =SUMIFS(데이터_품목별!$G$3:$G$1828,데이터_품목별!$D$3:$D$1828,$A47,데이터_품목별!$B$3:$B$1828,2025,데이터_품목별!$C$3:$C$1828,"<=7") -> 2784440 | J47: =SUMIFS(데이터_품목별!$G$3:$G$1828,데이터_품목별!$D$3:$D$1828,$A47,데이터_품목별!$B$3:$B$1828,2026,데이터_품목별!$C$3:$C$1828,"<=7") -> 2885804 | K47: =IFERROR(J47/I47-1,"-") -> 0.036403729 | L47: =C47-I47 -> -2297792 | M47: =D47-J47 -> -2345170 | N47: =M47-L47 -> -47378
A48: 62 | B48: =IFERROR(INDEX(데이터_품목별!$E$3:$E$1828,MATCH($A48,데이터_품목별!$D$3:$D$1828,0)),"") -> 의류와 그 부속품(메리야스 편물이나 뜨개질편물은 제외한다) | C48: =SUMIFS(데이터_품목별!$F$3:$F$1828,데이터_품목별!$D$3:$D$1828,$A48,데이터_품목별!$B$3:$B$1828,2025,데이터_품목별!$C$3:$C$1828,"<=7") -> 492325 | D48: =SUMIFS(데이터_품목별!$F$3:$F$1828,데이터_품목별!$D$3:$D$1828,$A48,데이터_품목별!$B$3:$B$1828,2026,데이터_품목별!$C$3:$C$1828,"<=7") -> 537333 | E48: =D48-C48 -> 45008 | F48: =IFERROR(D48/C48-1,"-") -> 0.091419286 | G48: =IFERROR(E48/(분석2_월별추이!E28-분석2_월별추이!E27),"-") -> 0.00022540734 | H48: =IFERROR(D48/분석2_월별추이!E28,"-") -> 0.00090298531 | I48: =SUMIFS(데이터_품목별!$G$3:$G$1828,데이터_품목별!$D$3:$D$1828,$A48,데이터_품목별!$B$3:$B$1828,2025,데이터_품목별!$C$3:$C$1828,"<=7") -> 3744795 | J48: =SUMIFS(데이터_품목별!$G$3:$G$1828,데이터_품목별!$D$3:$D$1828,$A48,데이터_품목별!$B$3:$B$1828,2026,데이터_품목별!$C$3:$C$1828,"<=7") -> 3731244 | K48: =IFERROR(J48/I48-1,"-") -> -0.0036186226 | L48: =C48-I48 -> -3252470 | M48: =D48-J48 -> -3193911 | N48: =M48-L48 -> 58559
A49: 78 | B49: =IFERROR(INDEX(데이터_품목별!$E$3:$E$1828,MATCH($A49,데이터_품목별!$D$3:$D$1828,0)),"") -> 납과 그 제품 | C49: =SUMIFS(데이터_품목별!$F$3:$F$1828,데이터_품목별!$D$3:$D$1828,$A49,데이터_품목별!$B$3:$B$1828,2025,데이터_품목별!$C$3:$C$1828,"<=7") -> 406911 | D49: =SUMIFS(데이터_품목별!$F$3:$F$1828,데이터_품목별!$D$3:$D$1828,$A49,데이터_품목별!$B$3:$B$1828,2026,데이터_품목별!$C$3:$C$1828,"<=7") -> 499571 | E49: =D49-C49 -> 92660 | F49: =IFERROR(D49/C49-1,"-") -> 0.22771564 | G49: =IFERROR(E49/(분석2_월별추이!E28-분석2_월별추이!E27),"-") -> 0.00046405627 | H49: =IFERROR(D49/분석2_월별추이!E28,"-") -> 0.00083952647 | I49: =SUMIFS(데이터_품목별!$G$3:$G$1828,데이터_품목별!$D$3:$D$1828,$A49,데이터_품목별!$B$3:$B$1828,2025,데이터_품목별!$C$3:$C$1828,"<=7") -> 226526 | J49: =SUMIFS(데이터_품목별!$G$3:$G$1828,데이터_품목별!$D$3:$D$1828,$A49,데이터_품목별!$B$3:$B$1828,2026,데이터_품목별!$C$3:$C$1828,"<=7") -> 236346 | K49: =IFERROR(J49/I49-1,"-") -> 0.043350432 | L49: =C49-I49 -> 180385 | M49: =D49-J49 -> 263225 | N49: =M49-L49 -> 82840
A50: 25 | B50: =IFERROR(INDEX(데이터_품목별!$E$3:$E$1828,MATCH($A50,데이터_품목별!$D$3:$D$1828,0)),"") -> 소금, 황, 토석류(土石類), 석고ㆍ석회ㆍ시멘트 | C50: =SUMIFS(데이터_품목별!$F$3:$F$1828,데이터_품목별!$D$3:$D$1828,$A50,데이터_품목별!$B$3:$B$1828,2025,데이터_품목별!$C$3:$C$1828,"<=7") -> 273660 | D50: =SUMIFS(데이터_품목별!$F$3:$F$1828,데이터_품목별!$D$3:$D$1828,$A50,데이터_품목별!$B$3:$B$1828,2026,데이터_품목별!$C$3:$C$1828,"<=7") -> 487110 | E50: =D50-C50 -> 213450 | F50: =IFERROR(D50/C50-1,"-") -> 0.77998246 | G50: =IFERROR(E50/(분석2_월별추이!E28-분석2_월별추이!E27),"-") -> 0.0010689921 | H50: =IFERROR(D50/분석2_월별추이!E28,"-") -> 0.00081858582 | I50: =SUMIFS(데이터_품목별!$G$3:$G$1828,데이터_품목별!$D$3:$D$1828,$A50,데이터_품목별!$B$3:$B$1828,2025,데이터_품목별!$C$3:$C$1828,"<=7") -> 563359 | J50: =SUMIFS(데이터_품목별!$G$3:$G$1828,데이터_품목별!$D$3:$D$1828,$A50,데이터_품목별!$B$3:$B$1828,2026,데이터_품목별!$C$3:$C$1828,"<=7") -> 549779 | K50: =IFERROR(J50/I50-1,"-") -> -0.024105411 | L50: =C50-I50 -> -289699 | M50: =D50-J50 -> -62669 | N50: =M50-L50 -> 227030
A51: 86 | B51: =IFERROR(INDEX(데이터_품목별!$E$3:$E$1828,MATCH($A51,데이터_품목별!$D$3:$D$1828,0)),"") -> 철도용이나 궤도용 기관차ㆍ차량과 이들의 부분품, 철도용이나 궤도용 장비품과 그 부분품, 기계식(전기기계식을 포함한다) 각종 교통신호용 기기 | C51: =SUMIFS(데이터_품목별!$F$3:$F$1828,데이터_품목별!$D$3:$D$1828,$A51,데이터_품목별!$B$3:$B$1828,2025,데이터_품목별!$C$3:$C$1828,"<=7") -> 231528 | D51: =SUMIFS(데이터_품목별!$F$3:$F$1828,데이터_품목별!$D$3:$D$1828,$A51,데이터_품목별!$B$3:$B$1828,2026,데이터_품목별!$C$3:$C$1828,"<=7") -> 475577 | E51: =D51-C51 -> 244049 | F51: =IFERROR(D51/C51-1,"-") -> 1.0540799 | G51: =IFERROR(E51/(분석2_월별추이!E28-분석2_월별추이!E27),"-") -> 0.0012222369 | H51: =IFERROR(D51/분석2_월별추이!E28,"-") -> 0.00079920467 | I51: =SUMIFS(데이터_품목별!$G$3:$G$1828,데이터_품목별!$D$3:$D$1828,$A51,데이터_품목별!$B$3:$B$1828,2025,데이터_품목별!$C$3:$C$1828,"<=7") -> 273301 | J51: =SUMIFS(데이터_품목별!$G$3:$G$1828,데이터_품목별!$D$3:$D$1828,$A51,데이터_품목별!$B$3:$B$1828,2026,데이터_품목별!$C$3:$C$1828,"<=7") -> 364722 | K51: =IFERROR(J51/I51-1,"-") -> 0.33450664 | L51: =C51-I51 -> -41773 | M51: =D51-J51 -> 110855 | N51: =M51-L51 -> 152628
A52: 56 | B52: =IFERROR(INDEX(데이터_품목별!$E$3:$E$1828,MATCH($A52,데이터_품목별!$D$3:$D$1828,0)),"") -> 워딩(wadding)ㆍ펠트(felt)ㆍ부직포, 특수사, 끈ㆍ배의 밧줄(cordage)ㆍ로프ㆍ케이블과 이들의 제품 | C52: =SUMIFS(데이터_품목별!$F$3:$F$1828,데이터_품목별!$D$3:$D$1828,$A52,데이터_품목별!$B$3:$B$1828,2025,데이터_품목별!$C$3:$C$1828,"<=7") -> 456555 | D52: =SUMIFS(데이터_품목별!$F$3:$F$1828,데이터_품목별!$D$3:$D$1828,$A52,데이터_품목별!$B$3:$B$1828,2026,데이터_품목별!$C$3:$C$1828,"<=7") -> 446550 | E52: =D52-C52 -> -10005 | F52: =IFERROR(D52/C52-1,"-") -> -0.021914118 | G52: =IFERROR(E52/(분석2_월별추이!E28-분석2_월별추이!E27),"-") -> -5.0106658e-05 | H52: =IFERROR(D52/분석2_월별추이!E28,"-") -> 0.00075042495 | I52: =SUMIFS(데이터_품목별!$G$3:$G$1828,데이터_품목별!$D$3:$D$1828,$A52,데이터_품목별!$B$3:$B$1828,2025,데이터_품목별!$C$3:$C$1828,"<=7") -> 396208 | J52: =SUMIFS(데이터_품목별!$G$3:$G$1828,데이터_품목별!$D$3:$D$1828,$A52,데이터_품목별!$B$3:$B$1828,2026,데이터_품목별!$C$3:$C$1828,"<=7") -> 429674 | K52: =IFERROR(J52/I52-1,"-") -> 0.084465735 | L52: =C52-I52 -> 60347 | M52: =D52-J52 -> 16876 | N52: =M52-L52 -> -43471
A53: 95 | B53: =IFERROR(INDEX(데이터_품목별!$E$3:$E$1828,MATCH($A53,데이터_품목별!$D$3:$D$1828,0)),"") -> 완구ㆍ게임용구ㆍ운동용구와 이들의 부분품과 부속품 | C53: =SUMIFS(데이터_품목별!$F$3:$F$1828,데이터_품목별!$D$3:$D$1828,$A53,데이터_품목별!$B$3:$B$1828,2025,데이터_품목별!$C$3:$C$1828,"<=7") -> 346642 | D53: =SUMIFS(데이터_품목별!$F$3:$F$1828,데이터_품목별!$D$3:$D$1828,$A53,데이터_품목별!$B$3:$B$1828,2026,데이터_품목별!$C$3:$C$1828,"<=7") -> 444542 | E53: =D53-C53 -> 97900 | F53: =IFERROR(D53/C53-1,"-") -> 0.28242394 | G53: =IFERROR(E53/(분석2_월별추이!E28-분석2_월별추이!E27),"-") -> 0.00049029904 | H53: =IFERROR(D53/분석2_월별추이!E28,"-") -> 0.00074705052 | I53: =SUMIFS(데이터_품목별!$G$3:$G$1828,데이터_품목별!$D$3:$D$1828,$A53,데이터_품목별!$B$3:$B$1828,2025,데이터_품목별!$C$3:$C$1828,"<=7") -> 1485939 | J53: =SUMIFS(데이터_품목별!$G$3:$G$1828,데이터_품목별!$D$3:$D$1828,$A53,데이터_품목별!$B$3:$B$1828,2026,데이터_품목별!$C$3:$C$1828,"<=7") -> 1580822 | K53: =IFERROR(J53/I53-1,"-") -> 0.0638539 | L53: =C53-I53 -> -1139297 | M53: =D53-J53 -> -1136280 | N53: =M53-L53 -> 3017
A54: 12 | B54: =IFERROR(INDEX(데이터_품목별!$E$3:$E$1828,MATCH($A54,데이터_품목별!$D$3:$D$1828,0)),"") -> 채유(採油)에 적합한 종자와 과실, 각종 종자와 과실, 공업용ㆍ의약용 식물, 짚과 사료용 식물 | C54: =SUMIFS(데이터_품목별!$F$3:$F$1828,데이터_품목별!$D$3:$D$1828,$A54,데이터_품목별!$B$3:$B$1828,2025,데이터_품목별!$C$3:$C$1828,"<=7") -> 464096 | D54: =SUMIFS(데이터_품목별!$F$3:$F$1828,데이터_품목별!$D$3:$D$1828,$A54,데이터_품목별!$B$3:$B$1828,2026,데이터_품목별!$C$3:$C$1828,"<=7") -> 413487 | E54: =D54-C54 -> -50609 | F54: =IFERROR(D54/C54-1,"-") -> -0.10904856 | G54: =IFERROR(E54/(분석2_월별추이!E28-분석2_월별추이!E27),"-") -> -0.00025345806 | H54: =IFERROR(D54/분석2_월별추이!E28,"-") -> 0.00069486275 | I54: =SUMIFS(데이터_품목별!$G$3:$G$1828,데이터_품목별!$D$3:$D$1828,$A54,데이터_품목별!$B$3:$B$1828,2025,데이터_품목별!$C$3:$C$1828,"<=7") -> 1047400 | J54: =SUMIFS(데이터_품목별!$G$3:$G$1828,데이터_품목별!$D$3:$D$1828,$A54,데이터_품목별!$B$3:$B$1828,2026,데이터_품목별!$C$3:$C$1828,"<=7") -> 1067739 | K54: =IFERROR(J54/I54-1,"-") -> 0.01941856 | L54: =C54-I54 -> -583304 | M54: =D54-J54 -> -654252 | N54: =M54-L54 -> -70948
A55: 81 | B55: =IFERROR(INDEX(데이터_품목별!$E$3:$E$1828,MATCH($A55,데이터_품목별!$D$3:$D$1828,0)),"") -> 그 밖의 비금속(卑金屬), 서멧(cermet), 이들의 제품 | C55: =SUMIFS(데이터_품목별!$F$3:$F$1828,데이터_품목별!$D$3:$D$1828,$A55,데이터_품목별!$B$3:$B$1828,2025,데이터_품목별!$C$3:$C$1828,"<=7") -> 296271 | D55: =SUMIFS(데이터_품목별!$F$3:$F$1828,데이터_품목별!$D$3:$D$1828,$A55,데이터_품목별!$B$3:$B$1828,2026,데이터_품목별!$C$3:$C$1828,"<=7") -> 404247 | E55: =D55-C55 -> 107976 | F55: =IFERROR(D55/C55-1,"-") -> 0.36445011 | G55: =IFERROR(E55/(분석2_월별추이!E28-분석2_월별추이!E27),"-") -> 0.00054076127 | H55: =IFERROR(D55/분석2_월별추이!E28,"-") -> 0.00067933498 | I55: =SUMIFS(데이터_품목별!$G$3:$G$1828,데이터_품목별!$D$3:$D$1828,$A55,데이터_품목별!$B$3:$B$1828,2025,데이터_품목별!$C$3:$C$1828,"<=7") -> 857265 | J55: =SUMIFS(데이터_품목별!$G$3:$G$1828,데이터_품목별!$D$3:$D$1828,$A55,데이터_품목별!$B$3:$B$1828,2026,데이터_품목별!$C$3:$C$1828,"<=7") -> 1229356 | K55: =IFERROR(J55/I55-1,"-") -> 0.43404432 | L55: =C55-I55 -> -560994 | M55: =D55-J55 -> -825109 | N55: =M55-L55 -> -264115
A56: 42 | B56: =IFERROR(INDEX(데이터_품목별!$E$3:$E$1828,MATCH($A56,데이터_품목별!$D$3:$D$1828,0)),"") -> 가죽제품, 마구, 여행용구ㆍ핸드백과 이와 유사한 용기, 동물 거트(gut)[누에의 거트(gut)는 제외한다]의 제품 | C56: =SUMIFS(데이터_품목별!$F$3:$F$1828,데이터_품목별!$D$3:$D$1828,$A56,데이터_품목별!$B$3:$B$1828,2025,데이터_품목별!$C$3:$C$1828,"<=7") -> 278935 | D56: =SUMIFS(데이터_품목별!$F$3:$F$1828,데이터_품목별!$D$3:$D$1828,$A56,데이터_품목별!$B$3:$B$1828,2026,데이터_품목별!$C$3:$C$1828,"<=7") -> 398047 | E56: =D56-C56 -> 119112 | F56: =IFERROR(D56/C56-1,"-") -> 0.42702422 | G56: =IFERROR(E56/(분석2_월별추이!E28-분석2_월별추이!E27),"-") -> 0.00059653216 | H56: =IFERROR(D56/분석2_월별추이!E28,"-") -> 0.00066891591 | I56: =SUMIFS(데이터_품목별!$G$3:$G$1828,데이터_품목별!$D$3:$D$1828,$A56,데이터_품목별!$B$3:$B$1828,2025,데이터_품목별!$C$3:$C$1828,"<=7") -> 2065750 | J56: =SUMIFS(데이터_품목별!$G$3:$G$1828,데이터_품목별!$D$3:$D$1828,$A56,데이터_품목별!$B$3:$B$1828,2026,데이터_품목별!$C$3:$C$1828,"<=7") -> 2281673 | K56: =IFERROR(J56/I56-1,"-") -> 0.10452523 | L56: =C56-I56 -> -1786815 | M56: =D56-J56 -> -1883626 | N56: =M56-L56 -> -96811
A57: 26 | B57: =IFERROR(INDEX(데이터_품목별!$E$3:$E$1828,MATCH($A57,데이터_품목별!$D$3:$D$1828,0)),"") -> 광(鑛)ㆍ슬래그(slag)ㆍ회(灰) | C57: =SUMIFS(데이터_품목별!$F$3:$F$1828,데이터_품목별!$D$3:$D$1828,$A57,데이터_품목별!$B$3:$B$1828,2025,데이터_품목별!$C$3:$C$1828,"<=7") -> 325978 | D57: =SUMIFS(데이터_품목별!$F$3:$F$1828,데이터_품목별!$D$3:$D$1828,$A57,데이터_품목별!$B$3:$B$1828,2026,데이터_품목별!$C$3:$C$1828,"<=7") -> 372712 | E57: =D57-C57 -> 46734 | F57: =IFERROR(D57/C57-1,"-") -> 0.1433655 | G57: =IFERROR(E57/(분석2_월별추이!E28-분석2_월별추이!E27),"-") -> 0.00023405143 | H57: =IFERROR(D57/분석2_월별추이!E28,"-") -> 0.00062634058 | I57: =SUMIFS(데이터_품목별!$G$3:$G$1828,데이터_품목별!$D$3:$D$1828,$A57,데이터_품목별!$B$3:$B$1828,2025,데이터_품목별!$C$3:$C$1828,"<=7") -> 11891968 | J57: =SUMIFS(데이터_품목별!$G$3:$G$1828,데이터_품목별!$D$3:$D$1828,$A57,데이터_품목별!$B$3:$B$1828,2026,데이터_품목별!$C$3:$C$1828,"<=7") -> 15150573 | K57: =IFERROR(J57/I57-1,"-") -> 0.2740173 | L57: =C57-I57 -> -11565990 | M57: =D57-J57 -> -14777861 | N57: =M57-L57 -> -3211871
A58: 63 | B58: =IFERROR(INDEX(데이터_품목별!$E$3:$E$1828,MATCH($A58,데이터_품목별!$D$3:$D$1828,0)),"") -> 제품으로 된 방직용 섬유의 그 밖의 물품, 세트, 사용하던 의류ㆍ방직용 섬유제품, 넝마 | C58: =SUMIFS(데이터_품목별!$F$3:$F$1828,데이터_품목별!$D$3:$D$1828,$A58,데이터_품목별!$B$3:$B$1828,2025,데이터_품목별!$C$3:$C$1828,"<=7") -> 378893 | D58: =SUMIFS(데이터_품목별!$F$3:$F$1828,데이터_품목별!$D$3:$D$1828,$A58,데이터_품목별!$B$3:$B$1828,2026,데이터_품목별!$C$3:$C$1828,"<=7") -> 333599 | E58: =D58-C58 -> -45294 | F58: =IFERROR(D58/C58-1,"-") -> -0.11954298 | G58: =IFERROR(E58/(분석2_월별추이!E28-분석2_월별추이!E27),"-") -> -0.00022683968 | H58: =IFERROR(D58/분석2_월별추이!E28,"-") -> 0.00056061138 | I58: =SUMIFS(데이터_품목별!$G$3:$G$1828,데이터_품목별!$D$3:$D$1828,$A58,데이터_품목별!$B$3:$B$1828,2025,데이터_품목별!$C$3:$C$1828,"<=7") -> 753245 | J58: =SUMIFS(데이터_품목별!$G$3:$G$1828,데이터_품목별!$D$3:$D$1828,$A58,데이터_품목별!$B$3:$B$1828,2026,데이터_품목별!$C$3:$C$1828,"<=7") -> 776815 | K58: =IFERROR(J58/I58-1,"-") -> 0.03129128 | L58: =C58-I58 -> -374352 | M58: =D58-J58 -> -443216 | N58: =M58-L58 -> -68864
A59: 31 | B59: =IFERROR(INDEX(데이터_품목별!$E$3:$E$1828,MATCH($A59,데이터_품목별!$D$3:$D$1828,0)),"") -> 비료 | C59: =SUMIFS(데이터_품목별!$F$3:$F$1828,데이터_품목별!$D$3:$D$1828,$A59,데이터_품목별!$B$3:$B$1828,2025,데이터_품목별!$C$3:$C$1828,"<=7") -> 260644 | D59: =SUMIFS(데이터_품목별!$F$3:$F$1828,데이터_품목별!$D$3:$D$1828,$A59,데이터_품목별!$B$3:$B$1828,2026,데이터_품목별!$C$3:$C$1828,"<=7") -> 327915 | E59: =D59-C59 -> 67271 | F59: =IFERROR(D59/C59-1,"-") -> 0.25809533 | G59: =IFERROR(E59/(분석2_월별추이!E28-분석2_월별추이!E27),"-") -> 0.00033690405 | H59: =IFERROR(D59/분석2_월별추이!E28,"-") -> 0.00055105945 | I59: =SUMIFS(데이터_품목별!$G$3:$G$1828,데이터_품목별!$D$3:$D$1828,$A59,데이터_품목별!$B$3:$B$1828,2025,데이터_품목별!$C$3:$C$1828,"<=7") -> 446573 | J59: =SUMIFS(데이터_품목별!$G$3:$G$1828,데이터_품목별!$D$3:$D$1828,$A59,데이터_품목별!$B$3:$B$1828,2026,데이터_품목별!$C$3:$C$1828,"<=7") -> 543653 | K59: =IFERROR(J59/I59-1,"-") -> 0.21738887 | L59: =C59-I59 -> -185929 | M59: =D59-J59 -> -215738 | N59: =M59-L59 -> -29809
A60: 96 | B60: =IFERROR(INDEX(데이터_품목별!$E$3:$E$1828,MATCH($A60,데이터_품목별!$D$3:$D$1828,0)),"") -> 잡품 | C60: =SUMIFS(데이터_품목별!$F$3:$F$1828,데이터_품목별!$D$3:$D$1828,$A60,데이터_품목별!$B$3:$B$1828,2025,데이터_품목별!$C$3:$C$1828,"<=7") -> 268406 | D60: =SUMIFS(데이터_품목별!$F$3:$F$1828,데이터_품목별!$D$3:$D$1828,$A60,데이터_품목별!$B$3:$B$1828,2026,데이터_품목별!$C$3:$C$1828,"<=7") -> 274754 | E60: =D60-C60 -> 6348 | F60: =IFERROR(D60/C60-1,"-") -> 0.023650738 | G60: =IFERROR(E60/(분석2_월별추이!E28-분석2_월별추이!E27),"-") -> 3.1791811e-05 | H60: =IFERROR(D60/분석2_월별추이!E28,"-") -> 0.00046172267 | I60: =SUMIFS(데이터_품목별!$G$3:$G$1828,데이터_품목별!$D$3:$D$1828,$A60,데이터_품목별!$B$3:$B$1828,2025,데이터_품목별!$C$3:$C$1828,"<=7") -> 649935 | J60: =SUMIFS(데이터_품목별!$G$3:$G$1828,데이터_품목별!$D$3:$D$1828,$A60,데이터_품목별!$B$3:$B$1828,2026,데이터_품목별!$C$3:$C$1828,"<=7") -> 691008 | K60: =IFERROR(J60/I60-1,"-") -> 0.06319555 | L60: =C60-I60 -> -381529 | M60: =D60-J60 -> -416254 | N60: =M60-L60 -> -34725
A61: 64 | B61: =IFERROR(INDEX(데이터_품목별!$E$3:$E$1828,MATCH($A61,데이터_품목별!$D$3:$D$1828,0)),"") -> 신발류ㆍ각반과 이와 유사한 것, 이들의 부분품 | C61: =SUMIFS(데이터_품목별!$F$3:$F$1828,데이터_품목별!$D$3:$D$1828,$A61,데이터_품목별!$B$3:$B$1828,2025,데이터_품목별!$C$3:$C$1828,"<=7") -> 216549 | D61: =SUMIFS(데이터_품목별!$F$3:$F$1828,데이터_품목별!$D$3:$D$1828,$A61,데이터_품목별!$B$3:$B$1828,2026,데이터_품목별!$C$3:$C$1828,"<=7") -> 250740 | E61: =D61-C61 -> 34191 | F61: =IFERROR(D61/C61-1,"-") -> 0.15789036 | G61: =IFERROR(E61/(분석2_월별추이!E28-분석2_월별추이!E27),"-") -> 0.00017123406 | H61: =IFERROR(D61/분석2_월별추이!E28,"-") -> 0.00042136727 | I61: =SUMIFS(데이터_품목별!$G$3:$G$1828,데이터_품목별!$D$3:$D$1828,$A61,데이터_품목별!$B$3:$B$1828,2025,데이터_품목별!$C$3:$C$1828,"<=7") -> 2102493 | J61: =SUMIFS(데이터_품목별!$G$3:$G$1828,데이터_품목별!$D$3:$D$1828,$A61,데이터_품목별!$B$3:$B$1828,2026,데이터_품목별!$C$3:$C$1828,"<=7") -> 2069663 | K61: =IFERROR(J61/I61-1,"-") -> -0.015614796 | L61: =C61-I61 -> -1885944 | M61: =D61-J61 -> -1818923 | N61: =M61-L61 -> 67021
A62: 69 | B62: =IFERROR(INDEX(데이터_품목별!$E$3:$E$1828,MATCH($A62,데이터_품목별!$D$3:$D$1828,0)),"") -> 도자제품 | C62: =SUMIFS(데이터_품목별!$F$3:$F$1828,데이터_품목별!$D$3:$D$1828,$A62,데이터_품목별!$B$3:$B$1828,2025,데이터_품목별!$C$3:$C$1828,"<=7") -> 211045 | D62: =SUMIFS(데이터_품목별!$F$3:$F$1828,데이터_품목별!$D$3:$D$1828,$A62,데이터_품목별!$B$3:$B$1828,2026,데이터_품목별!$C$3:$C$1828,"<=7") -> 230997 | E62: =D62-C62 -> 19952 | F62: =IFERROR(D62/C62-1,"-") -> 0.094539079 | G62: =IFERROR(E62/(분석2_월별추이!E28-분석2_월별추이!E27),"-") -> 9.9922843e-05 | H62: =IFERROR(D62/분석2_월별추이!E28,"-") -> 0.00038818926 | I62: =SUMIFS(데이터_품목별!$G$3:$G$1828,데이터_품목별!$D$3:$D$1828,$A62,데이터_품목별!$B$3:$B$1828,2025,데이터_품목별!$C$3:$C$1828,"<=7") -> 925305 | J62: =SUMIFS(데이터_품목별!$G$3:$G$1828,데이터_품목별!$D$3:$D$1828,$A62,데이터_품목별!$B$3:$B$1828,2026,데이터_품목별!$C$3:$C$1828,"<=7") -> 886970 | K62: =IFERROR(J62/I62-1,"-") -> -0.041429583 | L62: =C62-I62 -> -714260 | M62: =D62-J62 -> -655973 | N62: =M62-L62 -> 58287
A63: 49 | B63: =IFERROR(INDEX(데이터_품목별!$E$3:$E$1828,MATCH($A63,데이터_품목별!$D$3:$D$1828,0)),"") -> 인쇄서적ㆍ신문ㆍ회화ㆍ그 밖의 인쇄물, 수제(手製)문서ㆍ타자문서ㆍ도면 | C63: =SUMIFS(데이터_품목별!$F$3:$F$1828,데이터_품목별!$D$3:$D$1828,$A63,데이터_품목별!$B$3:$B$1828,2025,데이터_품목별!$C$3:$C$1828,"<=7") -> 250596 | D63: =SUMIFS(데이터_품목별!$F$3:$F$1828,데이터_품목별!$D$3:$D$1828,$A63,데이터_품목별!$B$3:$B$1828,2026,데이터_품목별!$C$3:$C$1828,"<=7") -> 228510 | E63: =D63-C63 -> -22086 | F63: =IFERROR(D63/C63-1,"-") -> -0.088133889 | G63: =IFERROR(E63/(분석2_월별추이!E28-분석2_월별추이!E27),"-") -> -0.00011061026 | H63: =IFERROR(D63/분석2_월별추이!E28,"-") -> 0.00038400987 | I63: =SUMIFS(데이터_품목별!$G$3:$G$1828,데이터_품목별!$D$3:$D$1828,$A63,데이터_품목별!$B$3:$B$1828,2025,데이터_품목별!$C$3:$C$1828,"<=7") -> 153378 | J63: =SUMIFS(데이터_품목별!$G$3:$G$1828,데이터_품목별!$D$3:$D$1828,$A63,데이터_품목별!$B$3:$B$1828,2026,데이터_품목별!$C$3:$C$1828,"<=7") -> 187520 | K63: =IFERROR(J63/I63-1,"-") -> 0.22260037 | L63: =C63-I63 -> 97218 | M63: =D63-J63 -> 40990 | N63: =M63-L63 -> -56228
A64: 23 | B64: =IFERROR(INDEX(데이터_품목별!$E$3:$E$1828,MATCH($A64,데이터_품목별!$D$3:$D$1828,0)),"") -> 식품 공업에서 생기는 잔재물과 웨이스트(waste), 조제 사료 | C64: =SUMIFS(데이터_품목별!$F$3:$F$1828,데이터_품목별!$D$3:$D$1828,$A64,데이터_품목별!$B$3:$B$1828,2025,데이터_품목별!$C$3:$C$1828,"<=7") -> 194953 | D64: =SUMIFS(데이터_품목별!$F$3:$F$1828,데이터_품목별!$D$3:$D$1828,$A64,데이터_품목별!$B$3:$B$1828,2026,데이터_품목별!$C$3:$C$1828,"<=7") -> 206620 | E64: =D64-C64 -> 11667 | F64: =IFERROR(D64/C64-1,"-") -> 0.059845193 | G64: =IFERROR(E64/(분석2_월별추이!E28-분석2_월별추이!E27),"-") -> 5.8430223e-05 | H64: =IFERROR(D64/분석2_월별추이!E28,"-") -> 0.00034722384 | I64: =SUMIFS(데이터_품목별!$G$3:$G$1828,데이터_품목별!$D$3:$D$1828,$A64,데이터_품목별!$B$3:$B$1828,2025,데이터_품목별!$C$3:$C$1828,"<=7") -> 1288331 | J64: =SUMIFS(데이터_품목별!$G$3:$G$1828,데이터_품목별!$D$3:$D$1828,$A64,데이터_품목별!$B$3:$B$1828,2026,데이터_품목별!$C$3:$C$1828,"<=7") -> 1335200 | K64: =IFERROR(J64/I64-1,"-") -> 0.036379626 | L64: =C64-I64 -> -1093378 | M64: =D64-J64 -> -1128580 | N64: =M64-L64 -> -35202
A65: 15 | B65: =IFERROR(INDEX(데이터_품목별!$E$3:$E$1828,MATCH($A65,데이터_품목별!$D$3:$D$1828,0)),"") -> 동물성ㆍ식물성ㆍ미생물성 지방과 기름 및이들의 분해생산물, 조제한 식용 지방과 동물성ㆍ식물성 왁스 | C65: =SUMIFS(데이터_품목별!$F$3:$F$1828,데이터_품목별!$D$3:$D$1828,$A65,데이터_품목별!$B$3:$B$1828,2025,데이터_품목별!$C$3:$C$1828,"<=7") -> 232365 | D65: =SUMIFS(데이터_품목별!$F$3:$F$1828,데이터_품목별!$D$3:$D$1828,$A65,데이터_품목별!$B$3:$B$1828,2026,데이터_품목별!$C$3:$C$1828,"<=7") -> 196125 | E65: =D65-C65 -> -36240 | F65: =IFERROR(D65/C65-1,"-") -> -0.15596153 | G65: =IFERROR(E65/(분석2_월별추이!E28-분석2_월별추이!E27),"-") -> -0.00018149578 | H65: =IFERROR(D65/분석2_월별추이!E28,"-") -> 0.00032958704 | I65: =SUMIFS(데이터_품목별!$G$3:$G$1828,데이터_품목별!$D$3:$D$1828,$A65,데이터_품목별!$B$3:$B$1828,2025,데이터_품목별!$C$3:$C$1828,"<=7") -> 1506842 | J65: =SUMIFS(데이터_품목별!$G$3:$G$1828,데이터_품목별!$D$3:$D$1828,$A65,데이터_품목별!$B$3:$B$1828,2026,데이터_품목별!$C$3:$C$1828,"<=7") -> 1766843 | K65: =IFERROR(J65/I65-1,"-") -> 0.17254696 | L65: =C65-I65 -> -1274477 | M65: =D65-J65 -> -1570718 | N65: =M65-L65 -> -296241
A66: 16 | B66: =IFERROR(INDEX(데이터_품목별!$E$3:$E$1828,MATCH($A66,데이터_품목별!$D$3:$D$1828,0)),"") -> 육류ㆍ어류ㆍ갑각류ㆍ연체동물이나 그 밖의 수생(水生) 무척추동물 또는 곤충의 조제품 | C66: =SUMIFS(데이터_품목별!$F$3:$F$1828,데이터_품목별!$D$3:$D$1828,$A66,데이터_품목별!$B$3:$B$1828,2025,데이터_품목별!$C$3:$C$1828,"<=7") -> 184168 | D66: =SUMIFS(데이터_품목별!$F$3:$F$1828,데이터_품목별!$D$3:$D$1828,$A66,데이터_품목별!$B$3:$B$1828,2026,데이터_품목별!$C$3:$C$1828,"<=7") -> 195687 | E66: =D66-C66 -> 11519 | F66: =IFERROR(D66/C66-1,"-") -> 0.062546154 | G66: =IFERROR(E66/(분석2_월별추이!E28-분석2_월별추이!E27),"-") -> 5.7689015e-05 | H66: =IFERROR(D66/분석2_월별추이!E28,"-") -> 0.00032885099 | I66: =SUMIFS(데이터_품목별!$G$3:$G$1828,데이터_품목별!$D$3:$D$1828,$A66,데이터_품목별!$B$3:$B$1828,2025,데이터_품목별!$C$3:$C$1828,"<=7") -> 632300 | J66: =SUMIFS(데이터_품목별!$G$3:$G$1828,데이터_품목별!$D$3:$D$1828,$A66,데이터_품목별!$B$3:$B$1828,2026,데이터_품목별!$C$3:$C$1828,"<=7") -> 592988 | K66: =IFERROR(J66/I66-1,"-") -> -0.062173019 | L66: =C66-I66 -> -448132 | M66: =D66-J66 -> -397301 | N66: =M66-L66 -> 50831
A67: 75 | B67: =IFERROR(INDEX(데이터_품목별!$E$3:$E$1828,MATCH($A67,데이터_품목별!$D$3:$D$1828,0)),"") -> 니켈과 그 제품 | C67: =SUMIFS(데이터_품목별!$F$3:$F$1828,데이터_품목별!$D$3:$D$1828,$A67,데이터_품목별!$B$3:$B$1828,2025,데이터_품목별!$C$3:$C$1828,"<=7") -> 127915 | D67: =SUMIFS(데이터_품목별!$F$3:$F$1828,데이터_품목별!$D$3:$D$1828,$A67,데이터_품목별!$B$3:$B$1828,2026,데이터_품목별!$C$3:$C$1828,"<=7") -> 179843 | E67: =D67-C67 -> 51928 | F67: =IFERROR(D67/C67-1,"-") -> 0.40595708 | G67: =IFERROR(E67/(분석2_월별추이!E28-분석2_월별추이!E27),"-") -> 0.00026006382 | H67: =IFERROR(D67/분석2_월별추이!E28,"-") -> 0.00030222523 | I67: =SUMIFS(데이터_품목별!$G$3:$G$1828,데이터_품목별!$D$3:$D$1828,$A67,데이터_품목별!$B$3:$B$1828,2025,데이터_품목별!$C$3:$C$1828,"<=7") -> 831251 | J67: =SUMIFS(데이터_품목별!$G$3:$G$1828,데이터_품목별!$D$3:$D$1828,$A67,데이터_품목별!$B$3:$B$1828,2026,데이터_품목별!$C$3:$C$1828,"<=7") -> 838506 | K67: =IFERROR(J67/I67-1,"-") -> 0.008727809 | L67: =C67-I67 -> -703336 | M67: =D67-J67 -> -658663 | N67: =M67-L67 -> 44673
A68: 52 | B68: =IFERROR(INDEX(데이터_품목별!$E$3:$E$1828,MATCH($A68,데이터_품목별!$D$3:$D$1828,0)),"") -> 면 | C68: =SUMIFS(데이터_품목별!$F$3:$F$1828,데이터_품목별!$D$3:$D$1828,$A68,데이터_품목별!$B$3:$B$1828,2025,데이터_품목별!$C$3:$C$1828,"<=7") -> 164487 | D68: =SUMIFS(데이터_품목별!$F$3:$F$1828,데이터_품목별!$D$3:$D$1828,$A68,데이터_품목별!$B$3:$B$1828,2026,데이터_품목별!$C$3:$C$1828,"<=7") -> 163556 | E68: =D68-C68 -> -931 | F68: =IFERROR(D68/C68-1,"-") -> -0.0056600218 | G68: =IFERROR(E68/(분석2_월별추이!E28-분석2_월별추이!E27),"-") -> -4.6625986e-06 | H68: =IFERROR(D68/분석2_월별추이!E28,"-") -> 0.00027485501 | I68: =SUMIFS(데이터_품목별!$G$3:$G$1828,데이터_품목별!$D$3:$D$1828,$A68,데이터_품목별!$B$3:$B$1828,2025,데이터_품목별!$C$3:$C$1828,"<=7") -> 426616 | J68: =SUMIFS(데이터_품목별!$G$3:$G$1828,데이터_품목별!$D$3:$D$1828,$A68,데이터_품목별!$B$3:$B$1828,2026,데이터_품목별!$C$3:$C$1828,"<=7") -> 402430 | K68: =IFERROR(J68/I68-1,"-") -> -0.05669267 | L68: =C68-I68 -> -262129 | M68: =D68-J68 -> -238874 | N68: =M68-L68 -> 23255
A69: 41 | B69: =IFERROR(INDEX(데이터_품목별!$E$3:$E$1828,MATCH($A69,데이터_품목별!$D$3:$D$1828,0)),"") -> 원피(모피는 제외한다)와 가죽 | C69: =SUMIFS(데이터_품목별!$F$3:$F$1828,데이터_품목별!$D$3:$D$1828,$A69,데이터_품목별!$B$3:$B$1828,2025,데이터_품목별!$C$3:$C$1828,"<=7") -> 164375 | D69: =SUMIFS(데이터_품목별!$F$3:$F$1828,데이터_품목별!$D$3:$D$1828,$A69,데이터_품목별!$B$3:$B$1828,2026,데이터_품목별!$C$3:$C$1828,"<=7") -> 158742 | E69: =D69-C69 -> -5633 | F69: =IFERROR(D69/C69-1,"-") -> -0.034269202 | G69: =IFERROR(E69/(분석2_월별추이!E28-분석2_월별추이!E27),"-") -> -2.8210975e-05 | H69: =IFERROR(D69/분석2_월별추이!E28,"-") -> 0.00026676511 | I69: =SUMIFS(데이터_품목별!$G$3:$G$1828,데이터_품목별!$D$3:$D$1828,$A69,데이터_품목별!$B$3:$B$1828,2025,데이터_품목별!$C$3:$C$1828,"<=7") -> 144284 | J69: =SUMIFS(데이터_품목별!$G$3:$G$1828,데이터_품목별!$D$3:$D$1828,$A69,데이터_품목별!$B$3:$B$1828,2026,데이터_품목별!$C$3:$C$1828,"<=7") -> 137154 | K69: =IFERROR(J69/I69-1,"-") -> -0.049416429 | L69: =C69-I69 -> 20091 | M69: =D69-J69 -> 21588 | N69: =M69-L69 -> 1497
A70: 17 | B70: =IFERROR(INDEX(데이터_품목별!$E$3:$E$1828,MATCH($A70,데이터_품목별!$D$3:$D$1828,0)),"") -> 당류(糖類)와 설탕과자 | C70: =SUMIFS(데이터_품목별!$F$3:$F$1828,데이터_품목별!$D$3:$D$1828,$A70,데이터_품목별!$B$3:$B$1828,2025,데이터_품목별!$C$3:$C$1828,"<=7") -> 169215 | D70: =SUMIFS(데이터_품목별!$F$3:$F$1828,데이터_품목별!$D$3:$D$1828,$A70,데이터_품목별!$B$3:$B$1828,2026,데이터_품목별!$C$3:$C$1828,"<=7") -> 149139 | E70: =D70-C70 -> -20076 | F70: =IFERROR(D70/C70-1,"-") -> -0.11864196 | G70: =IFERROR(E70/(분석2_월별추이!E28-분석2_월별추이!E27),"-") -> -0.00010054386 | H70: =IFERROR(D70/분석2_월별추이!E28,"-") -> 0.00025062731 | I70: =SUMIFS(데이터_품목별!$G$3:$G$1828,데이터_품목별!$D$3:$D$1828,$A70,데이터_품목별!$B$3:$B$1828,2025,데이터_품목별!$C$3:$C$1828,"<=7") -> 845234 | J70: =SUMIFS(데이터_품목별!$G$3:$G$1828,데이터_품목별!$D$3:$D$1828,$A70,데이터_품목별!$B$3:$B$1828,2026,데이터_품목별!$C$3:$C$1828,"<=7") -> 739962 | K70: =IFERROR(J70/I70-1,"-") -> -0.12454776 | L70: =C70-I70 -> -676019 | M70: =D70-J70 -> -590823 | N70: =M70-L70 -> 85196
A71: 97 | B71: =IFERROR(INDEX(데이터_품목별!$E$3:$E$1828,MATCH($A71,데이터_품목별!$D$3:$D$1828,0)),"") -> 예술품ㆍ수집품ㆍ골동품 | C71: =SUMIFS(데이터_품목별!$F$3:$F$1828,데이터_품목별!$D$3:$D$1828,$A71,데이터_품목별!$B$3:$B$1828,2025,데이터_품목별!$C$3:$C$1828,"<=7") -> 179377 | D71: =SUMIFS(데이터_품목별!$F$3:$F$1828,데이터_품목별!$D$3:$D$1828,$A71,데이터_품목별!$B$3:$B$1828,2026,데이터_품목별!$C$3:$C$1828,"<=7") -> 130868 | E71: =D71-C71 -> -48509 | F71: =IFERROR(D71/C71-1,"-") -> -0.27043043 | G71: =IFERROR(E71/(분석2_월별추이!E28-분석2_월별추이!E27),"-") -> -0.00024294092 | H71: =IFERROR(D71/분석2_월별추이!E28,"-") -> 0.00021992299 | I71: =SUMIFS(데이터_품목별!$G$3:$G$1828,데이터_품목별!$D$3:$D$1828,$A71,데이터_품목별!$B$3:$B$1828,2025,데이터_품목별!$C$3:$C$1828,"<=7") -> 213407 | J71: =SUMIFS(데이터_품목별!$G$3:$G$1828,데이터_품목별!$D$3:$D$1828,$A71,데이터_품목별!$B$3:$B$1828,2026,데이터_품목별!$C$3:$C$1828,"<=7") -> 194888 | K71: =IFERROR(J71/I71-1,"-") -> -0.086777847 | L71: =C71-I71 -> -34030 | M71: =D71-J71 -> -64020 | N71: =M71-L71 -> -29990
A72: 91 | B72: =IFERROR(INDEX(데이터_품목별!$E$3:$E$1828,MATCH($A72,데이터_품목별!$D$3:$D$1828,0)),"") -> 시계와 그 부분품 | C72: =SUMIFS(데이터_품목별!$F$3:$F$1828,데이터_품목별!$D$3:$D$1828,$A72,데이터_품목별!$B$3:$B$1828,2025,데이터_품목별!$C$3:$C$1828,"<=7") -> 216364 | D72: =SUMIFS(데이터_품목별!$F$3:$F$1828,데이터_품목별!$D$3:$D$1828,$A72,데이터_품목별!$B$3:$B$1828,2026,데이터_품목별!$C$3:$C$1828,"<=7") -> 126024 | E72: =D72-C72 -> -90340 | F72: =IFERROR(D72/C72-1,"-") -> -0.41753711 | G72: =IFERROR(E72/(분석2_월별추이!E28-분석2_월별추이!E27),"-") -> -0.00045243733 | H72: =IFERROR(D72/분석2_월별추이!E28,"-") -> 0.00021178268 | I72: =SUMIFS(데이터_품목별!$G$3:$G$1828,데이터_품목별!$D$3:$D$1828,$A72,데이터_품목별!$B$3:$B$1828,2025,데이터_품목별!$C$3:$C$1828,"<=7") -> 637929 | J72: =SUMIFS(데이터_품목별!$G$3:$G$1828,데이터_품목별!$D$3:$D$1828,$A72,데이터_품목별!$B$3:$B$1828,2026,데이터_품목별!$C$3:$C$1828,"<=7") -> 714714 | K72: =IFERROR(J72/I72-1,"-") -> 0.12036606 | L72: =C72-I72 -> -421565 | M72: =D72-J72 -> -588690 | N72: =M72-L72 -> -167125
A73: 58 | B73: =IFERROR(INDEX(데이터_품목별!$E$3:$E$1828,MATCH($A73,데이터_품목별!$D$3:$D$1828,0)),"") -> 특수직물, 터프트(tuft)한 직물, 레이스, 태피스트리(tapestry), 트리밍(trimming), 자수천 | C73: =SUMIFS(데이터_품목별!$F$3:$F$1828,데이터_품목별!$D$3:$D$1828,$A73,데이터_품목별!$B$3:$B$1828,2025,데이터_품목별!$C$3:$C$1828,"<=7") -> 108448 | D73: =SUMIFS(데이터_품목별!$F$3:$F$1828,데이터_품목별!$D$3:$D$1828,$A73,데이터_품목별!$B$3:$B$1828,2026,데이터_품목별!$C$3:$C$1828,"<=7") -> 107017 | E73: =D73-C73 -> -1431 | F73: =IFERROR(D73/C73-1,"-") -> -0.013195264 | G73: =IFERROR(E73/(분석2_월별추이!E28-분석2_월별추이!E27),"-") -> -7.1666795e-06 | H73: =IFERROR(D73/분석2_월별추이!E28,"-") -> 0.00017984151 | I73: =SUMIFS(데이터_품목별!$G$3:$G$1828,데이터_품목별!$D$3:$D$1828,$A73,데이터_품목별!$B$3:$B$1828,2025,데이터_품목별!$C$3:$C$1828,"<=7") -> 44549 | J73: =SUMIFS(데이터_품목별!$G$3:$G$1828,데이터_품목별!$D$3:$D$1828,$A73,데이터_품목별!$B$3:$B$1828,2026,데이터_품목별!$C$3:$C$1828,"<=7") -> 46389 | K73: =IFERROR(J73/I73-1,"-") -> 0.041302835 | L73: =C73-I73 -> 63899 | M73: =D73-J73 -> 60628 | N73: =M73-L73 -> -3271
A74: 08 | B74: =IFERROR(INDEX(데이터_품목별!$E$3:$E$1828,MATCH($A74,데이터_품목별!$D$3:$D$1828,0)),"") -> 식용의 과실과 견과류, 감귤류ㆍ멜론의 껍질 | C74: =SUMIFS(데이터_품목별!$F$3:$F$1828,데이터_품목별!$D$3:$D$1828,$A74,데이터_품목별!$B$3:$B$1828,2025,데이터_품목별!$C$3:$C$1828,"<=7") -> 87216 | D74: =SUMIFS(데이터_품목별!$F$3:$F$1828,데이터_품목별!$D$3:$D$1828,$A74,데이터_품목별!$B$3:$B$1828,2026,데이터_품목별!$C$3:$C$1828,"<=7") -> 106289 | E74: =D74-C74 -> 19073 | F74: =IFERROR(D74/C74-1,"-") -> 0.21868694 | G74: =IFERROR(E74/(분석2_월별추이!E28-분석2_월별추이!E27),"-") -> 9.5520669e-05 | H74: =IFERROR(D74/분석2_월별추이!E28,"-") -> 0.00017861811 | I74: =SUMIFS(데이터_품목별!$G$3:$G$1828,데이터_품목별!$D$3:$D$1828,$A74,데이터_품목별!$B$3:$B$1828,2025,데이터_품목별!$C$3:$C$1828,"<=7") -> 1406500 | J74: =SUMIFS(데이터_품목별!$G$3:$G$1828,데이터_품목별!$D$3:$D$1828,$A74,데이터_품목별!$B$3:$B$1828,2026,데이터_품목별!$C$3:$C$1828,"<=7") -> 1285466 | K74: =IFERROR(J74/I74-1,"-") -> -0.086053324 | L74: =C74-I74 -> -1319284 | M74: =D74-J74 -> -1179177 | N74: =M74-L74 -> 140107
A75: 65 | B75: =IFERROR(INDEX(데이터_품목별!$E$3:$E$1828,MATCH($A75,데이터_품목별!$D$3:$D$1828,0)),"") -> 모자류와 그 부분품 | C75: =SUMIFS(데이터_품목별!$F$3:$F$1828,데이터_품목별!$D$3:$D$1828,$A75,데이터_품목별!$B$3:$B$1828,2025,데이터_품목별!$C$3:$C$1828,"<=7") -> 65309 | D75: =SUMIFS(데이터_품목별!$F$3:$F$1828,데이터_품목별!$D$3:$D$1828,$A75,데이터_품목별!$B$3:$B$1828,2026,데이터_품목별!$C$3:$C$1828,"<=7") -> 77335 | E75: =D75-C75 -> 12026 | F75: =IFERROR(D75/C75-1,"-") -> 0.18414001 | G75: =IFERROR(E75/(분석2_월별추이!E28-분석2_월별추이!E27),"-") -> 6.0228153e-05 | H75: =IFERROR(D75/분석2_월별추이!E28,"-") -> 0.00012996107 | I75: =SUMIFS(데이터_품목별!$G$3:$G$1828,데이터_품목별!$D$3:$D$1828,$A75,데이터_품목별!$B$3:$B$1828,2025,데이터_품목별!$C$3:$C$1828,"<=7") -> 180478 | J75: =SUMIFS(데이터_품목별!$G$3:$G$1828,데이터_품목별!$D$3:$D$1828,$A75,데이터_품목별!$B$3:$B$1828,2026,데이터_품목별!$C$3:$C$1828,"<=7") -> 186129 | K75: =IFERROR(J75/I75-1,"-") -> 0.031311296 | L75: =C75-I75 -> -115169 | M75: =D75-J75 -> -108794 | N75: =M75-L75 -> 6375
A76: 47 | B76: =IFERROR(INDEX(데이터_품목별!$E$3:$E$1828,MATCH($A76,데이터_품목별!$D$3:$D$1828,0)),"") -> 목재나 그 밖의 섬유질 셀룰로오스재료의 펄프, 회수한 종이ㆍ판지[웨이스트(waste)와 스크랩(scrap)] | C76: =SUMIFS(데이터_품목별!$F$3:$F$1828,데이터_품목별!$D$3:$D$1828,$A76,데이터_품목별!$B$3:$B$1828,2025,데이터_품목별!$C$3:$C$1828,"<=7") -> 57328 | D76: =SUMIFS(데이터_품목별!$F$3:$F$1828,데이터_품목별!$D$3:$D$1828,$A76,데이터_품목별!$B$3:$B$1828,2026,데이터_품목별!$C$3:$C$1828,"<=7") -> 68566 | E76: =D76-C76 -> 11238 | F76: =IFERROR(D76/C76-1,"-") -> 0.19602986 | G76: =IFERROR(E76/(분석2_월별추이!E28-분석2_월별추이!E27),"-") -> 5.6281722e-05 | H76: =IFERROR(D76/분석2_월별추이!E28,"-") -> 0.00011522481 | I76: =SUMIFS(데이터_품목별!$G$3:$G$1828,데이터_품목별!$D$3:$D$1828,$A76,데이터_품목별!$B$3:$B$1828,2025,데이터_품목별!$C$3:$C$1828,"<=7") -> 873878 | J76: =SUMIFS(데이터_품목별!$G$3:$G$1828,데이터_품목별!$D$3:$D$1828,$A76,데이터_품목별!$B$3:$B$1828,2026,데이터_품목별!$C$3:$C$1828,"<=7") -> 781746 | K76: =IFERROR(J76/I76-1,"-") -> -0.1054289 | L76: =C76-I76 -> -816550 | M76: =D76-J76 -> -713180 | N76: =M76-L76 -> 103370
A77: 80 | B77: =IFERROR(INDEX(데이터_품목별!$E$3:$E$1828,MATCH($A77,데이터_품목별!$D$3:$D$1828,0)),"") -> 주석과 그 제품 | C77: =SUMIFS(데이터_품목별!$F$3:$F$1828,데이터_품목별!$D$3:$D$1828,$A77,데이터_품목별!$B$3:$B$1828,2025,데이터_품목별!$C$3:$C$1828,"<=7") -> 50747 | D77: =SUMIFS(데이터_품목별!$F$3:$F$1828,데이터_품목별!$D$3:$D$1828,$A77,데이터_품목별!$B$3:$B$1828,2026,데이터_품목별!$C$3:$C$1828,"<=7") -> 67519 | E77: =D77-C77 -> 16772 | F77: =IFERROR(D77/C77-1,"-") -> 0.3305023 | G77: =IFERROR(E77/(분석2_월별추이!E28-분석2_월별추이!E27),"-") -> 8.3996889e-05 | H77: =IFERROR(D77/분석2_월별추이!E28,"-") -> 0.00011346533 | I77: =SUMIFS(데이터_품목별!$G$3:$G$1828,데이터_품목별!$D$3:$D$1828,$A77,데이터_품목별!$B$3:$B$1828,2025,데이터_품목별!$C$3:$C$1828,"<=7") -> 310368 | J77: =SUMIFS(데이터_품목별!$G$3:$G$1828,데이터_품목별!$D$3:$D$1828,$A77,데이터_품목별!$B$3:$B$1828,2026,데이터_품목별!$C$3:$C$1828,"<=7") -> 401624 | K77: =IFERROR(J77/I77-1,"-") -> 0.29402516 | L77: =C77-I77 -> -259621 | M77: =D77-J77 -> -334105 | N77: =M77-L77 -> -74484
A78: 07 | B78: =IFERROR(INDEX(데이터_품목별!$E$3:$E$1828,MATCH($A78,데이터_품목별!$D$3:$D$1828,0)),"") -> 식용의 채소ㆍ뿌리ㆍ괴경(塊莖) | C78: =SUMIFS(데이터_품목별!$F$3:$F$1828,데이터_품목별!$D$3:$D$1828,$A78,데이터_품목별!$B$3:$B$1828,2025,데이터_품목별!$C$3:$C$1828,"<=7") -> 65319 | D78: =SUMIFS(데이터_품목별!$F$3:$F$1828,데이터_품목별!$D$3:$D$1828,$A78,데이터_품목별!$B$3:$B$1828,2026,데이터_품목별!$C$3:$C$1828,"<=7") -> 65742 | E78: =D78-C78 -> 423 | F78: =IFERROR(D78/C78-1,"-") -> 0.0064759105 | G78: =IFERROR(E78/(분석2_월별추이!E28-분석2_월별추이!E27),"-") -> 2.1184524e-06 | H78: =IFERROR(D78/분석2_월별추이!E28,"-") -> 0.00011047909 | I78: =SUMIFS(데이터_품목별!$G$3:$G$1828,데이터_품목별!$D$3:$D$1828,$A78,데이터_품목별!$B$3:$B$1828,2025,데이터_품목별!$C$3:$C$1828,"<=7") -> 488233 | J78: =SUMIFS(데이터_품목별!$G$3:$G$1828,데이터_품목별!$D$3:$D$1828,$A78,데이터_품목별!$B$3:$B$1828,2026,데이터_품목별!$C$3:$C$1828,"<=7") -> 411974 | K78: =IFERROR(J78/I78-1,"-") -> -0.15619387 | L78: =C78-I78 -> -422914 | M78: =D78-J78 -> -346232 | N78: =M78-L78 -> 76682
A79: 92 | B79: =IFERROR(INDEX(데이터_품목별!$E$3:$E$1828,MATCH($A79,데이터_품목별!$D$3:$D$1828,0)),"") -> 악기와 그 부분품과 부속품 | C79: =SUMIFS(데이터_품목별!$F$3:$F$1828,데이터_품목별!$D$3:$D$1828,$A79,데이터_품목별!$B$3:$B$1828,2025,데이터_품목별!$C$3:$C$1828,"<=7") -> 64821 | D79: =SUMIFS(데이터_품목별!$F$3:$F$1828,데이터_품목별!$D$3:$D$1828,$A79,데이터_품목별!$B$3:$B$1828,2026,데이터_품목별!$C$3:$C$1828,"<=7") -> 58388 | E79: =D79-C79 -> -6433 | F79: =IFERROR(D79/C79-1,"-") -> -0.099242529 | G79: =IFERROR(E79/(분석2_월별추이!E28-분석2_월별추이!E27),"-") -> -3.2217505e-05 | H79: =IFERROR(D79/분석2_월별추이!E28,"-") -> 9.812073e-05 | I79: =SUMIFS(데이터_품목별!$G$3:$G$1828,데이터_품목별!$D$3:$D$1828,$A79,데이터_품목별!$B$3:$B$1828,2025,데이터_품목별!$C$3:$C$1828,"<=7") -> 110862 | J79: =SUMIFS(데이터_품목별!$G$3:$G$1828,데이터_품목별!$D$3:$D$1828,$A79,데이터_품목별!$B$3:$B$1828,2026,데이터_품목별!$C$3:$C$1828,"<=7") -> 99634 | K79: =IFERROR(J79/I79-1,"-") -> -0.10127907 | L79: =C79-I79 -> -46041 | M79: =D79-J79 -> -41246 | N79: =M79-L79 -> 4795
A80: 13 | B80: =IFERROR(INDEX(데이터_품목별!$E$3:$E$1828,MATCH($A80,데이터_품목별!$D$3:$D$1828,0)),"") -> 락(lac), 검ㆍ수지ㆍ그 밖의 식물성 수액과 추출물(extract) | C80: =SUMIFS(데이터_품목별!$F$3:$F$1828,데이터_품목별!$D$3:$D$1828,$A80,데이터_품목별!$B$3:$B$1828,2025,데이터_품목별!$C$3:$C$1828,"<=7") -> 58563 | D80: =SUMIFS(데이터_품목별!$F$3:$F$1828,데이터_품목별!$D$3:$D$1828,$A80,데이터_품목별!$B$3:$B$1828,2026,데이터_품목별!$C$3:$C$1828,"<=7") -> 53683 | E80: =D80-C80 -> -4880 | F80: =IFERROR(D80/C80-1,"-") -> -0.083329064 | G80: =IFERROR(E80/(분석2_월별추이!E28-분석2_월별추이!E27),"-") -> -2.4439829e-05 | H80: =IFERROR(D80/분석2_월별추이!E28,"-") -> 9.0214002e-05 | I80: =SUMIFS(데이터_품목별!$G$3:$G$1828,데이터_품목별!$D$3:$D$1828,$A80,데이터_품목별!$B$3:$B$1828,2025,데이터_품목별!$C$3:$C$1828,"<=7") -> 194674 | J80: =SUMIFS(데이터_품목별!$G$3:$G$1828,데이터_품목별!$D$3:$D$1828,$A80,데이터_품목별!$B$3:$B$1828,2026,데이터_품목별!$C$3:$C$1828,"<=7") -> 211596 | K80: =IFERROR(J80/I80-1,"-") -> 0.086924808 | L80: =C80-I80 -> -136111 | M80: =D80-J80 -> -157913 | N80: =M80-L80 -> -21802
